stratum,comparison,candidate,baseline,mission_id,planner_id,metric,preferred_direction,candidate_value,baseline_value,delta_candidate_minus_baseline,relative_delta_percent,favorable
controller_comparison,M6_GP_ENHANCED_ENMPC_ROBUST_TRACKING_030_MINUS_C0_CASCADED_PID,M6_GP_ENHANCED_ENMPC_ROBUST_TRACKING_030,C0_CASCADED_PID,MU_CAMBRIDGE_MA_01,P_DIST_FIXED,service_corrected_mission_time_s,lower,601.1079999996805,622.3867980061933,-21.27879800651283,-3.4189025337104093,1
controller_comparison,M6_GP_ENHANCED_ENMPC_ROBUST_TRACKING_030_MINUS_C0_CASCADED_PID,M6_GP_ENHANCED_ENMPC_ROBUST_TRACKING_030,C0_CASCADED_PID,MU_CAMBRIDGE_MA_01,P_DIST_FIXED,service_corrected_modeled_energy_j,lower,709597.9482928197,734489.3537565918,-24891.405463772127,-3.3889402666578454,1
controller_comparison,M6_GP_ENHANCED_ENMPC_ROBUST_TRACKING_030_MINUS_C0_CASCADED_PID,M6_GP_ENHANCED_ENMPC_ROBUST_TRACKING_030,C0_CASCADED_PID,MU_CAMBRIDGE_MA_01,P_DIST_FIXED,flight_time_s,lower,489.1399999996805,510.4187980061933,-21.278798006512773,-4.168889956567504,1
controller_comparison,M6_GP_ENHANCED_ENMPC_ROBUST_TRACKING_030_MINUS_C0_CASCADED_PID,M6_GP_ENHANCED_ENMPC_ROBUST_TRACKING_030,C0_CASCADED_PID,MU_CAMBRIDGE_MA_01,P_DIST_FIXED,service_time_s,lower,111.968,111.96800000000002,-1.4210854715202004e-14,-1.2691889392685412e-14,1
controller_comparison,M6_GP_ENHANCED_ENMPC_ROBUST_TRACKING_030_MINUS_C0_CASCADED_PID,M6_GP_ENHANCED_ENMPC_ROBUST_TRACKING_030,C0_CASCADED_PID,MU_CAMBRIDGE_MA_01,P_DIST_FIXED,flight_controller_sensitive_energy_j,lower,604433.5096512033,629324.9151149754,-24891.405463772127,-3.9552550464690497,1
controller_comparison,M6_GP_ENHANCED_ENMPC_ROBUST_TRACKING_030_MINUS_C0_CASCADED_PID,M6_GP_ENHANCED_ENMPC_ROBUST_TRACKING_030,C0_CASCADED_PID,MU_CAMBRIDGE_MA_01,P_DIST_FIXED,service_energy_j,lower,105164.43864161639,105164.43864161639,0.0,0.0,0
controller_comparison,M6_GP_ENHANCED_ENMPC_ROBUST_TRACKING_030_MINUS_C0_CASCADED_PID,M6_GP_ENHANCED_ENMPC_ROBUST_TRACKING_030,C0_CASCADED_PID,MU_CAMBRIDGE_MA_01,P_DIST_FIXED,position_rms_m,lower,0.15864834861809868,0.3111909404633478,-0.1525425918452491,-49.01896938841497,1
controller_comparison,M6_GP_ENHANCED_ENMPC_ROBUST_TRACKING_030_MINUS_C0_CASCADED_PID,M6_GP_ENHANCED_ENMPC_ROBUST_TRACKING_030,C0_CASCADED_PID,MU_CAMBRIDGE_MA_01,P_DIST_FIXED,position_p95_m,lower,0.21189780522358173,0.4367719977881883,-0.22487419256460658,-51.48548755491849,1
controller_comparison,M6_GP_ENHANCED_ENMPC_ROBUST_TRACKING_030_MINUS_C0_CASCADED_PID,M6_GP_ENHANCED_ENMPC_ROBUST_TRACKING_030,C0_CASCADED_PID,MU_CAMBRIDGE_MA_01,P_DIST_FIXED,position_max_m,lower,0.29355945677213674,0.6500608392418736,-0.3565013824697369,-54.84123345831795,1
controller_comparison,M6_GP_ENHANCED_ENMPC_ROBUST_TRACKING_030_MINUS_C0_CASCADED_PID,M6_GP_ENHANCED_ENMPC_ROBUST_TRACKING_030,C0_CASCADED_PID,MU_CAMBRIDGE_MA_01,P_DIST_FIXED,vertical_p95_error_m,lower,0.033328915039485096,0.2670327715483438,-0.23370385650885872,-87.51879222679932,1
controller_comparison,M6_GP_ENHANCED_ENMPC_ROBUST_TRACKING_030_MINUS_C0_CASCADED_PID,M6_GP_ENHANCED_ENMPC_ROBUST_TRACKING_030,C0_CASCADED_PID,MU_CAMBRIDGE_MA_01,P_DIST_FIXED,attitude_p95_rad,lower,0.024717069192215918,0.030431910468438104,-0.005714841276222186,-18.779107812338065,1
controller_comparison,M6_GP_ENHANCED_ENMPC_ROBUST_TRACKING_030_MINUS_C0_CASCADED_PID,M6_GP_ENHANCED_ENMPC_ROBUST_TRACKING_030,C0_CASCADED_PID,MU_CAMBRIDGE_MA_01,P_DIST_FIXED,acceleration_p95_mps2,lower,1.091918217970648,1.0922501569735164,-0.00033193900286843103,-0.030390382711245473,1
controller_comparison,M6_GP_ENHANCED_ENMPC_ROBUST_TRACKING_030_MINUS_C0_CASCADED_PID,M6_GP_ENHANCED_ENMPC_ROBUST_TRACKING_030,C0_CASCADED_PID,MU_CAMBRIDGE_MA_01,P_DIST_FIXED,acceleration_max_mps2,lower,1.6599460799687762,1.7410529698991093,-0.0811068899303331,-4.658496400315327,1
controller_comparison,M6_GP_ENHANCED_ENMPC_ROBUST_TRACKING_030_MINUS_C0_CASCADED_PID,M6_GP_ENHANCED_ENMPC_ROBUST_TRACKING_030,C0_CASCADED_PID,MU_CAMBRIDGE_MA_01,P_DIST_FIXED,jerk_p95_mps3,lower,0.6533688940936362,0.4853390233868529,0.16802987070678327,34.621133395418404,0
controller_comparison,M6_GP_ENHANCED_ENMPC_ROBUST_TRACKING_030_MINUS_C0_CASCADED_PID,M6_GP_ENHANCED_ENMPC_ROBUST_TRACKING_030,C0_CASCADED_PID,MU_CAMBRIDGE_MA_01,P_DIST_FIXED,jerk_max_mps3,lower,4.861933846486981,1.6399873540936452,3.2219464923933354,196.46166687510683,0
controller_comparison,M6_GP_ENHANCED_ENMPC_ROBUST_TRACKING_030_MINUS_C0_CASCADED_PID,M6_GP_ENHANCED_ENMPC_ROBUST_TRACKING_030,C0_CASCADED_PID,MU_CAMBRIDGE_MA_01,P_DIST_FIXED,robust_compensation_p95_mps2,lower,0.2797329964941522,0.0,0.2797329964941522,,0
controller_comparison,M6_GP_ENHANCED_ENMPC_ROBUST_TRACKING_030_MINUS_C0_CASCADED_PID,M6_GP_ENHANCED_ENMPC_ROBUST_TRACKING_030,C0_CASCADED_PID,MU_CAMBRIDGE_MA_01,P_DIST_FIXED,rotor_command_total_variation_n,lower,2246.963253181582,260.148563861529,1986.8146893200528,763.7231049169227,0
controller_comparison,M6_GP_ENHANCED_ENMPC_ROBUST_TRACKING_030_MINUS_C0_CASCADED_PID,M6_GP_ENHANCED_ENMPC_ROBUST_TRACKING_030,C0_CASCADED_PID,MU_CAMBRIDGE_MA_01,P_DIST_FIXED,minimum_per_rotor_margin_n,higher,8.025827106664327,12.074697870673337,-4.04887076400901,-33.53185982270236,0
controller_comparison,M6_GP_ENHANCED_ENMPC_ROBUST_TRACKING_030_MINUS_C0_CASCADED_PID,M6_GP_ENHANCED_ENMPC_ROBUST_TRACKING_030,C0_CASCADED_PID,MU_CAMBRIDGE_MA_01,P_DIST_FIXED,solver_deadline_miss_count,lower,0.0,0.0,0.0,,0
controller_comparison,M6_GP_ENHANCED_ENMPC_ROBUST_TRACKING_030_MINUS_C0_CASCADED_PID,M6_GP_ENHANCED_ENMPC_ROBUST_TRACKING_030,C0_CASCADED_PID,MU_CAMBRIDGE_MA_01,P_ENERGY_WIND_PAYLOAD,service_corrected_mission_time_s,lower,597.3179999996637,618.6048230214662,-21.286823021802547,-3.4411020136944312,1
controller_comparison,M6_GP_ENHANCED_ENMPC_ROBUST_TRACKING_030_MINUS_C0_CASCADED_PID,M6_GP_ENHANCED_ENMPC_ROBUST_TRACKING_030,C0_CASCADED_PID,MU_CAMBRIDGE_MA_01,P_ENERGY_WIND_PAYLOAD,service_corrected_modeled_energy_j,lower,702676.8655332434,727168.0440493979,-24491.178516154527,-3.3680218371217086,1
controller_comparison,M6_GP_ENHANCED_ENMPC_ROBUST_TRACKING_030_MINUS_C0_CASCADED_PID,M6_GP_ENHANCED_ENMPC_ROBUST_TRACKING_030,C0_CASCADED_PID,MU_CAMBRIDGE_MA_01,P_ENERGY_WIND_PAYLOAD,flight_time_s,lower,485.34999999966374,506.63682302146617,-21.286823021802434,-4.201594131048882,1
controller_comparison,M6_GP_ENHANCED_ENMPC_ROBUST_TRACKING_030_MINUS_C0_CASCADED_PID,M6_GP_ENHANCED_ENMPC_ROBUST_TRACKING_030,C0_CASCADED_PID,MU_CAMBRIDGE_MA_01,P_ENERGY_WIND_PAYLOAD,service_time_s,lower,111.968,111.96800000000006,-5.684341886080802e-14,-5.076755757074163e-14,1
controller_comparison,M6_GP_ENHANCED_ENMPC_ROBUST_TRACKING_030_MINUS_C0_CASCADED_PID,M6_GP_ENHANCED_ENMPC_ROBUST_TRACKING_030,C0_CASCADED_PID,MU_CAMBRIDGE_MA_01,P_ENERGY_WIND_PAYLOAD,flight_controller_sensitive_energy_j,lower,595280.2395189939,619771.4180351484,-24491.178516154527,-3.951646978784295,1
controller_comparison,M6_GP_ENHANCED_ENMPC_ROBUST_TRACKING_030_MINUS_C0_CASCADED_PID,M6_GP_ENHANCED_ENMPC_ROBUST_TRACKING_030,C0_CASCADED_PID,MU_CAMBRIDGE_MA_01,P_ENERGY_WIND_PAYLOAD,service_energy_j,lower,107396.62601424947,107396.62601424947,0.0,0.0,0
controller_comparison,M6_GP_ENHANCED_ENMPC_ROBUST_TRACKING_030_MINUS_C0_CASCADED_PID,M6_GP_ENHANCED_ENMPC_ROBUST_TRACKING_030,C0_CASCADED_PID,MU_CAMBRIDGE_MA_01,P_ENERGY_WIND_PAYLOAD,position_rms_m,lower,0.1620385251716138,0.3015786446600497,-0.1395401194884359,-46.26989409204705,1
controller_comparison,M6_GP_ENHANCED_ENMPC_ROBUST_TRACKING_030_MINUS_C0_CASCADED_PID,M6_GP_ENHANCED_ENMPC_ROBUST_TRACKING_030,C0_CASCADED_PID,MU_CAMBRIDGE_MA_01,P_ENERGY_WIND_PAYLOAD,position_p95_m,lower,0.23511604120177063,0.4158105332157552,-0.18069449201398455,-43.45596794206896,1
controller_comparison,M6_GP_ENHANCED_ENMPC_ROBUST_TRACKING_030_MINUS_C0_CASCADED_PID,M6_GP_ENHANCED_ENMPC_ROBUST_TRACKING_030,C0_CASCADED_PID,MU_CAMBRIDGE_MA_01,P_ENERGY_WIND_PAYLOAD,position_max_m,lower,0.2594145925075157,0.47234182151898135,-0.21292722901146566,-45.0790548943397,1
controller_comparison,M6_GP_ENHANCED_ENMPC_ROBUST_TRACKING_030_MINUS_C0_CASCADED_PID,M6_GP_ENHANCED_ENMPC_ROBUST_TRACKING_030,C0_CASCADED_PID,MU_CAMBRIDGE_MA_01,P_ENERGY_WIND_PAYLOAD,vertical_p95_error_m,lower,0.02643405470069915,0.26055943478240273,-0.23412538008170358,-89.85488484699292,1
controller_comparison,M6_GP_ENHANCED_ENMPC_ROBUST_TRACKING_030_MINUS_C0_CASCADED_PID,M6_GP_ENHANCED_ENMPC_ROBUST_TRACKING_030,C0_CASCADED_PID,MU_CAMBRIDGE_MA_01,P_ENERGY_WIND_PAYLOAD,attitude_p95_rad,lower,0.0231541187836344,0.022058481419871503,0.0010956373637628948,4.9669664149041735,0
controller_comparison,M6_GP_ENHANCED_ENMPC_ROBUST_TRACKING_030_MINUS_C0_CASCADED_PID,M6_GP_ENHANCED_ENMPC_ROBUST_TRACKING_030,C0_CASCADED_PID,MU_CAMBRIDGE_MA_01,P_ENERGY_WIND_PAYLOAD,acceleration_p95_mps2,lower,0.8606444890909306,0.8236017766868137,0.03704271240411694,4.497648433097415,0
controller_comparison,M6_GP_ENHANCED_ENMPC_ROBUST_TRACKING_030_MINUS_C0_CASCADED_PID,M6_GP_ENHANCED_ENMPC_ROBUST_TRACKING_030,C0_CASCADED_PID,MU_CAMBRIDGE_MA_01,P_ENERGY_WIND_PAYLOAD,acceleration_max_mps2,lower,1.2766956886450838,1.2400381667598963,0.03665752188518745,2.9561607753550136,0
controller_comparison,M6_GP_ENHANCED_ENMPC_ROBUST_TRACKING_030_MINUS_C0_CASCADED_PID,M6_GP_ENHANCED_ENMPC_ROBUST_TRACKING_030,C0_CASCADED_PID,MU_CAMBRIDGE_MA_01,P_ENERGY_WIND_PAYLOAD,jerk_p95_mps3,lower,0.3966168092729822,0.3305997693266339,0.06601703994634833,19.968870541202115,0
controller_comparison,M6_GP_ENHANCED_ENMPC_ROBUST_TRACKING_030_MINUS_C0_CASCADED_PID,M6_GP_ENHANCED_ENMPC_ROBUST_TRACKING_030,C0_CASCADED_PID,MU_CAMBRIDGE_MA_01,P_ENERGY_WIND_PAYLOAD,jerk_max_mps3,lower,2.8007618090319943,1.4046912874517277,1.3960705215802667,99.38628751039668,0
controller_comparison,M6_GP_ENHANCED_ENMPC_ROBUST_TRACKING_030_MINUS_C0_CASCADED_PID,M6_GP_ENHANCED_ENMPC_ROBUST_TRACKING_030,C0_CASCADED_PID,MU_CAMBRIDGE_MA_01,P_ENERGY_WIND_PAYLOAD,robust_compensation_p95_mps2,lower,0.2855608395719873,0.0,0.2855608395719873,,0
controller_comparison,M6_GP_ENHANCED_ENMPC_ROBUST_TRACKING_030_MINUS_C0_CASCADED_PID,M6_GP_ENHANCED_ENMPC_ROBUST_TRACKING_030,C0_CASCADED_PID,MU_CAMBRIDGE_MA_01,P_ENERGY_WIND_PAYLOAD,rotor_command_total_variation_n,lower,1349.290170637565,241.75786497396066,1107.5323056636043,458.1163495065175,0
controller_comparison,M6_GP_ENHANCED_ENMPC_ROBUST_TRACKING_030_MINUS_C0_CASCADED_PID,M6_GP_ENHANCED_ENMPC_ROBUST_TRACKING_030,C0_CASCADED_PID,MU_CAMBRIDGE_MA_01,P_ENERGY_WIND_PAYLOAD,minimum_per_rotor_margin_n,higher,10.584404421519764,12.278238394864918,-1.6938339733451535,-13.795415261309467,0
controller_comparison,M6_GP_ENHANCED_ENMPC_ROBUST_TRACKING_030_MINUS_C0_CASCADED_PID,M6_GP_ENHANCED_ENMPC_ROBUST_TRACKING_030,C0_CASCADED_PID,MU_CAMBRIDGE_MA_01,P_ENERGY_WIND_PAYLOAD,solver_deadline_miss_count,lower,0.0,0.0,0.0,,0
controller_comparison,M6_GP_ENHANCED_ENMPC_ROBUST_TRACKING_030_MINUS_C0_CASCADED_PID,M6_GP_ENHANCED_ENMPC_ROBUST_TRACKING_030,C0_CASCADED_PID,MU_CAMBRIDGE_MA_02,P_DIST_FIXED,service_corrected_mission_time_s,lower,734.187999999579,755.2384901027585,-21.050490103179527,-2.7872639409990048,1
controller_comparison,M6_GP_ENHANCED_ENMPC_ROBUST_TRACKING_030_MINUS_C0_CASCADED_PID,M6_GP_ENHANCED_ENMPC_ROBUST_TRACKING_030,C0_CASCADED_PID,MU_CAMBRIDGE_MA_02,P_DIST_FIXED,service_corrected_modeled_energy_j,lower,901957.0548662968,926373.2714735328,-24416.216607235954,-2.635678010052943,1
controller_comparison,M6_GP_ENHANCED_ENMPC_ROBUST_TRACKING_030_MINUS_C0_CASCADED_PID,M6_GP_ENHANCED_ENMPC_ROBUST_TRACKING_030,C0_CASCADED_PID,MU_CAMBRIDGE_MA_02,P_DIST_FIXED,flight_time_s,lower,622.219999999579,643.2704901027586,-21.050490103179527,-3.272416569243964,1
controller_comparison,M6_GP_ENHANCED_ENMPC_ROBUST_TRACKING_030_MINUS_C0_CASCADED_PID,M6_GP_ENHANCED_ENMPC_ROBUST_TRACKING_030,C0_CASCADED_PID,MU_CAMBRIDGE_MA_02,P_DIST_FIXED,service_time_s,lower,111.968,111.96799999999999,1.4210854715202004e-14,1.2691889392685415e-14,0
controller_comparison,M6_GP_ENHANCED_ENMPC_ROBUST_TRACKING_030_MINUS_C0_CASCADED_PID,M6_GP_ENHANCED_ENMPC_ROBUST_TRACKING_030,C0_CASCADED_PID,MU_CAMBRIDGE_MA_02,P_DIST_FIXED,flight_controller_sensitive_energy_j,lower,796615.6418081057,821031.8584153417,-24416.216607235954,-2.973845211604972,1
controller_comparison,M6_GP_ENHANCED_ENMPC_ROBUST_TRACKING_030_MINUS_C0_CASCADED_PID,M6_GP_ENHANCED_ENMPC_ROBUST_TRACKING_030,C0_CASCADED_PID,MU_CAMBRIDGE_MA_02,P_DIST_FIXED,service_energy_j,lower,105341.41305819107,105341.41305819107,0.0,0.0,0
controller_comparison,M6_GP_ENHANCED_ENMPC_ROBUST_TRACKING_030_MINUS_C0_CASCADED_PID,M6_GP_ENHANCED_ENMPC_ROBUST_TRACKING_030,C0_CASCADED_PID,MU_CAMBRIDGE_MA_02,P_DIST_FIXED,position_rms_m,lower,0.14161964551335474,0.43331155894139417,-0.29169191342803946,-67.3169010632119,1
controller_comparison,M6_GP_ENHANCED_ENMPC_ROBUST_TRACKING_030_MINUS_C0_CASCADED_PID,M6_GP_ENHANCED_ENMPC_ROBUST_TRACKING_030,C0_CASCADED_PID,MU_CAMBRIDGE_MA_02,P_DIST_FIXED,position_p95_m,lower,0.2320289993042513,0.5566648966191617,-0.32463589731491044,-58.31801130025408,1
controller_comparison,M6_GP_ENHANCED_ENMPC_ROBUST_TRACKING_030_MINUS_C0_CASCADED_PID,M6_GP_ENHANCED_ENMPC_ROBUST_TRACKING_030,C0_CASCADED_PID,MU_CAMBRIDGE_MA_02,P_DIST_FIXED,position_max_m,lower,0.40090347183658026,0.6991808574453846,-0.29827738560880435,-42.66097711808476,1
controller_comparison,M6_GP_ENHANCED_ENMPC_ROBUST_TRACKING_030_MINUS_C0_CASCADED_PID,M6_GP_ENHANCED_ENMPC_ROBUST_TRACKING_030,C0_CASCADED_PID,MU_CAMBRIDGE_MA_02,P_DIST_FIXED,vertical_p95_error_m,lower,0.04171826146819768,0.4250634029854421,-0.3833451415172444,-90.18540265400678,1
controller_comparison,M6_GP_ENHANCED_ENMPC_ROBUST_TRACKING_030_MINUS_C0_CASCADED_PID,M6_GP_ENHANCED_ENMPC_ROBUST_TRACKING_030,C0_CASCADED_PID,MU_CAMBRIDGE_MA_02,P_DIST_FIXED,attitude_p95_rad,lower,0.017831318339086404,0.03217997479023131,-0.014348656451144907,-44.58877467952724,1
controller_comparison,M6_GP_ENHANCED_ENMPC_ROBUST_TRACKING_030_MINUS_C0_CASCADED_PID,M6_GP_ENHANCED_ENMPC_ROBUST_TRACKING_030,C0_CASCADED_PID,MU_CAMBRIDGE_MA_02,P_DIST_FIXED,acceleration_p95_mps2,lower,1.1377719923472378,1.1322756592725456,0.005496333074692217,0.4854235830012854,0
controller_comparison,M6_GP_ENHANCED_ENMPC_ROBUST_TRACKING_030_MINUS_C0_CASCADED_PID,M6_GP_ENHANCED_ENMPC_ROBUST_TRACKING_030,C0_CASCADED_PID,MU_CAMBRIDGE_MA_02,P_DIST_FIXED,acceleration_max_mps2,lower,1.8280950387388741,1.565939239405823,0.2621557993330512,16.741122052253008,0
controller_comparison,M6_GP_ENHANCED_ENMPC_ROBUST_TRACKING_030_MINUS_C0_CASCADED_PID,M6_GP_ENHANCED_ENMPC_ROBUST_TRACKING_030,C0_CASCADED_PID,MU_CAMBRIDGE_MA_02,P_DIST_FIXED,jerk_p95_mps3,lower,0.7640913922679868,0.6469976737123971,0.1170937185555897,18.098012297898944,0
controller_comparison,M6_GP_ENHANCED_ENMPC_ROBUST_TRACKING_030_MINUS_C0_CASCADED_PID,M6_GP_ENHANCED_ENMPC_ROBUST_TRACKING_030,C0_CASCADED_PID,MU_CAMBRIDGE_MA_02,P_DIST_FIXED,jerk_max_mps3,lower,5.104842282435621,2.5806202970682373,2.524221985367384,97.8145443649759,0
controller_comparison,M6_GP_ENHANCED_ENMPC_ROBUST_TRACKING_030_MINUS_C0_CASCADED_PID,M6_GP_ENHANCED_ENMPC_ROBUST_TRACKING_030,C0_CASCADED_PID,MU_CAMBRIDGE_MA_02,P_DIST_FIXED,robust_compensation_p95_mps2,lower,0.49152256899091534,0.0,0.49152256899091534,,0
controller_comparison,M6_GP_ENHANCED_ENMPC_ROBUST_TRACKING_030_MINUS_C0_CASCADED_PID,M6_GP_ENHANCED_ENMPC_ROBUST_TRACKING_030,C0_CASCADED_PID,MU_CAMBRIDGE_MA_02,P_DIST_FIXED,rotor_command_total_variation_n,lower,4430.328304723927,696.5649163404722,3733.763388383455,536.0251859940701,0
controller_comparison,M6_GP_ENHANCED_ENMPC_ROBUST_TRACKING_030_MINUS_C0_CASCADED_PID,M6_GP_ENHANCED_ENMPC_ROBUST_TRACKING_030,C0_CASCADED_PID,MU_CAMBRIDGE_MA_02,P_DIST_FIXED,minimum_per_rotor_margin_n,higher,7.8619305351524,11.875055189181221,-4.013124654028822,-33.7945768680299,0
controller_comparison,M6_GP_ENHANCED_ENMPC_ROBUST_TRACKING_030_MINUS_C0_CASCADED_PID,M6_GP_ENHANCED_ENMPC_ROBUST_TRACKING_030,C0_CASCADED_PID,MU_CAMBRIDGE_MA_02,P_DIST_FIXED,solver_deadline_miss_count,lower,0.0,0.0,0.0,,0
controller_comparison,M6_GP_ENHANCED_ENMPC_ROBUST_TRACKING_030_MINUS_C0_CASCADED_PID,M6_GP_ENHANCED_ENMPC_ROBUST_TRACKING_030,C0_CASCADED_PID,MU_CAMBRIDGE_MA_02,P_ENERGY_WIND_PAYLOAD,service_corrected_mission_time_s,lower,728.0579999995848,751.2604917699716,-23.202491770386814,-3.0884749064497834,1
controller_comparison,M6_GP_ENHANCED_ENMPC_ROBUST_TRACKING_030_MINUS_C0_CASCADED_PID,M6_GP_ENHANCED_ENMPC_ROBUST_TRACKING_030,C0_CASCADED_PID,MU_CAMBRIDGE_MA_02,P_ENERGY_WIND_PAYLOAD,service_corrected_modeled_energy_j,lower,894329.3079114362,921027.4395099729,-26698.13159853674,-2.8987335722311727,1
controller_comparison,M6_GP_ENHANCED_ENMPC_ROBUST_TRACKING_030_MINUS_C0_CASCADED_PID,M6_GP_ENHANCED_ENMPC_ROBUST_TRACKING_030,C0_CASCADED_PID,MU_CAMBRIDGE_MA_02,P_ENERGY_WIND_PAYLOAD,flight_time_s,lower,616.0899999995848,639.2924917699717,-23.202491770386814,-3.629401575818204,1
controller_comparison,M6_GP_ENHANCED_ENMPC_ROBUST_TRACKING_030_MINUS_C0_CASCADED_PID,M6_GP_ENHANCED_ENMPC_ROBUST_TRACKING_030,C0_CASCADED_PID,MU_CAMBRIDGE_MA_02,P_ENERGY_WIND_PAYLOAD,service_time_s,lower,111.968,111.96799999999999,1.4210854715202004e-14,1.2691889392685415e-14,0
controller_comparison,M6_GP_ENHANCED_ENMPC_ROBUST_TRACKING_030_MINUS_C0_CASCADED_PID,M6_GP_ENHANCED_ENMPC_ROBUST_TRACKING_030,C0_CASCADED_PID,MU_CAMBRIDGE_MA_02,P_ENERGY_WIND_PAYLOAD,flight_controller_sensitive_energy_j,lower,788987.8948532451,815686.0264517819,-26698.13159853674,-3.273089244236914,1
controller_comparison,M6_GP_ENHANCED_ENMPC_ROBUST_TRACKING_030_MINUS_C0_CASCADED_PID,M6_GP_ENHANCED_ENMPC_ROBUST_TRACKING_030,C0_CASCADED_PID,MU_CAMBRIDGE_MA_02,P_ENERGY_WIND_PAYLOAD,service_energy_j,lower,105341.41305819107,105341.41305819107,0.0,0.0,0
controller_comparison,M6_GP_ENHANCED_ENMPC_ROBUST_TRACKING_030_MINUS_C0_CASCADED_PID,M6_GP_ENHANCED_ENMPC_ROBUST_TRACKING_030,C0_CASCADED_PID,MU_CAMBRIDGE_MA_02,P_ENERGY_WIND_PAYLOAD,position_rms_m,lower,0.1370498430640068,0.4279675326085098,-0.290917689544503,-67.97657938473212,1
controller_comparison,M6_GP_ENHANCED_ENMPC_ROBUST_TRACKING_030_MINUS_C0_CASCADED_PID,M6_GP_ENHANCED_ENMPC_ROBUST_TRACKING_030,C0_CASCADED_PID,MU_CAMBRIDGE_MA_02,P_ENERGY_WIND_PAYLOAD,position_p95_m,lower,0.2157140237215875,0.5506184842930039,-0.3349044605714164,-60.823323249206744,1
controller_comparison,M6_GP_ENHANCED_ENMPC_ROBUST_TRACKING_030_MINUS_C0_CASCADED_PID,M6_GP_ENHANCED_ENMPC_ROBUST_TRACKING_030,C0_CASCADED_PID,MU_CAMBRIDGE_MA_02,P_ENERGY_WIND_PAYLOAD,position_max_m,lower,0.3107588627432158,0.6951807736671914,-0.38442191092397565,-55.29812179587299,1
controller_comparison,M6_GP_ENHANCED_ENMPC_ROBUST_TRACKING_030_MINUS_C0_CASCADED_PID,M6_GP_ENHANCED_ENMPC_ROBUST_TRACKING_030,C0_CASCADED_PID,MU_CAMBRIDGE_MA_02,P_ENERGY_WIND_PAYLOAD,vertical_p95_error_m,lower,0.04294015521889172,0.4250619682048882,-0.38212181298599646,-89.89790702747753,1
controller_comparison,M6_GP_ENHANCED_ENMPC_ROBUST_TRACKING_030_MINUS_C0_CASCADED_PID,M6_GP_ENHANCED_ENMPC_ROBUST_TRACKING_030,C0_CASCADED_PID,MU_CAMBRIDGE_MA_02,P_ENERGY_WIND_PAYLOAD,attitude_p95_rad,lower,0.016754844089451982,0.030752084852022278,-0.013997240762570296,-45.516396140048464,1
controller_comparison,M6_GP_ENHANCED_ENMPC_ROBUST_TRACKING_030_MINUS_C0_CASCADED_PID,M6_GP_ENHANCED_ENMPC_ROBUST_TRACKING_030,C0_CASCADED_PID,MU_CAMBRIDGE_MA_02,P_ENERGY_WIND_PAYLOAD,acceleration_p95_mps2,lower,1.083306298231429,1.0485182321204165,0.03478806611101248,3.3178313018611645,0
controller_comparison,M6_GP_ENHANCED_ENMPC_ROBUST_TRACKING_030_MINUS_C0_CASCADED_PID,M6_GP_ENHANCED_ENMPC_ROBUST_TRACKING_030,C0_CASCADED_PID,MU_CAMBRIDGE_MA_02,P_ENERGY_WIND_PAYLOAD,acceleration_max_mps2,lower,1.5774741088346411,1.4548938276549466,0.12258028117969455,8.425376398583953,0
controller_comparison,M6_GP_ENHANCED_ENMPC_ROBUST_TRACKING_030_MINUS_C0_CASCADED_PID,M6_GP_ENHANCED_ENMPC_ROBUST_TRACKING_030,C0_CASCADED_PID,MU_CAMBRIDGE_MA_02,P_ENERGY_WIND_PAYLOAD,jerk_p95_mps3,lower,0.5864325484409393,0.6061893807500854,-0.019756832309146155,-3.259184825161319,1
controller_comparison,M6_GP_ENHANCED_ENMPC_ROBUST_TRACKING_030_MINUS_C0_CASCADED_PID,M6_GP_ENHANCED_ENMPC_ROBUST_TRACKING_030,C0_CASCADED_PID,MU_CAMBRIDGE_MA_02,P_ENERGY_WIND_PAYLOAD,jerk_max_mps3,lower,4.317380807227982,2.6600445225555838,1.6573362846723985,62.30483251762065,0
controller_comparison,M6_GP_ENHANCED_ENMPC_ROBUST_TRACKING_030_MINUS_C0_CASCADED_PID,M6_GP_ENHANCED_ENMPC_ROBUST_TRACKING_030,C0_CASCADED_PID,MU_CAMBRIDGE_MA_02,P_ENERGY_WIND_PAYLOAD,robust_compensation_p95_mps2,lower,0.49421869653996164,0.0,0.49421869653996164,,0
controller_comparison,M6_GP_ENHANCED_ENMPC_ROBUST_TRACKING_030_MINUS_C0_CASCADED_PID,M6_GP_ENHANCED_ENMPC_ROBUST_TRACKING_030,C0_CASCADED_PID,MU_CAMBRIDGE_MA_02,P_ENERGY_WIND_PAYLOAD,rotor_command_total_variation_n,lower,3320.5533445535234,691.8518912817949,2628.7014532717285,379.95147319775765,0
controller_comparison,M6_GP_ENHANCED_ENMPC_ROBUST_TRACKING_030_MINUS_C0_CASCADED_PID,M6_GP_ENHANCED_ENMPC_ROBUST_TRACKING_030,C0_CASCADED_PID,MU_CAMBRIDGE_MA_02,P_ENERGY_WIND_PAYLOAD,minimum_per_rotor_margin_n,higher,10.231483657186576,11.877366914620254,-1.6458832574336775,-13.857307509863185,0
controller_comparison,M6_GP_ENHANCED_ENMPC_ROBUST_TRACKING_030_MINUS_C0_CASCADED_PID,M6_GP_ENHANCED_ENMPC_ROBUST_TRACKING_030,C0_CASCADED_PID,MU_CAMBRIDGE_MA_02,P_ENERGY_WIND_PAYLOAD,solver_deadline_miss_count,lower,0.0,0.0,0.0,,0
controller_comparison,M6_GP_ENHANCED_ENMPC_ROBUST_TRACKING_030_MINUS_C0_CASCADED_PID,M6_GP_ENHANCED_ENMPC_ROBUST_TRACKING_030,C0_CASCADED_PID,MU_MANHATTAN_NY_01,P_DIST_FIXED,service_corrected_mission_time_s,lower,737.8579999995757,755.283454868684,-17.425454869108307,-2.307141081507995,1
controller_comparison,M6_GP_ENHANCED_ENMPC_ROBUST_TRACKING_030_MINUS_C0_CASCADED_PID,M6_GP_ENHANCED_ENMPC_ROBUST_TRACKING_030,C0_CASCADED_PID,MU_MANHATTAN_NY_01,P_DIST_FIXED,service_corrected_modeled_energy_j,lower,909089.2269692628,931086.7896297984,-21997.562660535565,-2.362568442119325,1
controller_comparison,M6_GP_ENHANCED_ENMPC_ROBUST_TRACKING_030_MINUS_C0_CASCADED_PID,M6_GP_ENHANCED_ENMPC_ROBUST_TRACKING_030,C0_CASCADED_PID,MU_MANHATTAN_NY_01,P_DIST_FIXED,flight_time_s,lower,625.8899999995757,643.315454868684,-17.425454869108307,-2.708695203454308,1
controller_comparison,M6_GP_ENHANCED_ENMPC_ROBUST_TRACKING_030_MINUS_C0_CASCADED_PID,M6_GP_ENHANCED_ENMPC_ROBUST_TRACKING_030,C0_CASCADED_PID,MU_MANHATTAN_NY_01,P_DIST_FIXED,service_time_s,lower,111.968,111.96799999999993,7.105427357601002e-14,6.34594469634271e-14,0
controller_comparison,M6_GP_ENHANCED_ENMPC_ROBUST_TRACKING_030_MINUS_C0_CASCADED_PID,M6_GP_ENHANCED_ENMPC_ROBUST_TRACKING_030,C0_CASCADED_PID,MU_MANHATTAN_NY_01,P_DIST_FIXED,flight_controller_sensitive_energy_j,lower,802492.7355870141,824490.2982475497,-21997.562660535565,-2.668019588258501,1
controller_comparison,M6_GP_ENHANCED_ENMPC_ROBUST_TRACKING_030_MINUS_C0_CASCADED_PID,M6_GP_ENHANCED_ENMPC_ROBUST_TRACKING_030,C0_CASCADED_PID,MU_MANHATTAN_NY_01,P_DIST_FIXED,service_energy_j,lower,106596.49138224864,106596.49138224864,0.0,0.0,0
controller_comparison,M6_GP_ENHANCED_ENMPC_ROBUST_TRACKING_030_MINUS_C0_CASCADED_PID,M6_GP_ENHANCED_ENMPC_ROBUST_TRACKING_030,C0_CASCADED_PID,MU_MANHATTAN_NY_01,P_DIST_FIXED,position_rms_m,lower,0.08390302482653064,0.39214490771946847,-0.30824188289293786,-78.60407640775666,1
controller_comparison,M6_GP_ENHANCED_ENMPC_ROBUST_TRACKING_030_MINUS_C0_CASCADED_PID,M6_GP_ENHANCED_ENMPC_ROBUST_TRACKING_030,C0_CASCADED_PID,MU_MANHATTAN_NY_01,P_DIST_FIXED,position_p95_m,lower,0.15963727883619674,0.5096231840184254,-0.3499859051822287,-68.67542846511766,1
controller_comparison,M6_GP_ENHANCED_ENMPC_ROBUST_TRACKING_030_MINUS_C0_CASCADED_PID,M6_GP_ENHANCED_ENMPC_ROBUST_TRACKING_030,C0_CASCADED_PID,MU_MANHATTAN_NY_01,P_DIST_FIXED,position_max_m,lower,0.34444032064096736,0.6701186458919376,-0.32567832525097024,-48.60009898955844,1
controller_comparison,M6_GP_ENHANCED_ENMPC_ROBUST_TRACKING_030_MINUS_C0_CASCADED_PID,M6_GP_ENHANCED_ENMPC_ROBUST_TRACKING_030,C0_CASCADED_PID,MU_MANHATTAN_NY_01,P_DIST_FIXED,vertical_p95_error_m,lower,0.0352660725695042,0.3858443326126526,-0.3505782600431484,-90.86002576979466,1
controller_comparison,M6_GP_ENHANCED_ENMPC_ROBUST_TRACKING_030_MINUS_C0_CASCADED_PID,M6_GP_ENHANCED_ENMPC_ROBUST_TRACKING_030,C0_CASCADED_PID,MU_MANHATTAN_NY_01,P_DIST_FIXED,attitude_p95_rad,lower,0.010875525437395719,0.03467158714549986,-0.023796061708104138,-68.6327441782333,1
controller_comparison,M6_GP_ENHANCED_ENMPC_ROBUST_TRACKING_030_MINUS_C0_CASCADED_PID,M6_GP_ENHANCED_ENMPC_ROBUST_TRACKING_030,C0_CASCADED_PID,MU_MANHATTAN_NY_01,P_DIST_FIXED,acceleration_p95_mps2,lower,1.2597552373968979,1.2557100296983608,0.004045207698537112,0.3221450496424583,0
controller_comparison,M6_GP_ENHANCED_ENMPC_ROBUST_TRACKING_030_MINUS_C0_CASCADED_PID,M6_GP_ENHANCED_ENMPC_ROBUST_TRACKING_030,C0_CASCADED_PID,MU_MANHATTAN_NY_01,P_DIST_FIXED,acceleration_max_mps2,lower,1.6569630657754129,1.7295433783913226,-0.07258031261590969,-4.19650143053468,1
controller_comparison,M6_GP_ENHANCED_ENMPC_ROBUST_TRACKING_030_MINUS_C0_CASCADED_PID,M6_GP_ENHANCED_ENMPC_ROBUST_TRACKING_030,C0_CASCADED_PID,MU_MANHATTAN_NY_01,P_DIST_FIXED,jerk_p95_mps3,lower,0.7607780904670164,0.6555450021568904,0.10523308831012601,16.052763420342693,0
controller_comparison,M6_GP_ENHANCED_ENMPC_ROBUST_TRACKING_030_MINUS_C0_CASCADED_PID,M6_GP_ENHANCED_ENMPC_ROBUST_TRACKING_030,C0_CASCADED_PID,MU_MANHATTAN_NY_01,P_DIST_FIXED,jerk_max_mps3,lower,5.376329784087543,1.7861390571554747,3.590190726932068,201.0028677526175,0
controller_comparison,M6_GP_ENHANCED_ENMPC_ROBUST_TRACKING_030_MINUS_C0_CASCADED_PID,M6_GP_ENHANCED_ENMPC_ROBUST_TRACKING_030,C0_CASCADED_PID,MU_MANHATTAN_NY_01,P_DIST_FIXED,robust_compensation_p95_mps2,lower,0.3718895113317886,0.0,0.3718895113317886,,0
controller_comparison,M6_GP_ENHANCED_ENMPC_ROBUST_TRACKING_030_MINUS_C0_CASCADED_PID,M6_GP_ENHANCED_ENMPC_ROBUST_TRACKING_030,C0_CASCADED_PID,MU_MANHATTAN_NY_01,P_DIST_FIXED,rotor_command_total_variation_n,lower,4301.228988491993,532.3799103262506,3768.849078165742,707.9247366520899,0
controller_comparison,M6_GP_ENHANCED_ENMPC_ROBUST_TRACKING_030_MINUS_C0_CASCADED_PID,M6_GP_ENHANCED_ENMPC_ROBUST_TRACKING_030,C0_CASCADED_PID,MU_MANHATTAN_NY_01,P_DIST_FIXED,minimum_per_rotor_margin_n,higher,9.166218615856732,11.982256812074919,-2.8160381962181873,-23.501734609630233,0
controller_comparison,M6_GP_ENHANCED_ENMPC_ROBUST_TRACKING_030_MINUS_C0_CASCADED_PID,M6_GP_ENHANCED_ENMPC_ROBUST_TRACKING_030,C0_CASCADED_PID,MU_MANHATTAN_NY_01,P_DIST_FIXED,solver_deadline_miss_count,lower,0.0,0.0,0.0,,0
controller_comparison,M6_GP_ENHANCED_ENMPC_ROBUST_TRACKING_030_MINUS_C0_CASCADED_PID,M6_GP_ENHANCED_ENMPC_ROBUST_TRACKING_030,C0_CASCADED_PID,MU_MANHATTAN_NY_01,P_ENERGY_WIND_PAYLOAD,service_corrected_mission_time_s,lower,732.7079999995406,753.1084112331683,-20.40041123362778,-2.7088279627926832,1
controller_comparison,M6_GP_ENHANCED_ENMPC_ROBUST_TRACKING_030_MINUS_C0_CASCADED_PID,M6_GP_ENHANCED_ENMPC_ROBUST_TRACKING_030,C0_CASCADED_PID,MU_MANHATTAN_NY_01,P_ENERGY_WIND_PAYLOAD,service_corrected_modeled_energy_j,lower,861646.0967496748,885785.2160190148,-24139.119269340066,-2.7251661952350625,1
controller_comparison,M6_GP_ENHANCED_ENMPC_ROBUST_TRACKING_030_MINUS_C0_CASCADED_PID,M6_GP_ENHANCED_ENMPC_ROBUST_TRACKING_030,C0_CASCADED_PID,MU_MANHATTAN_NY_01,P_ENERGY_WIND_PAYLOAD,flight_time_s,lower,620.7399999995406,641.1404112331684,-20.40041123362778,-3.1818944612132096,1
controller_comparison,M6_GP_ENHANCED_ENMPC_ROBUST_TRACKING_030_MINUS_C0_CASCADED_PID,M6_GP_ENHANCED_ENMPC_ROBUST_TRACKING_030,C0_CASCADED_PID,MU_MANHATTAN_NY_01,P_ENERGY_WIND_PAYLOAD,service_time_s,lower,111.968,111.968,0.0,0.0,0
controller_comparison,M6_GP_ENHANCED_ENMPC_ROBUST_TRACKING_030_MINUS_C0_CASCADED_PID,M6_GP_ENHANCED_ENMPC_ROBUST_TRACKING_030,C0_CASCADED_PID,MU_MANHATTAN_NY_01,P_ENERGY_WIND_PAYLOAD,flight_controller_sensitive_energy_j,lower,754249.4707354252,778388.5900047653,-24139.119269340066,-3.1011656105072514,1
controller_comparison,M6_GP_ENHANCED_ENMPC_ROBUST_TRACKING_030_MINUS_C0_CASCADED_PID,M6_GP_ENHANCED_ENMPC_ROBUST_TRACKING_030,C0_CASCADED_PID,MU_MANHATTAN_NY_01,P_ENERGY_WIND_PAYLOAD,service_energy_j,lower,107396.62601424947,107396.62601424947,0.0,0.0,0
controller_comparison,M6_GP_ENHANCED_ENMPC_ROBUST_TRACKING_030_MINUS_C0_CASCADED_PID,M6_GP_ENHANCED_ENMPC_ROBUST_TRACKING_030,C0_CASCADED_PID,MU_MANHATTAN_NY_01,P_ENERGY_WIND_PAYLOAD,position_rms_m,lower,0.08638250544532103,0.3693565871406447,-0.2829740816953237,-76.61270748843366,1
controller_comparison,M6_GP_ENHANCED_ENMPC_ROBUST_TRACKING_030_MINUS_C0_CASCADED_PID,M6_GP_ENHANCED_ENMPC_ROBUST_TRACKING_030,C0_CASCADED_PID,MU_MANHATTAN_NY_01,P_ENERGY_WIND_PAYLOAD,position_p95_m,lower,0.1665252754114613,0.49557158579152955,-0.32904631038006826,-66.39733185156565,1
controller_comparison,M6_GP_ENHANCED_ENMPC_ROBUST_TRACKING_030_MINUS_C0_CASCADED_PID,M6_GP_ENHANCED_ENMPC_ROBUST_TRACKING_030,C0_CASCADED_PID,MU_MANHATTAN_NY_01,P_ENERGY_WIND_PAYLOAD,position_max_m,lower,0.30885619388645325,0.6408730209237568,-0.3320168270373035,-51.80695960000519,1
controller_comparison,M6_GP_ENHANCED_ENMPC_ROBUST_TRACKING_030_MINUS_C0_CASCADED_PID,M6_GP_ENHANCED_ENMPC_ROBUST_TRACKING_030,C0_CASCADED_PID,MU_MANHATTAN_NY_01,P_ENERGY_WIND_PAYLOAD,vertical_p95_error_m,lower,0.043798253162094625,0.3821055815401877,-0.3383073283780931,-88.53765679486989,1
controller_comparison,M6_GP_ENHANCED_ENMPC_ROBUST_TRACKING_030_MINUS_C0_CASCADED_PID,M6_GP_ENHANCED_ENMPC_ROBUST_TRACKING_030,C0_CASCADED_PID,MU_MANHATTAN_NY_01,P_ENERGY_WIND_PAYLOAD,attitude_p95_rad,lower,0.009258071433298688,0.033385147351473674,-0.024127075918174985,-72.26889150486251,1
controller_comparison,M6_GP_ENHANCED_ENMPC_ROBUST_TRACKING_030_MINUS_C0_CASCADED_PID,M6_GP_ENHANCED_ENMPC_ROBUST_TRACKING_030,C0_CASCADED_PID,MU_MANHATTAN_NY_01,P_ENERGY_WIND_PAYLOAD,acceleration_p95_mps2,lower,1.1262577934359317,1.1219827512157523,0.004275042220179381,0.38102566332210125,0
controller_comparison,M6_GP_ENHANCED_ENMPC_ROBUST_TRACKING_030_MINUS_C0_CASCADED_PID,M6_GP_ENHANCED_ENMPC_ROBUST_TRACKING_030,C0_CASCADED_PID,MU_MANHATTAN_NY_01,P_ENERGY_WIND_PAYLOAD,acceleration_max_mps2,lower,1.533205979503515,1.742549088766896,-0.20934310926338107,-12.013613310114634,1
controller_comparison,M6_GP_ENHANCED_ENMPC_ROBUST_TRACKING_030_MINUS_C0_CASCADED_PID,M6_GP_ENHANCED_ENMPC_ROBUST_TRACKING_030,C0_CASCADED_PID,MU_MANHATTAN_NY_01,P_ENERGY_WIND_PAYLOAD,jerk_p95_mps3,lower,0.6141371103045807,0.6412277758405158,-0.027090665535935088,-4.2248116124453405,1
controller_comparison,M6_GP_ENHANCED_ENMPC_ROBUST_TRACKING_030_MINUS_C0_CASCADED_PID,M6_GP_ENHANCED_ENMPC_ROBUST_TRACKING_030,C0_CASCADED_PID,MU_MANHATTAN_NY_01,P_ENERGY_WIND_PAYLOAD,jerk_max_mps3,lower,3.177506372295117,1.4726162929890978,1.7048900793060193,115.7728654383862,0
controller_comparison,M6_GP_ENHANCED_ENMPC_ROBUST_TRACKING_030_MINUS_C0_CASCADED_PID,M6_GP_ENHANCED_ENMPC_ROBUST_TRACKING_030,C0_CASCADED_PID,MU_MANHATTAN_NY_01,P_ENERGY_WIND_PAYLOAD,robust_compensation_p95_mps2,lower,0.3748912698936149,0.0,0.3748912698936149,,0
controller_comparison,M6_GP_ENHANCED_ENMPC_ROBUST_TRACKING_030_MINUS_C0_CASCADED_PID,M6_GP_ENHANCED_ENMPC_ROBUST_TRACKING_030,C0_CASCADED_PID,MU_MANHATTAN_NY_01,P_ENERGY_WIND_PAYLOAD,rotor_command_total_variation_n,lower,3562.7991719976853,505.3992001128975,3057.3999718847876,604.9475288448848,0
controller_comparison,M6_GP_ENHANCED_ENMPC_ROBUST_TRACKING_030_MINUS_C0_CASCADED_PID,M6_GP_ENHANCED_ENMPC_ROBUST_TRACKING_030,C0_CASCADED_PID,MU_MANHATTAN_NY_01,P_ENERGY_WIND_PAYLOAD,minimum_per_rotor_margin_n,higher,9.08466255015908,12.038501420396859,-2.953838870237778,-24.536599424518755,0
controller_comparison,M6_GP_ENHANCED_ENMPC_ROBUST_TRACKING_030_MINUS_C0_CASCADED_PID,M6_GP_ENHANCED_ENMPC_ROBUST_TRACKING_030,C0_CASCADED_PID,MU_MANHATTAN_NY_01,P_ENERGY_WIND_PAYLOAD,solver_deadline_miss_count,lower,0.0,0.0,0.0,,0
controller_comparison,M6_GP_ENHANCED_ENMPC_ROBUST_TRACKING_030_MINUS_C0_CASCADED_PID,M6_GP_ENHANCED_ENMPC_ROBUST_TRACKING_030,C0_CASCADED_PID,MU_MANHATTAN_NY_02,P_DIST_FIXED,service_corrected_mission_time_s,lower,667.1079999996047,689.958965886621,-22.850965887016287,-3.3119311461736007,1
controller_comparison,M6_GP_ENHANCED_ENMPC_ROBUST_TRACKING_030_MINUS_C0_CASCADED_PID,M6_GP_ENHANCED_ENMPC_ROBUST_TRACKING_030,C0_CASCADED_PID,MU_MANHATTAN_NY_02,P_DIST_FIXED,service_corrected_modeled_energy_j,lower,803085.4027978649,830061.351679937,-26975.948882072116,-3.249874099965777,1
controller_comparison,M6_GP_ENHANCED_ENMPC_ROBUST_TRACKING_030_MINUS_C0_CASCADED_PID,M6_GP_ENHANCED_ENMPC_ROBUST_TRACKING_030,C0_CASCADED_PID,MU_MANHATTAN_NY_02,P_DIST_FIXED,flight_time_s,lower,555.1399999996047,577.990965886621,-22.850965887016287,-3.9535160989867,1
controller_comparison,M6_GP_ENHANCED_ENMPC_ROBUST_TRACKING_030_MINUS_C0_CASCADED_PID,M6_GP_ENHANCED_ENMPC_ROBUST_TRACKING_030,C0_CASCADED_PID,MU_MANHATTAN_NY_02,P_DIST_FIXED,service_time_s,lower,111.968,111.96799999999996,4.263256414560601e-14,3.8075668178056254e-14,0
controller_comparison,M6_GP_ENHANCED_ENMPC_ROBUST_TRACKING_030_MINUS_C0_CASCADED_PID,M6_GP_ENHANCED_ENMPC_ROBUST_TRACKING_030,C0_CASCADED_PID,MU_MANHATTAN_NY_02,P_DIST_FIXED,flight_controller_sensitive_energy_j,lower,696060.2580375683,723036.2069196404,-26975.948882072116,-3.730926421651561,1
controller_comparison,M6_GP_ENHANCED_ENMPC_ROBUST_TRACKING_030_MINUS_C0_CASCADED_PID,M6_GP_ENHANCED_ENMPC_ROBUST_TRACKING_030,C0_CASCADED_PID,MU_MANHATTAN_NY_02,P_DIST_FIXED,service_energy_j,lower,107025.1447602966,107025.1447602966,0.0,0.0,0
controller_comparison,M6_GP_ENHANCED_ENMPC_ROBUST_TRACKING_030_MINUS_C0_CASCADED_PID,M6_GP_ENHANCED_ENMPC_ROBUST_TRACKING_030,C0_CASCADED_PID,MU_MANHATTAN_NY_02,P_DIST_FIXED,position_rms_m,lower,0.08570524081209668,0.33914850492800924,-0.25344326411591256,-74.7292883304058,1
controller_comparison,M6_GP_ENHANCED_ENMPC_ROBUST_TRACKING_030_MINUS_C0_CASCADED_PID,M6_GP_ENHANCED_ENMPC_ROBUST_TRACKING_030,C0_CASCADED_PID,MU_MANHATTAN_NY_02,P_DIST_FIXED,position_p95_m,lower,0.13396481832004348,0.4405217019728498,-0.3065568836528063,-69.58950768598002,1
controller_comparison,M6_GP_ENHANCED_ENMPC_ROBUST_TRACKING_030_MINUS_C0_CASCADED_PID,M6_GP_ENHANCED_ENMPC_ROBUST_TRACKING_030,C0_CASCADED_PID,MU_MANHATTAN_NY_02,P_DIST_FIXED,position_max_m,lower,0.18574482607937973,0.5903040264621772,-0.40455920038279747,-68.53404046850407,1
controller_comparison,M6_GP_ENHANCED_ENMPC_ROBUST_TRACKING_030_MINUS_C0_CASCADED_PID,M6_GP_ENHANCED_ENMPC_ROBUST_TRACKING_030,C0_CASCADED_PID,MU_MANHATTAN_NY_02,P_DIST_FIXED,vertical_p95_error_m,lower,0.038736148991590724,0.34717080222091923,-0.3084346532293285,-88.84233675649334,1
controller_comparison,M6_GP_ENHANCED_ENMPC_ROBUST_TRACKING_030_MINUS_C0_CASCADED_PID,M6_GP_ENHANCED_ENMPC_ROBUST_TRACKING_030,C0_CASCADED_PID,MU_MANHATTAN_NY_02,P_DIST_FIXED,attitude_p95_rad,lower,0.015659213957980762,0.030226672524015445,-0.014567458566034683,-48.19405296583892,1
controller_comparison,M6_GP_ENHANCED_ENMPC_ROBUST_TRACKING_030_MINUS_C0_CASCADED_PID,M6_GP_ENHANCED_ENMPC_ROBUST_TRACKING_030,C0_CASCADED_PID,MU_MANHATTAN_NY_02,P_DIST_FIXED,acceleration_p95_mps2,lower,1.0252723562669805,0.9968577225936156,0.028414633673364942,2.850420178261347,0
controller_comparison,M6_GP_ENHANCED_ENMPC_ROBUST_TRACKING_030_MINUS_C0_CASCADED_PID,M6_GP_ENHANCED_ENMPC_ROBUST_TRACKING_030,C0_CASCADED_PID,MU_MANHATTAN_NY_02,P_DIST_FIXED,acceleration_max_mps2,lower,1.5892598752756102,1.621038692483481,-0.03177881720787079,-1.960398438064712,1
controller_comparison,M6_GP_ENHANCED_ENMPC_ROBUST_TRACKING_030_MINUS_C0_CASCADED_PID,M6_GP_ENHANCED_ENMPC_ROBUST_TRACKING_030,C0_CASCADED_PID,MU_MANHATTAN_NY_02,P_DIST_FIXED,jerk_p95_mps3,lower,0.6208785525460682,0.5880889666655578,0.0327895858805104,5.5756165714902135,0
controller_comparison,M6_GP_ENHANCED_ENMPC_ROBUST_TRACKING_030_MINUS_C0_CASCADED_PID,M6_GP_ENHANCED_ENMPC_ROBUST_TRACKING_030,C0_CASCADED_PID,MU_MANHATTAN_NY_02,P_DIST_FIXED,jerk_max_mps3,lower,3.165848171947883,2.1930075682724537,0.9728406036754293,44.36102354365273,0
controller_comparison,M6_GP_ENHANCED_ENMPC_ROBUST_TRACKING_030_MINUS_C0_CASCADED_PID,M6_GP_ENHANCED_ENMPC_ROBUST_TRACKING_030,C0_CASCADED_PID,MU_MANHATTAN_NY_02,P_DIST_FIXED,robust_compensation_p95_mps2,lower,0.3930408022169485,0.0,0.3930408022169485,,0
controller_comparison,M6_GP_ENHANCED_ENMPC_ROBUST_TRACKING_030_MINUS_C0_CASCADED_PID,M6_GP_ENHANCED_ENMPC_ROBUST_TRACKING_030,C0_CASCADED_PID,MU_MANHATTAN_NY_02,P_DIST_FIXED,rotor_command_total_variation_n,lower,3981.5939233443196,597.4141944232475,3384.179728921072,566.471262402496,0
controller_comparison,M6_GP_ENHANCED_ENMPC_ROBUST_TRACKING_030_MINUS_C0_CASCADED_PID,M6_GP_ENHANCED_ENMPC_ROBUST_TRACKING_030,C0_CASCADED_PID,MU_MANHATTAN_NY_02,P_DIST_FIXED,minimum_per_rotor_margin_n,higher,8.317334558066062,12.117425729193979,-3.8000911711279173,-31.36054848656943,0
controller_comparison,M6_GP_ENHANCED_ENMPC_ROBUST_TRACKING_030_MINUS_C0_CASCADED_PID,M6_GP_ENHANCED_ENMPC_ROBUST_TRACKING_030,C0_CASCADED_PID,MU_MANHATTAN_NY_02,P_DIST_FIXED,solver_deadline_miss_count,lower,0.0,0.0,0.0,,0
controller_comparison,M6_GP_ENHANCED_ENMPC_ROBUST_TRACKING_030_MINUS_C0_CASCADED_PID,M6_GP_ENHANCED_ENMPC_ROBUST_TRACKING_030,C0_CASCADED_PID,MU_MANHATTAN_NY_02,P_ENERGY_WIND_PAYLOAD,service_corrected_mission_time_s,lower,685.0879999995883,708.1480057482586,-23.060005748670278,-3.256382219745732,1
controller_comparison,M6_GP_ENHANCED_ENMPC_ROBUST_TRACKING_030_MINUS_C0_CASCADED_PID,M6_GP_ENHANCED_ENMPC_ROBUST_TRACKING_030,C0_CASCADED_PID,MU_MANHATTAN_NY_02,P_ENERGY_WIND_PAYLOAD,service_corrected_modeled_energy_j,lower,807469.870194841,833919.0249963471,-26449.1548015062,-3.1716694317679175,1
controller_comparison,M6_GP_ENHANCED_ENMPC_ROBUST_TRACKING_030_MINUS_C0_CASCADED_PID,M6_GP_ENHANCED_ENMPC_ROBUST_TRACKING_030,C0_CASCADED_PID,MU_MANHATTAN_NY_02,P_ENERGY_WIND_PAYLOAD,flight_time_s,lower,573.1199999995883,596.1800057482586,-23.060005748670278,-3.8679602680951923,1
controller_comparison,M6_GP_ENHANCED_ENMPC_ROBUST_TRACKING_030_MINUS_C0_CASCADED_PID,M6_GP_ENHANCED_ENMPC_ROBUST_TRACKING_030,C0_CASCADED_PID,MU_MANHATTAN_NY_02,P_ENERGY_WIND_PAYLOAD,service_time_s,lower,111.968,111.968,0.0,0.0,0
controller_comparison,M6_GP_ENHANCED_ENMPC_ROBUST_TRACKING_030_MINUS_C0_CASCADED_PID,M6_GP_ENHANCED_ENMPC_ROBUST_TRACKING_030,C0_CASCADED_PID,MU_MANHATTAN_NY_02,P_ENERGY_WIND_PAYLOAD,flight_controller_sensitive_energy_j,lower,699381.9946686216,725831.1494701278,-26449.1548015062,-3.643981774661317,1
controller_comparison,M6_GP_ENHANCED_ENMPC_ROBUST_TRACKING_030_MINUS_C0_CASCADED_PID,M6_GP_ENHANCED_ENMPC_ROBUST_TRACKING_030,C0_CASCADED_PID,MU_MANHATTAN_NY_02,P_ENERGY_WIND_PAYLOAD,service_energy_j,lower,108087.87552621937,108087.87552621937,0.0,0.0,0
controller_comparison,M6_GP_ENHANCED_ENMPC_ROBUST_TRACKING_030_MINUS_C0_CASCADED_PID,M6_GP_ENHANCED_ENMPC_ROBUST_TRACKING_030,C0_CASCADED_PID,MU_MANHATTAN_NY_02,P_ENERGY_WIND_PAYLOAD,position_rms_m,lower,0.07748390174738826,0.3149174620261808,-0.23743356027879256,-75.39548894848308,1
controller_comparison,M6_GP_ENHANCED_ENMPC_ROBUST_TRACKING_030_MINUS_C0_CASCADED_PID,M6_GP_ENHANCED_ENMPC_ROBUST_TRACKING_030,C0_CASCADED_PID,MU_MANHATTAN_NY_02,P_ENERGY_WIND_PAYLOAD,position_p95_m,lower,0.11899040652962763,0.4071414166419939,-0.28815101011236627,-70.77418271247559,1
controller_comparison,M6_GP_ENHANCED_ENMPC_ROBUST_TRACKING_030_MINUS_C0_CASCADED_PID,M6_GP_ENHANCED_ENMPC_ROBUST_TRACKING_030,C0_CASCADED_PID,MU_MANHATTAN_NY_02,P_ENERGY_WIND_PAYLOAD,position_max_m,lower,0.17327853173216734,0.46116242852776895,-0.2878838967956016,-62.425704911532414,1
controller_comparison,M6_GP_ENHANCED_ENMPC_ROBUST_TRACKING_030_MINUS_C0_CASCADED_PID,M6_GP_ENHANCED_ENMPC_ROBUST_TRACKING_030,C0_CASCADED_PID,MU_MANHATTAN_NY_02,P_ENERGY_WIND_PAYLOAD,vertical_p95_error_m,lower,0.041236448487453004,0.34687958968207866,-0.30564314119462566,-88.11217214444731,1
controller_comparison,M6_GP_ENHANCED_ENMPC_ROBUST_TRACKING_030_MINUS_C0_CASCADED_PID,M6_GP_ENHANCED_ENMPC_ROBUST_TRACKING_030,C0_CASCADED_PID,MU_MANHATTAN_NY_02,P_ENERGY_WIND_PAYLOAD,attitude_p95_rad,lower,0.015391101859985103,0.023818164132323818,-0.008427062272338715,-35.38082207143027,1
controller_comparison,M6_GP_ENHANCED_ENMPC_ROBUST_TRACKING_030_MINUS_C0_CASCADED_PID,M6_GP_ENHANCED_ENMPC_ROBUST_TRACKING_030,C0_CASCADED_PID,MU_MANHATTAN_NY_02,P_ENERGY_WIND_PAYLOAD,acceleration_p95_mps2,lower,0.7956627047057199,0.7567163613460482,0.03894634335967162,5.146755818837299,0
controller_comparison,M6_GP_ENHANCED_ENMPC_ROBUST_TRACKING_030_MINUS_C0_CASCADED_PID,M6_GP_ENHANCED_ENMPC_ROBUST_TRACKING_030,C0_CASCADED_PID,MU_MANHATTAN_NY_02,P_ENERGY_WIND_PAYLOAD,acceleration_max_mps2,lower,1.3377678639403985,1.1958179965597586,0.14194986738063986,11.870524426711635,0
controller_comparison,M6_GP_ENHANCED_ENMPC_ROBUST_TRACKING_030_MINUS_C0_CASCADED_PID,M6_GP_ENHANCED_ENMPC_ROBUST_TRACKING_030,C0_CASCADED_PID,MU_MANHATTAN_NY_02,P_ENERGY_WIND_PAYLOAD,jerk_p95_mps3,lower,0.5786196317560958,0.48499441872817,0.09362521302792576,19.30438978523604,0
controller_comparison,M6_GP_ENHANCED_ENMPC_ROBUST_TRACKING_030_MINUS_C0_CASCADED_PID,M6_GP_ENHANCED_ENMPC_ROBUST_TRACKING_030,C0_CASCADED_PID,MU_MANHATTAN_NY_02,P_ENERGY_WIND_PAYLOAD,jerk_max_mps3,lower,3.59972018429216,2.5915649272400434,1.0081552570521164,38.901408429144716,0
controller_comparison,M6_GP_ENHANCED_ENMPC_ROBUST_TRACKING_030_MINUS_C0_CASCADED_PID,M6_GP_ENHANCED_ENMPC_ROBUST_TRACKING_030,C0_CASCADED_PID,MU_MANHATTAN_NY_02,P_ENERGY_WIND_PAYLOAD,robust_compensation_p95_mps2,lower,0.38938402308751335,0.0,0.38938402308751335,,0
controller_comparison,M6_GP_ENHANCED_ENMPC_ROBUST_TRACKING_030_MINUS_C0_CASCADED_PID,M6_GP_ENHANCED_ENMPC_ROBUST_TRACKING_030,C0_CASCADED_PID,MU_MANHATTAN_NY_02,P_ENERGY_WIND_PAYLOAD,rotor_command_total_variation_n,lower,3540.2159550196534,649.7548196065413,2890.461135413112,444.8541277713691,0
controller_comparison,M6_GP_ENHANCED_ENMPC_ROBUST_TRACKING_030_MINUS_C0_CASCADED_PID,M6_GP_ENHANCED_ENMPC_ROBUST_TRACKING_030,C0_CASCADED_PID,MU_MANHATTAN_NY_02,P_ENERGY_WIND_PAYLOAD,minimum_per_rotor_margin_n,higher,11.077726480437999,12.117425729193855,-1.0396992487558556,-8.5801990620084,0
controller_comparison,M6_GP_ENHANCED_ENMPC_ROBUST_TRACKING_030_MINUS_C0_CASCADED_PID,M6_GP_ENHANCED_ENMPC_ROBUST_TRACKING_030,C0_CASCADED_PID,MU_MANHATTAN_NY_02,P_ENERGY_WIND_PAYLOAD,solver_deadline_miss_count,lower,0.0,0.0,0.0,,0
controller_comparison,M6_GP_ENHANCED_ENMPC_ROBUST_TRACKING_030_MINUS_C0_CASCADED_PID,M6_GP_ENHANCED_ENMPC_ROBUST_TRACKING_030,C0_CASCADED_PID,MU_SEATTLE_WA_01,P_DIST_FIXED,service_corrected_mission_time_s,lower,559.607999999698,577.3333729966346,-17.725372996936585,-3.070214511406724,1
controller_comparison,M6_GP_ENHANCED_ENMPC_ROBUST_TRACKING_030_MINUS_C0_CASCADED_PID,M6_GP_ENHANCED_ENMPC_ROBUST_TRACKING_030,C0_CASCADED_PID,MU_SEATTLE_WA_01,P_DIST_FIXED,service_corrected_modeled_energy_j,lower,661886.7816674354,683282.5835233135,-21395.80185587809,-3.131325511847774,1
controller_comparison,M6_GP_ENHANCED_ENMPC_ROBUST_TRACKING_030_MINUS_C0_CASCADED_PID,M6_GP_ENHANCED_ENMPC_ROBUST_TRACKING_030,C0_CASCADED_PID,MU_SEATTLE_WA_01,P_DIST_FIXED,flight_time_s,lower,447.63999999969803,465.3653729966345,-17.72537299693647,-3.8089153223406376,1
controller_comparison,M6_GP_ENHANCED_ENMPC_ROBUST_TRACKING_030_MINUS_C0_CASCADED_PID,M6_GP_ENHANCED_ENMPC_ROBUST_TRACKING_030,C0_CASCADED_PID,MU_SEATTLE_WA_01,P_DIST_FIXED,service_time_s,lower,111.968,111.96800000000006,-5.684341886080802e-14,-5.076755757074163e-14,1
controller_comparison,M6_GP_ENHANCED_ENMPC_ROBUST_TRACKING_030_MINUS_C0_CASCADED_PID,M6_GP_ENHANCED_ENMPC_ROBUST_TRACKING_030,C0_CASCADED_PID,MU_SEATTLE_WA_01,P_DIST_FIXED,flight_controller_sensitive_energy_j,lower,554129.0644986331,575524.8663545112,-21395.80185587809,-3.717615537866043,1
controller_comparison,M6_GP_ENHANCED_ENMPC_ROBUST_TRACKING_030_MINUS_C0_CASCADED_PID,M6_GP_ENHANCED_ENMPC_ROBUST_TRACKING_030,C0_CASCADED_PID,MU_SEATTLE_WA_01,P_DIST_FIXED,service_energy_j,lower,107757.71716880225,107757.71716880225,0.0,0.0,0
controller_comparison,M6_GP_ENHANCED_ENMPC_ROBUST_TRACKING_030_MINUS_C0_CASCADED_PID,M6_GP_ENHANCED_ENMPC_ROBUST_TRACKING_030,C0_CASCADED_PID,MU_SEATTLE_WA_01,P_DIST_FIXED,position_rms_m,lower,0.08520259730540276,0.26249715834852055,-0.1772945610431178,-67.54151631909163,1
controller_comparison,M6_GP_ENHANCED_ENMPC_ROBUST_TRACKING_030_MINUS_C0_CASCADED_PID,M6_GP_ENHANCED_ENMPC_ROBUST_TRACKING_030,C0_CASCADED_PID,MU_SEATTLE_WA_01,P_DIST_FIXED,position_p95_m,lower,0.12930932946954393,0.36527428891315633,-0.2359649594436124,-64.59938917291628,1
controller_comparison,M6_GP_ENHANCED_ENMPC_ROBUST_TRACKING_030_MINUS_C0_CASCADED_PID,M6_GP_ENHANCED_ENMPC_ROBUST_TRACKING_030,C0_CASCADED_PID,MU_SEATTLE_WA_01,P_DIST_FIXED,position_max_m,lower,0.16948571257973372,0.551397208967026,-0.3819114963872923,-69.26250082091565,1
controller_comparison,M6_GP_ENHANCED_ENMPC_ROBUST_TRACKING_030_MINUS_C0_CASCADED_PID,M6_GP_ENHANCED_ENMPC_ROBUST_TRACKING_030,C0_CASCADED_PID,MU_SEATTLE_WA_01,P_DIST_FIXED,vertical_p95_error_m,lower,0.04919078430151025,0.25616754831582256,-0.2069767640143123,-80.79741769599006,1
controller_comparison,M6_GP_ENHANCED_ENMPC_ROBUST_TRACKING_030_MINUS_C0_CASCADED_PID,M6_GP_ENHANCED_ENMPC_ROBUST_TRACKING_030,C0_CASCADED_PID,MU_SEATTLE_WA_01,P_DIST_FIXED,attitude_p95_rad,lower,0.014827751621772982,0.027020772748275693,-0.012193021126502711,-45.124620380373095,1
controller_comparison,M6_GP_ENHANCED_ENMPC_ROBUST_TRACKING_030_MINUS_C0_CASCADED_PID,M6_GP_ENHANCED_ENMPC_ROBUST_TRACKING_030,C0_CASCADED_PID,MU_SEATTLE_WA_01,P_DIST_FIXED,acceleration_p95_mps2,lower,1.121770694431689,1.1136406732885111,0.008130021143177846,0.7300398897222748,0
controller_comparison,M6_GP_ENHANCED_ENMPC_ROBUST_TRACKING_030_MINUS_C0_CASCADED_PID,M6_GP_ENHANCED_ENMPC_ROBUST_TRACKING_030,C0_CASCADED_PID,MU_SEATTLE_WA_01,P_DIST_FIXED,acceleration_max_mps2,lower,1.4796591215397572,1.4193612612044073,0.060297860335349895,4.248239118783881,0
controller_comparison,M6_GP_ENHANCED_ENMPC_ROBUST_TRACKING_030_MINUS_C0_CASCADED_PID,M6_GP_ENHANCED_ENMPC_ROBUST_TRACKING_030,C0_CASCADED_PID,MU_SEATTLE_WA_01,P_DIST_FIXED,jerk_p95_mps3,lower,0.5511479852900442,0.5287906859069886,0.02235729938305553,4.228005518801451,0
controller_comparison,M6_GP_ENHANCED_ENMPC_ROBUST_TRACKING_030_MINUS_C0_CASCADED_PID,M6_GP_ENHANCED_ENMPC_ROBUST_TRACKING_030,C0_CASCADED_PID,MU_SEATTLE_WA_01,P_DIST_FIXED,jerk_max_mps3,lower,2.1690935001939082,1.2381124553449963,0.930981044848912,75.19357719323621,0
controller_comparison,M6_GP_ENHANCED_ENMPC_ROBUST_TRACKING_030_MINUS_C0_CASCADED_PID,M6_GP_ENHANCED_ENMPC_ROBUST_TRACKING_030,C0_CASCADED_PID,MU_SEATTLE_WA_01,P_DIST_FIXED,robust_compensation_p95_mps2,lower,0.3009978607866941,0.0,0.3009978607866941,,0
controller_comparison,M6_GP_ENHANCED_ENMPC_ROBUST_TRACKING_030_MINUS_C0_CASCADED_PID,M6_GP_ENHANCED_ENMPC_ROBUST_TRACKING_030,C0_CASCADED_PID,MU_SEATTLE_WA_01,P_DIST_FIXED,rotor_command_total_variation_n,lower,2679.8598205607723,470.03156547583677,2209.8282550849353,470.14464929558807,0
controller_comparison,M6_GP_ENHANCED_ENMPC_ROBUST_TRACKING_030_MINUS_C0_CASCADED_PID,M6_GP_ENHANCED_ENMPC_ROBUST_TRACKING_030,C0_CASCADED_PID,MU_SEATTLE_WA_01,P_DIST_FIXED,minimum_per_rotor_margin_n,higher,9.678320219772605,12.157427681721831,-2.4791074619492264,-20.39171053985752,0
controller_comparison,M6_GP_ENHANCED_ENMPC_ROBUST_TRACKING_030_MINUS_C0_CASCADED_PID,M6_GP_ENHANCED_ENMPC_ROBUST_TRACKING_030,C0_CASCADED_PID,MU_SEATTLE_WA_01,P_DIST_FIXED,solver_deadline_miss_count,lower,0.0,0.0,0.0,,0
controller_comparison,M6_GP_ENHANCED_ENMPC_ROBUST_TRACKING_030_MINUS_C0_CASCADED_PID,M6_GP_ENHANCED_ENMPC_ROBUST_TRACKING_030,C0_CASCADED_PID,MU_SEATTLE_WA_01,P_ENERGY_WIND_PAYLOAD,service_corrected_mission_time_s,lower,553.7879999997033,573.4335403604537,-19.645540360750374,-3.425948951015564,1
controller_comparison,M6_GP_ENHANCED_ENMPC_ROBUST_TRACKING_030_MINUS_C0_CASCADED_PID,M6_GP_ENHANCED_ENMPC_ROBUST_TRACKING_030,C0_CASCADED_PID,MU_SEATTLE_WA_01,P_ENERGY_WIND_PAYLOAD,service_corrected_modeled_energy_j,lower,654445.7500484717,678149.2288031868,-23703.478754715063,-3.4953189870240657,1
controller_comparison,M6_GP_ENHANCED_ENMPC_ROBUST_TRACKING_030_MINUS_C0_CASCADED_PID,M6_GP_ENHANCED_ENMPC_ROBUST_TRACKING_030,C0_CASCADED_PID,MU_SEATTLE_WA_01,P_ENERGY_WIND_PAYLOAD,flight_time_s,lower,441.8199999997033,461.4655403604536,-19.64554036075026,-4.257206365919545,1
controller_comparison,M6_GP_ENHANCED_ENMPC_ROBUST_TRACKING_030_MINUS_C0_CASCADED_PID,M6_GP_ENHANCED_ENMPC_ROBUST_TRACKING_030,C0_CASCADED_PID,MU_SEATTLE_WA_01,P_ENERGY_WIND_PAYLOAD,service_time_s,lower,111.968,111.96800000000006,-5.684341886080802e-14,-5.076755757074163e-14,1
controller_comparison,M6_GP_ENHANCED_ENMPC_ROBUST_TRACKING_030_MINUS_C0_CASCADED_PID,M6_GP_ENHANCED_ENMPC_ROBUST_TRACKING_030,C0_CASCADED_PID,MU_SEATTLE_WA_01,P_ENERGY_WIND_PAYLOAD,flight_controller_sensitive_energy_j,lower,546688.0328796695,570391.5116343845,-23703.478754715063,-4.155650684000495,1
controller_comparison,M6_GP_ENHANCED_ENMPC_ROBUST_TRACKING_030_MINUS_C0_CASCADED_PID,M6_GP_ENHANCED_ENMPC_ROBUST_TRACKING_030,C0_CASCADED_PID,MU_SEATTLE_WA_01,P_ENERGY_WIND_PAYLOAD,service_energy_j,lower,107757.71716880225,107757.71716880225,0.0,0.0,0
controller_comparison,M6_GP_ENHANCED_ENMPC_ROBUST_TRACKING_030_MINUS_C0_CASCADED_PID,M6_GP_ENHANCED_ENMPC_ROBUST_TRACKING_030,C0_CASCADED_PID,MU_SEATTLE_WA_01,P_ENERGY_WIND_PAYLOAD,position_rms_m,lower,0.08611098399395539,0.25603813507859396,-0.16992715108463857,-66.36790688718203,1
controller_comparison,M6_GP_ENHANCED_ENMPC_ROBUST_TRACKING_030_MINUS_C0_CASCADED_PID,M6_GP_ENHANCED_ENMPC_ROBUST_TRACKING_030,C0_CASCADED_PID,MU_SEATTLE_WA_01,P_ENERGY_WIND_PAYLOAD,position_p95_m,lower,0.13505743720936272,0.35588219471628757,-0.22082475750692485,-62.04995944879128,1
controller_comparison,M6_GP_ENHANCED_ENMPC_ROBUST_TRACKING_030_MINUS_C0_CASCADED_PID,M6_GP_ENHANCED_ENMPC_ROBUST_TRACKING_030,C0_CASCADED_PID,MU_SEATTLE_WA_01,P_ENERGY_WIND_PAYLOAD,position_max_m,lower,0.19804930222833267,0.4518117066033083,-0.25376240437497566,-56.1655222001097,1
controller_comparison,M6_GP_ENHANCED_ENMPC_ROBUST_TRACKING_030_MINUS_C0_CASCADED_PID,M6_GP_ENHANCED_ENMPC_ROBUST_TRACKING_030,C0_CASCADED_PID,MU_SEATTLE_WA_01,P_ENERGY_WIND_PAYLOAD,vertical_p95_error_m,lower,0.04457216418751209,0.2575776078644356,-0.21300544367692353,-82.69563703263731,1
controller_comparison,M6_GP_ENHANCED_ENMPC_ROBUST_TRACKING_030_MINUS_C0_CASCADED_PID,M6_GP_ENHANCED_ENMPC_ROBUST_TRACKING_030,C0_CASCADED_PID,MU_SEATTLE_WA_01,P_ENERGY_WIND_PAYLOAD,attitude_p95_rad,lower,0.014887763520907206,0.02298415615505647,-0.008096392634149263,-35.22597296820085,1
controller_comparison,M6_GP_ENHANCED_ENMPC_ROBUST_TRACKING_030_MINUS_C0_CASCADED_PID,M6_GP_ENHANCED_ENMPC_ROBUST_TRACKING_030,C0_CASCADED_PID,MU_SEATTLE_WA_01,P_ENERGY_WIND_PAYLOAD,acceleration_p95_mps2,lower,1.0606014643276054,1.0032815380102955,0.057319926317309866,5.713244403060236,0
controller_comparison,M6_GP_ENHANCED_ENMPC_ROBUST_TRACKING_030_MINUS_C0_CASCADED_PID,M6_GP_ENHANCED_ENMPC_ROBUST_TRACKING_030,C0_CASCADED_PID,MU_SEATTLE_WA_01,P_ENERGY_WIND_PAYLOAD,acceleration_max_mps2,lower,1.3759799295180404,1.4504136040216107,-0.0744336745035703,-5.1318930198383095,1
controller_comparison,M6_GP_ENHANCED_ENMPC_ROBUST_TRACKING_030_MINUS_C0_CASCADED_PID,M6_GP_ENHANCED_ENMPC_ROBUST_TRACKING_030,C0_CASCADED_PID,MU_SEATTLE_WA_01,P_ENERGY_WIND_PAYLOAD,jerk_p95_mps3,lower,0.5399841069343269,0.5030145337544438,0.03696957317988303,7.349603381028834,0
controller_comparison,M6_GP_ENHANCED_ENMPC_ROBUST_TRACKING_030_MINUS_C0_CASCADED_PID,M6_GP_ENHANCED_ENMPC_ROBUST_TRACKING_030,C0_CASCADED_PID,MU_SEATTLE_WA_01,P_ENERGY_WIND_PAYLOAD,jerk_max_mps3,lower,2.3783510555898157,1.5105080224312386,0.8678430331585771,57.45371889927073,0
controller_comparison,M6_GP_ENHANCED_ENMPC_ROBUST_TRACKING_030_MINUS_C0_CASCADED_PID,M6_GP_ENHANCED_ENMPC_ROBUST_TRACKING_030,C0_CASCADED_PID,MU_SEATTLE_WA_01,P_ENERGY_WIND_PAYLOAD,robust_compensation_p95_mps2,lower,0.2998671471445268,0.0,0.2998671471445268,,0
controller_comparison,M6_GP_ENHANCED_ENMPC_ROBUST_TRACKING_030_MINUS_C0_CASCADED_PID,M6_GP_ENHANCED_ENMPC_ROBUST_TRACKING_030,C0_CASCADED_PID,MU_SEATTLE_WA_01,P_ENERGY_WIND_PAYLOAD,rotor_command_total_variation_n,lower,2570.771626033286,462.5080396797596,2108.263586353526,455.8328516436789,0
controller_comparison,M6_GP_ENHANCED_ENMPC_ROBUST_TRACKING_030_MINUS_C0_CASCADED_PID,M6_GP_ENHANCED_ENMPC_ROBUST_TRACKING_030,C0_CASCADED_PID,MU_SEATTLE_WA_01,P_ENERGY_WIND_PAYLOAD,minimum_per_rotor_margin_n,higher,11.262569858311466,12.142170560231634,-0.8796007019201681,-7.244180087545963,0
controller_comparison,M6_GP_ENHANCED_ENMPC_ROBUST_TRACKING_030_MINUS_C0_CASCADED_PID,M6_GP_ENHANCED_ENMPC_ROBUST_TRACKING_030,C0_CASCADED_PID,MU_SEATTLE_WA_01,P_ENERGY_WIND_PAYLOAD,solver_deadline_miss_count,lower,0.0,0.0,0.0,,0
controller_comparison,M6_GP_ENHANCED_ENMPC_ROBUST_TRACKING_030_MINUS_C0_CASCADED_PID,M6_GP_ENHANCED_ENMPC_ROBUST_TRACKING_030,C0_CASCADED_PID,MU_SEATTLE_WA_02,P_DIST_FIXED,service_corrected_mission_time_s,lower,729.1879999995534,754.7362498260645,-25.548249826511096,-3.3850566780645437,1
controller_comparison,M6_GP_ENHANCED_ENMPC_ROBUST_TRACKING_030_MINUS_C0_CASCADED_PID,M6_GP_ENHANCED_ENMPC_ROBUST_TRACKING_030,C0_CASCADED_PID,MU_SEATTLE_WA_02,P_DIST_FIXED,service_corrected_modeled_energy_j,lower,873842.2440328405,904338.4304851614,-30496.186452320893,-3.3722094986011193,1
controller_comparison,M6_GP_ENHANCED_ENMPC_ROBUST_TRACKING_030_MINUS_C0_CASCADED_PID,M6_GP_ENHANCED_ENMPC_ROBUST_TRACKING_030,C0_CASCADED_PID,MU_SEATTLE_WA_02,P_DIST_FIXED,flight_time_s,lower,617.2199999995535,642.7682498260646,-25.548249826511096,-3.9747218120099346,1
controller_comparison,M6_GP_ENHANCED_ENMPC_ROBUST_TRACKING_030_MINUS_C0_CASCADED_PID,M6_GP_ENHANCED_ENMPC_ROBUST_TRACKING_030,C0_CASCADED_PID,MU_SEATTLE_WA_02,P_DIST_FIXED,service_time_s,lower,111.968,111.96799999999998,2.842170943040401e-14,2.5383778785370833e-14,0
controller_comparison,M6_GP_ENHANCED_ENMPC_ROBUST_TRACKING_030_MINUS_C0_CASCADED_PID,M6_GP_ENHANCED_ENMPC_ROBUST_TRACKING_030,C0_CASCADED_PID,MU_SEATTLE_WA_02,P_DIST_FIXED,flight_controller_sensitive_energy_j,lower,766209.8392717263,796706.0257240472,-30496.186452320893,-3.827784084425109,1
controller_comparison,M6_GP_ENHANCED_ENMPC_ROBUST_TRACKING_030_MINUS_C0_CASCADED_PID,M6_GP_ENHANCED_ENMPC_ROBUST_TRACKING_030,C0_CASCADED_PID,MU_SEATTLE_WA_02,P_DIST_FIXED,service_energy_j,lower,107632.40476111413,107632.40476111413,0.0,0.0,0
controller_comparison,M6_GP_ENHANCED_ENMPC_ROBUST_TRACKING_030_MINUS_C0_CASCADED_PID,M6_GP_ENHANCED_ENMPC_ROBUST_TRACKING_030,C0_CASCADED_PID,MU_SEATTLE_WA_02,P_DIST_FIXED,position_rms_m,lower,0.14443929398524588,0.33268586421753704,-0.18824657023229116,-56.58388001397025,1
controller_comparison,M6_GP_ENHANCED_ENMPC_ROBUST_TRACKING_030_MINUS_C0_CASCADED_PID,M6_GP_ENHANCED_ENMPC_ROBUST_TRACKING_030,C0_CASCADED_PID,MU_SEATTLE_WA_02,P_DIST_FIXED,position_p95_m,lower,0.20594752107765418,0.4741162924654685,-0.2681687713878143,-56.56181313519108,1
controller_comparison,M6_GP_ENHANCED_ENMPC_ROBUST_TRACKING_030_MINUS_C0_CASCADED_PID,M6_GP_ENHANCED_ENMPC_ROBUST_TRACKING_030,C0_CASCADED_PID,MU_SEATTLE_WA_02,P_DIST_FIXED,position_max_m,lower,0.4695109618136482,0.6754420774959843,-0.20593111568233607,-30.488345713635287,1
controller_comparison,M6_GP_ENHANCED_ENMPC_ROBUST_TRACKING_030_MINUS_C0_CASCADED_PID,M6_GP_ENHANCED_ENMPC_ROBUST_TRACKING_030,C0_CASCADED_PID,MU_SEATTLE_WA_02,P_DIST_FIXED,vertical_p95_error_m,lower,0.04007483772733522,0.3446897284670598,-0.3046148907397246,-88.37364898990167,1
controller_comparison,M6_GP_ENHANCED_ENMPC_ROBUST_TRACKING_030_MINUS_C0_CASCADED_PID,M6_GP_ENHANCED_ENMPC_ROBUST_TRACKING_030,C0_CASCADED_PID,MU_SEATTLE_WA_02,P_DIST_FIXED,attitude_p95_rad,lower,0.02190515981548231,0.034118274133689654,-0.012213114318207343,-35.79640127853847,1
controller_comparison,M6_GP_ENHANCED_ENMPC_ROBUST_TRACKING_030_MINUS_C0_CASCADED_PID,M6_GP_ENHANCED_ENMPC_ROBUST_TRACKING_030,C0_CASCADED_PID,MU_SEATTLE_WA_02,P_DIST_FIXED,acceleration_p95_mps2,lower,1.2049017548335577,1.1516153973659278,0.053286357467629886,4.627096649585526,0
controller_comparison,M6_GP_ENHANCED_ENMPC_ROBUST_TRACKING_030_MINUS_C0_CASCADED_PID,M6_GP_ENHANCED_ENMPC_ROBUST_TRACKING_030,C0_CASCADED_PID,MU_SEATTLE_WA_02,P_DIST_FIXED,acceleration_max_mps2,lower,1.817371717195426,1.907650004060303,-0.09027828686487704,-4.732434496512771,1
controller_comparison,M6_GP_ENHANCED_ENMPC_ROBUST_TRACKING_030_MINUS_C0_CASCADED_PID,M6_GP_ENHANCED_ENMPC_ROBUST_TRACKING_030,C0_CASCADED_PID,MU_SEATTLE_WA_02,P_DIST_FIXED,jerk_p95_mps3,lower,0.7568764793380227,0.6329114128081401,0.1239650665298826,19.586479880314812,0
controller_comparison,M6_GP_ENHANCED_ENMPC_ROBUST_TRACKING_030_MINUS_C0_CASCADED_PID,M6_GP_ENHANCED_ENMPC_ROBUST_TRACKING_030,C0_CASCADED_PID,MU_SEATTLE_WA_02,P_DIST_FIXED,jerk_max_mps3,lower,6.439206475791178,1.8391924877646018,4.600013988026577,250.11052506078593,0
controller_comparison,M6_GP_ENHANCED_ENMPC_ROBUST_TRACKING_030_MINUS_C0_CASCADED_PID,M6_GP_ENHANCED_ENMPC_ROBUST_TRACKING_030,C0_CASCADED_PID,MU_SEATTLE_WA_02,P_DIST_FIXED,robust_compensation_p95_mps2,lower,0.3550533350750655,0.0,0.3550533350750655,,0
controller_comparison,M6_GP_ENHANCED_ENMPC_ROBUST_TRACKING_030_MINUS_C0_CASCADED_PID,M6_GP_ENHANCED_ENMPC_ROBUST_TRACKING_030,C0_CASCADED_PID,MU_SEATTLE_WA_02,P_DIST_FIXED,rotor_command_total_variation_n,lower,4332.196959172315,631.5661655687052,3700.630793603609,585.9450672553539,0
controller_comparison,M6_GP_ENHANCED_ENMPC_ROBUST_TRACKING_030_MINUS_C0_CASCADED_PID,M6_GP_ENHANCED_ENMPC_ROBUST_TRACKING_030,C0_CASCADED_PID,MU_SEATTLE_WA_02,P_DIST_FIXED,minimum_per_rotor_margin_n,higher,5.302170951396313,11.640853750268871,-6.338682798872558,-54.45204393815318,0
controller_comparison,M6_GP_ENHANCED_ENMPC_ROBUST_TRACKING_030_MINUS_C0_CASCADED_PID,M6_GP_ENHANCED_ENMPC_ROBUST_TRACKING_030,C0_CASCADED_PID,MU_SEATTLE_WA_02,P_DIST_FIXED,solver_deadline_miss_count,lower,0.0,0.0,0.0,,0
controller_comparison,M6_GP_ENHANCED_ENMPC_ROBUST_TRACKING_030_MINUS_C0_CASCADED_PID,M6_GP_ENHANCED_ENMPC_ROBUST_TRACKING_030,C0_CASCADED_PID,MU_SEATTLE_WA_02,P_ENERGY_WIND_PAYLOAD,service_corrected_mission_time_s,lower,716.3979999995653,741.5338824861113,-25.135882486546052,-3.389714628045582,1
controller_comparison,M6_GP_ENHANCED_ENMPC_ROBUST_TRACKING_030_MINUS_C0_CASCADED_PID,M6_GP_ENHANCED_ENMPC_ROBUST_TRACKING_030,C0_CASCADED_PID,MU_SEATTLE_WA_02,P_ENERGY_WIND_PAYLOAD,service_corrected_modeled_energy_j,lower,858139.1922346294,887902.1937426657,-29763.00150803628,-3.3520585620562477,1
controller_comparison,M6_GP_ENHANCED_ENMPC_ROBUST_TRACKING_030_MINUS_C0_CASCADED_PID,M6_GP_ENHANCED_ENMPC_ROBUST_TRACKING_030,C0_CASCADED_PID,MU_SEATTLE_WA_02,P_ENERGY_WIND_PAYLOAD,flight_time_s,lower,604.4299999995653,629.5658824861114,-25.135882486546052,-3.992573801376628,1
controller_comparison,M6_GP_ENHANCED_ENMPC_ROBUST_TRACKING_030_MINUS_C0_CASCADED_PID,M6_GP_ENHANCED_ENMPC_ROBUST_TRACKING_030,C0_CASCADED_PID,MU_SEATTLE_WA_02,P_ENERGY_WIND_PAYLOAD,service_time_s,lower,111.968,111.96799999999998,2.842170943040401e-14,2.5383778785370833e-14,0
controller_comparison,M6_GP_ENHANCED_ENMPC_ROBUST_TRACKING_030_MINUS_C0_CASCADED_PID,M6_GP_ENHANCED_ENMPC_ROBUST_TRACKING_030,C0_CASCADED_PID,MU_SEATTLE_WA_02,P_ENERGY_WIND_PAYLOAD,flight_controller_sensitive_energy_j,lower,750506.7874735153,780269.7889815515,-29763.00150803628,-3.8144500694925645,1
controller_comparison,M6_GP_ENHANCED_ENMPC_ROBUST_TRACKING_030_MINUS_C0_CASCADED_PID,M6_GP_ENHANCED_ENMPC_ROBUST_TRACKING_030,C0_CASCADED_PID,MU_SEATTLE_WA_02,P_ENERGY_WIND_PAYLOAD,service_energy_j,lower,107632.40476111413,107632.40476111413,0.0,0.0,0
controller_comparison,M6_GP_ENHANCED_ENMPC_ROBUST_TRACKING_030_MINUS_C0_CASCADED_PID,M6_GP_ENHANCED_ENMPC_ROBUST_TRACKING_030,C0_CASCADED_PID,MU_SEATTLE_WA_02,P_ENERGY_WIND_PAYLOAD,position_rms_m,lower,0.14427695169036833,0.3307727911927989,-0.18649583950243057,-56.381856207068424,1
controller_comparison,M6_GP_ENHANCED_ENMPC_ROBUST_TRACKING_030_MINUS_C0_CASCADED_PID,M6_GP_ENHANCED_ENMPC_ROBUST_TRACKING_030,C0_CASCADED_PID,MU_SEATTLE_WA_02,P_ENERGY_WIND_PAYLOAD,position_p95_m,lower,0.24900838760057306,0.46736758133370915,-0.2183591937331361,-46.72108260269416,1
controller_comparison,M6_GP_ENHANCED_ENMPC_ROBUST_TRACKING_030_MINUS_C0_CASCADED_PID,M6_GP_ENHANCED_ENMPC_ROBUST_TRACKING_030,C0_CASCADED_PID,MU_SEATTLE_WA_02,P_ENERGY_WIND_PAYLOAD,position_max_m,lower,0.3590578062798806,0.6754420774959843,-0.3163842712161037,-46.84106628195438,1
controller_comparison,M6_GP_ENHANCED_ENMPC_ROBUST_TRACKING_030_MINUS_C0_CASCADED_PID,M6_GP_ENHANCED_ENMPC_ROBUST_TRACKING_030,C0_CASCADED_PID,MU_SEATTLE_WA_02,P_ENERGY_WIND_PAYLOAD,vertical_p95_error_m,lower,0.034511983096301435,0.34518666494882666,-0.3106746818525252,-90.00193616940047,1
controller_comparison,M6_GP_ENHANCED_ENMPC_ROBUST_TRACKING_030_MINUS_C0_CASCADED_PID,M6_GP_ENHANCED_ENMPC_ROBUST_TRACKING_030,C0_CASCADED_PID,MU_SEATTLE_WA_02,P_ENERGY_WIND_PAYLOAD,attitude_p95_rad,lower,0.020993663061681756,0.032287008585440556,-0.0112933455237588,-34.977986560363476,1
controller_comparison,M6_GP_ENHANCED_ENMPC_ROBUST_TRACKING_030_MINUS_C0_CASCADED_PID,M6_GP_ENHANCED_ENMPC_ROBUST_TRACKING_030,C0_CASCADED_PID,MU_SEATTLE_WA_02,P_ENERGY_WIND_PAYLOAD,acceleration_p95_mps2,lower,1.1232603621486381,1.0660981632140367,0.057162198934601394,5.3618138466978245,0
controller_comparison,M6_GP_ENHANCED_ENMPC_ROBUST_TRACKING_030_MINUS_C0_CASCADED_PID,M6_GP_ENHANCED_ENMPC_ROBUST_TRACKING_030,C0_CASCADED_PID,MU_SEATTLE_WA_02,P_ENERGY_WIND_PAYLOAD,acceleration_max_mps2,lower,1.7972773639740085,1.907650004060303,-0.11037264008629455,-5.7857908867650725,1
controller_comparison,M6_GP_ENHANCED_ENMPC_ROBUST_TRACKING_030_MINUS_C0_CASCADED_PID,M6_GP_ENHANCED_ENMPC_ROBUST_TRACKING_030,C0_CASCADED_PID,MU_SEATTLE_WA_02,P_ENERGY_WIND_PAYLOAD,jerk_p95_mps3,lower,0.6123648108031953,0.6134513509079922,-0.001086540104796918,-0.1771191966875107,1
controller_comparison,M6_GP_ENHANCED_ENMPC_ROBUST_TRACKING_030_MINUS_C0_CASCADED_PID,M6_GP_ENHANCED_ENMPC_ROBUST_TRACKING_030,C0_CASCADED_PID,MU_SEATTLE_WA_02,P_ENERGY_WIND_PAYLOAD,jerk_max_mps3,lower,4.93423491129846,1.8694567300340617,3.064778181264398,163.93950884375687,0
controller_comparison,M6_GP_ENHANCED_ENMPC_ROBUST_TRACKING_030_MINUS_C0_CASCADED_PID,M6_GP_ENHANCED_ENMPC_ROBUST_TRACKING_030,C0_CASCADED_PID,MU_SEATTLE_WA_02,P_ENERGY_WIND_PAYLOAD,robust_compensation_p95_mps2,lower,0.3553057120871946,0.0,0.3553057120871946,,0
controller_comparison,M6_GP_ENHANCED_ENMPC_ROBUST_TRACKING_030_MINUS_C0_CASCADED_PID,M6_GP_ENHANCED_ENMPC_ROBUST_TRACKING_030,C0_CASCADED_PID,MU_SEATTLE_WA_02,P_ENERGY_WIND_PAYLOAD,rotor_command_total_variation_n,lower,3527.439110733483,617.6369780528642,2909.8021326806193,471.11851072355427,0
controller_comparison,M6_GP_ENHANCED_ENMPC_ROBUST_TRACKING_030_MINUS_C0_CASCADED_PID,M6_GP_ENHANCED_ENMPC_ROBUST_TRACKING_030,C0_CASCADED_PID,MU_SEATTLE_WA_02,P_ENERGY_WIND_PAYLOAD,minimum_per_rotor_margin_n,higher,5.302170951396313,11.640853750268871,-6.338682798872558,-54.45204393815318,0
controller_comparison,M6_GP_ENHANCED_ENMPC_ROBUST_TRACKING_030_MINUS_C0_CASCADED_PID,M6_GP_ENHANCED_ENMPC_ROBUST_TRACKING_030,C0_CASCADED_PID,MU_SEATTLE_WA_02,P_ENERGY_WIND_PAYLOAD,solver_deadline_miss_count,lower,0.0,0.0,0.0,,0
controller_comparison,M6_GP_ENHANCED_ENMPC_ROBUST_TRACKING_030_MINUS_M0_NOMINAL_GEOMETRIC_TRACKING,M6_GP_ENHANCED_ENMPC_ROBUST_TRACKING_030,M0_NOMINAL_GEOMETRIC_TRACKING,MU_CAMBRIDGE_MA_01,P_DIST_FIXED,service_corrected_mission_time_s,lower,601.1079999996805,622.3867980061933,-21.27879800651283,-3.4189025337104093,1
controller_comparison,M6_GP_ENHANCED_ENMPC_ROBUST_TRACKING_030_MINUS_M0_NOMINAL_GEOMETRIC_TRACKING,M6_GP_ENHANCED_ENMPC_ROBUST_TRACKING_030,M0_NOMINAL_GEOMETRIC_TRACKING,MU_CAMBRIDGE_MA_01,P_DIST_FIXED,service_corrected_modeled_energy_j,lower,709597.9482928197,734477.1162547144,-24879.167961894767,-3.387330579985932,1
controller_comparison,M6_GP_ENHANCED_ENMPC_ROBUST_TRACKING_030_MINUS_M0_NOMINAL_GEOMETRIC_TRACKING,M6_GP_ENHANCED_ENMPC_ROBUST_TRACKING_030,M0_NOMINAL_GEOMETRIC_TRACKING,MU_CAMBRIDGE_MA_01,P_DIST_FIXED,flight_time_s,lower,489.1399999996805,510.4187980061933,-21.278798006512773,-4.168889956567504,1
controller_comparison,M6_GP_ENHANCED_ENMPC_ROBUST_TRACKING_030_MINUS_M0_NOMINAL_GEOMETRIC_TRACKING,M6_GP_ENHANCED_ENMPC_ROBUST_TRACKING_030,M0_NOMINAL_GEOMETRIC_TRACKING,MU_CAMBRIDGE_MA_01,P_DIST_FIXED,service_time_s,lower,111.968,111.96800000000002,-1.4210854715202004e-14,-1.2691889392685412e-14,1
controller_comparison,M6_GP_ENHANCED_ENMPC_ROBUST_TRACKING_030_MINUS_M0_NOMINAL_GEOMETRIC_TRACKING,M6_GP_ENHANCED_ENMPC_ROBUST_TRACKING_030,M0_NOMINAL_GEOMETRIC_TRACKING,MU_CAMBRIDGE_MA_01,P_DIST_FIXED,flight_controller_sensitive_energy_j,lower,604433.5096512033,629312.677613098,-24879.167961894767,-3.953387377520861,1
controller_comparison,M6_GP_ENHANCED_ENMPC_ROBUST_TRACKING_030_MINUS_M0_NOMINAL_GEOMETRIC_TRACKING,M6_GP_ENHANCED_ENMPC_ROBUST_TRACKING_030,M0_NOMINAL_GEOMETRIC_TRACKING,MU_CAMBRIDGE_MA_01,P_DIST_FIXED,service_energy_j,lower,105164.43864161639,105164.43864161639,0.0,0.0,0
controller_comparison,M6_GP_ENHANCED_ENMPC_ROBUST_TRACKING_030_MINUS_M0_NOMINAL_GEOMETRIC_TRACKING,M6_GP_ENHANCED_ENMPC_ROBUST_TRACKING_030,M0_NOMINAL_GEOMETRIC_TRACKING,MU_CAMBRIDGE_MA_01,P_DIST_FIXED,position_rms_m,lower,0.15864834861809868,0.5962333894795692,-0.4375850408614705,-73.3915692382513,1
controller_comparison,M6_GP_ENHANCED_ENMPC_ROBUST_TRACKING_030_MINUS_M0_NOMINAL_GEOMETRIC_TRACKING,M6_GP_ENHANCED_ENMPC_ROBUST_TRACKING_030,M0_NOMINAL_GEOMETRIC_TRACKING,MU_CAMBRIDGE_MA_01,P_DIST_FIXED,position_p95_m,lower,0.21189780522358173,0.8001884682439514,-0.5882906630203697,-73.5190128784784,1
controller_comparison,M6_GP_ENHANCED_ENMPC_ROBUST_TRACKING_030_MINUS_M0_NOMINAL_GEOMETRIC_TRACKING,M6_GP_ENHANCED_ENMPC_ROBUST_TRACKING_030,M0_NOMINAL_GEOMETRIC_TRACKING,MU_CAMBRIDGE_MA_01,P_DIST_FIXED,position_max_m,lower,0.29355945677213674,1.1328975523717448,-0.8393380955996081,-74.08773139658005,1
controller_comparison,M6_GP_ENHANCED_ENMPC_ROBUST_TRACKING_030_MINUS_M0_NOMINAL_GEOMETRIC_TRACKING,M6_GP_ENHANCED_ENMPC_ROBUST_TRACKING_030,M0_NOMINAL_GEOMETRIC_TRACKING,MU_CAMBRIDGE_MA_01,P_DIST_FIXED,vertical_p95_error_m,lower,0.033328915039485096,0.3945819509914852,-0.3612530359520001,-91.5533604728402,1
controller_comparison,M6_GP_ENHANCED_ENMPC_ROBUST_TRACKING_030_MINUS_M0_NOMINAL_GEOMETRIC_TRACKING,M6_GP_ENHANCED_ENMPC_ROBUST_TRACKING_030,M0_NOMINAL_GEOMETRIC_TRACKING,MU_CAMBRIDGE_MA_01,P_DIST_FIXED,attitude_p95_rad,lower,0.024717069192215918,0.03948249809336891,-0.01476542890115299,-37.397402935942516,1
controller_comparison,M6_GP_ENHANCED_ENMPC_ROBUST_TRACKING_030_MINUS_M0_NOMINAL_GEOMETRIC_TRACKING,M6_GP_ENHANCED_ENMPC_ROBUST_TRACKING_030,M0_NOMINAL_GEOMETRIC_TRACKING,MU_CAMBRIDGE_MA_01,P_DIST_FIXED,acceleration_p95_mps2,lower,1.091918217970648,1.1012026610368653,-0.00928444306621734,-0.8431184735310517,1
controller_comparison,M6_GP_ENHANCED_ENMPC_ROBUST_TRACKING_030_MINUS_M0_NOMINAL_GEOMETRIC_TRACKING,M6_GP_ENHANCED_ENMPC_ROBUST_TRACKING_030,M0_NOMINAL_GEOMETRIC_TRACKING,MU_CAMBRIDGE_MA_01,P_DIST_FIXED,acceleration_max_mps2,lower,1.6599460799687762,1.8250518143830825,-0.16510573441430632,-9.046632709993307,1
controller_comparison,M6_GP_ENHANCED_ENMPC_ROBUST_TRACKING_030_MINUS_M0_NOMINAL_GEOMETRIC_TRACKING,M6_GP_ENHANCED_ENMPC_ROBUST_TRACKING_030,M0_NOMINAL_GEOMETRIC_TRACKING,MU_CAMBRIDGE_MA_01,P_DIST_FIXED,jerk_p95_mps3,lower,0.6533688940936362,0.4882428561800366,0.1651260379135996,33.82047188678381,0
controller_comparison,M6_GP_ENHANCED_ENMPC_ROBUST_TRACKING_030_MINUS_M0_NOMINAL_GEOMETRIC_TRACKING,M6_GP_ENHANCED_ENMPC_ROBUST_TRACKING_030,M0_NOMINAL_GEOMETRIC_TRACKING,MU_CAMBRIDGE_MA_01,P_DIST_FIXED,jerk_max_mps3,lower,4.861933846486981,1.6889409619268916,3.172992884560089,187.86878618540115,0
controller_comparison,M6_GP_ENHANCED_ENMPC_ROBUST_TRACKING_030_MINUS_M0_NOMINAL_GEOMETRIC_TRACKING,M6_GP_ENHANCED_ENMPC_ROBUST_TRACKING_030,M0_NOMINAL_GEOMETRIC_TRACKING,MU_CAMBRIDGE_MA_01,P_DIST_FIXED,robust_compensation_p95_mps2,lower,0.2797329964941522,0.0,0.2797329964941522,,0
controller_comparison,M6_GP_ENHANCED_ENMPC_ROBUST_TRACKING_030_MINUS_M0_NOMINAL_GEOMETRIC_TRACKING,M6_GP_ENHANCED_ENMPC_ROBUST_TRACKING_030,M0_NOMINAL_GEOMETRIC_TRACKING,MU_CAMBRIDGE_MA_01,P_DIST_FIXED,rotor_command_total_variation_n,lower,2246.963253181582,225.27566909818825,2021.6875840833936,897.4282896046908,0
controller_comparison,M6_GP_ENHANCED_ENMPC_ROBUST_TRACKING_030_MINUS_M0_NOMINAL_GEOMETRIC_TRACKING,M6_GP_ENHANCED_ENMPC_ROBUST_TRACKING_030,M0_NOMINAL_GEOMETRIC_TRACKING,MU_CAMBRIDGE_MA_01,P_DIST_FIXED,minimum_per_rotor_margin_n,higher,8.025827106664327,12.067184919915672,-4.041357813251345,-33.490477191424254,0
controller_comparison,M6_GP_ENHANCED_ENMPC_ROBUST_TRACKING_030_MINUS_M0_NOMINAL_GEOMETRIC_TRACKING,M6_GP_ENHANCED_ENMPC_ROBUST_TRACKING_030,M0_NOMINAL_GEOMETRIC_TRACKING,MU_CAMBRIDGE_MA_01,P_DIST_FIXED,solver_deadline_miss_count,lower,0.0,0.0,0.0,,0
controller_comparison,M6_GP_ENHANCED_ENMPC_ROBUST_TRACKING_030_MINUS_M0_NOMINAL_GEOMETRIC_TRACKING,M6_GP_ENHANCED_ENMPC_ROBUST_TRACKING_030,M0_NOMINAL_GEOMETRIC_TRACKING,MU_CAMBRIDGE_MA_01,P_ENERGY_WIND_PAYLOAD,service_corrected_mission_time_s,lower,597.3179999996637,618.6048230214662,-21.286823021802547,-3.4411020136944312,1
controller_comparison,M6_GP_ENHANCED_ENMPC_ROBUST_TRACKING_030_MINUS_M0_NOMINAL_GEOMETRIC_TRACKING,M6_GP_ENHANCED_ENMPC_ROBUST_TRACKING_030,M0_NOMINAL_GEOMETRIC_TRACKING,MU_CAMBRIDGE_MA_01,P_ENERGY_WIND_PAYLOAD,service_corrected_modeled_energy_j,lower,702676.8655332434,727129.292629774,-24452.427096530562,-3.36287196023896,1
controller_comparison,M6_GP_ENHANCED_ENMPC_ROBUST_TRACKING_030_MINUS_M0_NOMINAL_GEOMETRIC_TRACKING,M6_GP_ENHANCED_ENMPC_ROBUST_TRACKING_030,M0_NOMINAL_GEOMETRIC_TRACKING,MU_CAMBRIDGE_MA_01,P_ENERGY_WIND_PAYLOAD,flight_time_s,lower,485.34999999966374,506.63682302146617,-21.286823021802434,-4.201594131048882,1
controller_comparison,M6_GP_ENHANCED_ENMPC_ROBUST_TRACKING_030_MINUS_M0_NOMINAL_GEOMETRIC_TRACKING,M6_GP_ENHANCED_ENMPC_ROBUST_TRACKING_030,M0_NOMINAL_GEOMETRIC_TRACKING,MU_CAMBRIDGE_MA_01,P_ENERGY_WIND_PAYLOAD,service_time_s,lower,111.968,111.96800000000006,-5.684341886080802e-14,-5.076755757074163e-14,1
controller_comparison,M6_GP_ENHANCED_ENMPC_ROBUST_TRACKING_030_MINUS_M0_NOMINAL_GEOMETRIC_TRACKING,M6_GP_ENHANCED_ENMPC_ROBUST_TRACKING_030,M0_NOMINAL_GEOMETRIC_TRACKING,MU_CAMBRIDGE_MA_01,P_ENERGY_WIND_PAYLOAD,flight_controller_sensitive_energy_j,lower,595280.2395189939,619732.6666155244,-24452.427096530562,-3.945641147185257,1
controller_comparison,M6_GP_ENHANCED_ENMPC_ROBUST_TRACKING_030_MINUS_M0_NOMINAL_GEOMETRIC_TRACKING,M6_GP_ENHANCED_ENMPC_ROBUST_TRACKING_030,M0_NOMINAL_GEOMETRIC_TRACKING,MU_CAMBRIDGE_MA_01,P_ENERGY_WIND_PAYLOAD,service_energy_j,lower,107396.62601424947,107396.62601424947,0.0,0.0,0
controller_comparison,M6_GP_ENHANCED_ENMPC_ROBUST_TRACKING_030_MINUS_M0_NOMINAL_GEOMETRIC_TRACKING,M6_GP_ENHANCED_ENMPC_ROBUST_TRACKING_030,M0_NOMINAL_GEOMETRIC_TRACKING,MU_CAMBRIDGE_MA_01,P_ENERGY_WIND_PAYLOAD,position_rms_m,lower,0.1620385251716138,0.5838166224796288,-0.4217780973080151,-72.24496204246603,1
controller_comparison,M6_GP_ENHANCED_ENMPC_ROBUST_TRACKING_030_MINUS_M0_NOMINAL_GEOMETRIC_TRACKING,M6_GP_ENHANCED_ENMPC_ROBUST_TRACKING_030,M0_NOMINAL_GEOMETRIC_TRACKING,MU_CAMBRIDGE_MA_01,P_ENERGY_WIND_PAYLOAD,position_p95_m,lower,0.23511604120177063,0.7569787494343896,-0.5218627082326189,-68.94020586741067,1
controller_comparison,M6_GP_ENHANCED_ENMPC_ROBUST_TRACKING_030_MINUS_M0_NOMINAL_GEOMETRIC_TRACKING,M6_GP_ENHANCED_ENMPC_ROBUST_TRACKING_030,M0_NOMINAL_GEOMETRIC_TRACKING,MU_CAMBRIDGE_MA_01,P_ENERGY_WIND_PAYLOAD,position_max_m,lower,0.2594145925075157,0.8391361026682072,-0.5797215101606914,-69.08551643974639,1
controller_comparison,M6_GP_ENHANCED_ENMPC_ROBUST_TRACKING_030_MINUS_M0_NOMINAL_GEOMETRIC_TRACKING,M6_GP_ENHANCED_ENMPC_ROBUST_TRACKING_030,M0_NOMINAL_GEOMETRIC_TRACKING,MU_CAMBRIDGE_MA_01,P_ENERGY_WIND_PAYLOAD,vertical_p95_error_m,lower,0.02643405470069915,0.3849124750803128,-0.35847842037961364,-93.13245051483882,1
controller_comparison,M6_GP_ENHANCED_ENMPC_ROBUST_TRACKING_030_MINUS_M0_NOMINAL_GEOMETRIC_TRACKING,M6_GP_ENHANCED_ENMPC_ROBUST_TRACKING_030,M0_NOMINAL_GEOMETRIC_TRACKING,MU_CAMBRIDGE_MA_01,P_ENERGY_WIND_PAYLOAD,attitude_p95_rad,lower,0.0231541187836344,0.0316399898802311,-0.008485871096596698,-26.82008157625466,1
controller_comparison,M6_GP_ENHANCED_ENMPC_ROBUST_TRACKING_030_MINUS_M0_NOMINAL_GEOMETRIC_TRACKING,M6_GP_ENHANCED_ENMPC_ROBUST_TRACKING_030,M0_NOMINAL_GEOMETRIC_TRACKING,MU_CAMBRIDGE_MA_01,P_ENERGY_WIND_PAYLOAD,acceleration_p95_mps2,lower,0.8606444890909306,0.839146602521553,0.021497886569377567,2.5618749459008154,0
controller_comparison,M6_GP_ENHANCED_ENMPC_ROBUST_TRACKING_030_MINUS_M0_NOMINAL_GEOMETRIC_TRACKING,M6_GP_ENHANCED_ENMPC_ROBUST_TRACKING_030,M0_NOMINAL_GEOMETRIC_TRACKING,MU_CAMBRIDGE_MA_01,P_ENERGY_WIND_PAYLOAD,acceleration_max_mps2,lower,1.2766956886450838,1.2438821792776336,0.0328135093674502,2.637991757909593,0
controller_comparison,M6_GP_ENHANCED_ENMPC_ROBUST_TRACKING_030_MINUS_M0_NOMINAL_GEOMETRIC_TRACKING,M6_GP_ENHANCED_ENMPC_ROBUST_TRACKING_030,M0_NOMINAL_GEOMETRIC_TRACKING,MU_CAMBRIDGE_MA_01,P_ENERGY_WIND_PAYLOAD,jerk_p95_mps3,lower,0.3966168092729822,0.32921258441281875,0.06740422486016345,20.474376755792964,0
controller_comparison,M6_GP_ENHANCED_ENMPC_ROBUST_TRACKING_030_MINUS_M0_NOMINAL_GEOMETRIC_TRACKING,M6_GP_ENHANCED_ENMPC_ROBUST_TRACKING_030,M0_NOMINAL_GEOMETRIC_TRACKING,MU_CAMBRIDGE_MA_01,P_ENERGY_WIND_PAYLOAD,jerk_max_mps3,lower,2.8007618090319943,1.4908115023393513,1.309950306692643,87.86827205432044,0
controller_comparison,M6_GP_ENHANCED_ENMPC_ROBUST_TRACKING_030_MINUS_M0_NOMINAL_GEOMETRIC_TRACKING,M6_GP_ENHANCED_ENMPC_ROBUST_TRACKING_030,M0_NOMINAL_GEOMETRIC_TRACKING,MU_CAMBRIDGE_MA_01,P_ENERGY_WIND_PAYLOAD,robust_compensation_p95_mps2,lower,0.2855608395719873,0.0,0.2855608395719873,,0
controller_comparison,M6_GP_ENHANCED_ENMPC_ROBUST_TRACKING_030_MINUS_M0_NOMINAL_GEOMETRIC_TRACKING,M6_GP_ENHANCED_ENMPC_ROBUST_TRACKING_030,M0_NOMINAL_GEOMETRIC_TRACKING,MU_CAMBRIDGE_MA_01,P_ENERGY_WIND_PAYLOAD,rotor_command_total_variation_n,lower,1349.290170637565,208.27078384663452,1141.0193867909306,547.8537919323093,0
controller_comparison,M6_GP_ENHANCED_ENMPC_ROBUST_TRACKING_030_MINUS_M0_NOMINAL_GEOMETRIC_TRACKING,M6_GP_ENHANCED_ENMPC_ROBUST_TRACKING_030,M0_NOMINAL_GEOMETRIC_TRACKING,MU_CAMBRIDGE_MA_01,P_ENERGY_WIND_PAYLOAD,minimum_per_rotor_margin_n,higher,10.584404421519764,12.272370608776068,-1.687966187256304,-13.754198280560615,0
controller_comparison,M6_GP_ENHANCED_ENMPC_ROBUST_TRACKING_030_MINUS_M0_NOMINAL_GEOMETRIC_TRACKING,M6_GP_ENHANCED_ENMPC_ROBUST_TRACKING_030,M0_NOMINAL_GEOMETRIC_TRACKING,MU_CAMBRIDGE_MA_01,P_ENERGY_WIND_PAYLOAD,solver_deadline_miss_count,lower,0.0,0.0,0.0,,0
controller_comparison,M6_GP_ENHANCED_ENMPC_ROBUST_TRACKING_030_MINUS_M0_NOMINAL_GEOMETRIC_TRACKING,M6_GP_ENHANCED_ENMPC_ROBUST_TRACKING_030,M0_NOMINAL_GEOMETRIC_TRACKING,MU_CAMBRIDGE_MA_02,P_DIST_FIXED,service_corrected_mission_time_s,lower,734.187999999579,755.2384901027585,-21.050490103179527,-2.7872639409990048,1
controller_comparison,M6_GP_ENHANCED_ENMPC_ROBUST_TRACKING_030_MINUS_M0_NOMINAL_GEOMETRIC_TRACKING,M6_GP_ENHANCED_ENMPC_ROBUST_TRACKING_030,M0_NOMINAL_GEOMETRIC_TRACKING,MU_CAMBRIDGE_MA_02,P_DIST_FIXED,service_corrected_modeled_energy_j,lower,901957.0548662968,926275.1858900109,-24318.131023714086,-2.6253678598059413,1
controller_comparison,M6_GP_ENHANCED_ENMPC_ROBUST_TRACKING_030_MINUS_M0_NOMINAL_GEOMETRIC_TRACKING,M6_GP_ENHANCED_ENMPC_ROBUST_TRACKING_030,M0_NOMINAL_GEOMETRIC_TRACKING,MU_CAMBRIDGE_MA_02,P_DIST_FIXED,flight_time_s,lower,622.219999999579,643.2704901027586,-21.050490103179527,-3.272416569243964,1
controller_comparison,M6_GP_ENHANCED_ENMPC_ROBUST_TRACKING_030_MINUS_M0_NOMINAL_GEOMETRIC_TRACKING,M6_GP_ENHANCED_ENMPC_ROBUST_TRACKING_030,M0_NOMINAL_GEOMETRIC_TRACKING,MU_CAMBRIDGE_MA_02,P_DIST_FIXED,service_time_s,lower,111.968,111.96799999999999,1.4210854715202004e-14,1.2691889392685415e-14,0
controller_comparison,M6_GP_ENHANCED_ENMPC_ROBUST_TRACKING_030_MINUS_M0_NOMINAL_GEOMETRIC_TRACKING,M6_GP_ENHANCED_ENMPC_ROBUST_TRACKING_030,M0_NOMINAL_GEOMETRIC_TRACKING,MU_CAMBRIDGE_MA_02,P_DIST_FIXED,flight_controller_sensitive_energy_j,lower,796615.6418081057,820933.7728318198,-24318.131023714086,-2.9622524774231707,1
controller_comparison,M6_GP_ENHANCED_ENMPC_ROBUST_TRACKING_030_MINUS_M0_NOMINAL_GEOMETRIC_TRACKING,M6_GP_ENHANCED_ENMPC_ROBUST_TRACKING_030,M0_NOMINAL_GEOMETRIC_TRACKING,MU_CAMBRIDGE_MA_02,P_DIST_FIXED,service_energy_j,lower,105341.41305819107,105341.41305819107,0.0,0.0,0
controller_comparison,M6_GP_ENHANCED_ENMPC_ROBUST_TRACKING_030_MINUS_M0_NOMINAL_GEOMETRIC_TRACKING,M6_GP_ENHANCED_ENMPC_ROBUST_TRACKING_030,M0_NOMINAL_GEOMETRIC_TRACKING,MU_CAMBRIDGE_MA_02,P_DIST_FIXED,position_rms_m,lower,0.14161964551335474,0.7287162587006561,-0.5870966131873014,-80.5658726805587,1
controller_comparison,M6_GP_ENHANCED_ENMPC_ROBUST_TRACKING_030_MINUS_M0_NOMINAL_GEOMETRIC_TRACKING,M6_GP_ENHANCED_ENMPC_ROBUST_TRACKING_030,M0_NOMINAL_GEOMETRIC_TRACKING,MU_CAMBRIDGE_MA_02,P_DIST_FIXED,position_p95_m,lower,0.2320289993042513,0.922806380739759,-0.6907773814355076,-74.85615572811194,1
controller_comparison,M6_GP_ENHANCED_ENMPC_ROBUST_TRACKING_030_MINUS_M0_NOMINAL_GEOMETRIC_TRACKING,M6_GP_ENHANCED_ENMPC_ROBUST_TRACKING_030,M0_NOMINAL_GEOMETRIC_TRACKING,MU_CAMBRIDGE_MA_02,P_DIST_FIXED,position_max_m,lower,0.40090347183658026,1.117076885595099,-0.7161734137585187,-64.11138060358242,1
controller_comparison,M6_GP_ENHANCED_ENMPC_ROBUST_TRACKING_030_MINUS_M0_NOMINAL_GEOMETRIC_TRACKING,M6_GP_ENHANCED_ENMPC_ROBUST_TRACKING_030,M0_NOMINAL_GEOMETRIC_TRACKING,MU_CAMBRIDGE_MA_02,P_DIST_FIXED,vertical_p95_error_m,lower,0.04171826146819768,0.5954732311572357,-0.553754969689038,-92.9940996025761,1
controller_comparison,M6_GP_ENHANCED_ENMPC_ROBUST_TRACKING_030_MINUS_M0_NOMINAL_GEOMETRIC_TRACKING,M6_GP_ENHANCED_ENMPC_ROBUST_TRACKING_030,M0_NOMINAL_GEOMETRIC_TRACKING,MU_CAMBRIDGE_MA_02,P_DIST_FIXED,attitude_p95_rad,lower,0.017831318339086404,0.03919670422014792,-0.021365385881061516,-54.50811823632678,1
controller_comparison,M6_GP_ENHANCED_ENMPC_ROBUST_TRACKING_030_MINUS_M0_NOMINAL_GEOMETRIC_TRACKING,M6_GP_ENHANCED_ENMPC_ROBUST_TRACKING_030,M0_NOMINAL_GEOMETRIC_TRACKING,MU_CAMBRIDGE_MA_02,P_DIST_FIXED,acceleration_p95_mps2,lower,1.1377719923472378,1.1538048477903533,-0.0160328554431155,-1.3895638828195214,1
controller_comparison,M6_GP_ENHANCED_ENMPC_ROBUST_TRACKING_030_MINUS_M0_NOMINAL_GEOMETRIC_TRACKING,M6_GP_ENHANCED_ENMPC_ROBUST_TRACKING_030,M0_NOMINAL_GEOMETRIC_TRACKING,MU_CAMBRIDGE_MA_02,P_DIST_FIXED,acceleration_max_mps2,lower,1.8280950387388741,1.6252034043238412,0.20289163441503288,12.48407638546912,0
controller_comparison,M6_GP_ENHANCED_ENMPC_ROBUST_TRACKING_030_MINUS_M0_NOMINAL_GEOMETRIC_TRACKING,M6_GP_ENHANCED_ENMPC_ROBUST_TRACKING_030,M0_NOMINAL_GEOMETRIC_TRACKING,MU_CAMBRIDGE_MA_02,P_DIST_FIXED,jerk_p95_mps3,lower,0.7640913922679868,0.6417004638259788,0.12239092844200805,19.072906338929958,0
controller_comparison,M6_GP_ENHANCED_ENMPC_ROBUST_TRACKING_030_MINUS_M0_NOMINAL_GEOMETRIC_TRACKING,M6_GP_ENHANCED_ENMPC_ROBUST_TRACKING_030,M0_NOMINAL_GEOMETRIC_TRACKING,MU_CAMBRIDGE_MA_02,P_DIST_FIXED,jerk_max_mps3,lower,5.104842282435621,2.6018286272107347,2.5030136552248865,96.20209528973544,0
controller_comparison,M6_GP_ENHANCED_ENMPC_ROBUST_TRACKING_030_MINUS_M0_NOMINAL_GEOMETRIC_TRACKING,M6_GP_ENHANCED_ENMPC_ROBUST_TRACKING_030,M0_NOMINAL_GEOMETRIC_TRACKING,MU_CAMBRIDGE_MA_02,P_DIST_FIXED,robust_compensation_p95_mps2,lower,0.49152256899091534,0.0,0.49152256899091534,,0
controller_comparison,M6_GP_ENHANCED_ENMPC_ROBUST_TRACKING_030_MINUS_M0_NOMINAL_GEOMETRIC_TRACKING,M6_GP_ENHANCED_ENMPC_ROBUST_TRACKING_030,M0_NOMINAL_GEOMETRIC_TRACKING,MU_CAMBRIDGE_MA_02,P_DIST_FIXED,rotor_command_total_variation_n,lower,4430.328304723927,598.0828868676005,3832.245417856327,640.7549023727014,0
controller_comparison,M6_GP_ENHANCED_ENMPC_ROBUST_TRACKING_030_MINUS_M0_NOMINAL_GEOMETRIC_TRACKING,M6_GP_ENHANCED_ENMPC_ROBUST_TRACKING_030,M0_NOMINAL_GEOMETRIC_TRACKING,MU_CAMBRIDGE_MA_02,P_DIST_FIXED,minimum_per_rotor_margin_n,higher,7.8619305351524,11.854965949448633,-3.9930354142962337,-33.68238619430153,0
controller_comparison,M6_GP_ENHANCED_ENMPC_ROBUST_TRACKING_030_MINUS_M0_NOMINAL_GEOMETRIC_TRACKING,M6_GP_ENHANCED_ENMPC_ROBUST_TRACKING_030,M0_NOMINAL_GEOMETRIC_TRACKING,MU_CAMBRIDGE_MA_02,P_DIST_FIXED,solver_deadline_miss_count,lower,0.0,0.0,0.0,,0
controller_comparison,M6_GP_ENHANCED_ENMPC_ROBUST_TRACKING_030_MINUS_M0_NOMINAL_GEOMETRIC_TRACKING,M6_GP_ENHANCED_ENMPC_ROBUST_TRACKING_030,M0_NOMINAL_GEOMETRIC_TRACKING,MU_CAMBRIDGE_MA_02,P_ENERGY_WIND_PAYLOAD,service_corrected_mission_time_s,lower,728.0579999995848,751.2604917699716,-23.202491770386814,-3.0884749064497834,1
controller_comparison,M6_GP_ENHANCED_ENMPC_ROBUST_TRACKING_030_MINUS_M0_NOMINAL_GEOMETRIC_TRACKING,M6_GP_ENHANCED_ENMPC_ROBUST_TRACKING_030,M0_NOMINAL_GEOMETRIC_TRACKING,MU_CAMBRIDGE_MA_02,P_ENERGY_WIND_PAYLOAD,service_corrected_modeled_energy_j,lower,894329.3079114362,920957.1462315886,-26627.83832015237,-2.891322188997532,1
controller_comparison,M6_GP_ENHANCED_ENMPC_ROBUST_TRACKING_030_MINUS_M0_NOMINAL_GEOMETRIC_TRACKING,M6_GP_ENHANCED_ENMPC_ROBUST_TRACKING_030,M0_NOMINAL_GEOMETRIC_TRACKING,MU_CAMBRIDGE_MA_02,P_ENERGY_WIND_PAYLOAD,flight_time_s,lower,616.0899999995848,639.2924917699717,-23.202491770386814,-3.629401575818204,1
controller_comparison,M6_GP_ENHANCED_ENMPC_ROBUST_TRACKING_030_MINUS_M0_NOMINAL_GEOMETRIC_TRACKING,M6_GP_ENHANCED_ENMPC_ROBUST_TRACKING_030,M0_NOMINAL_GEOMETRIC_TRACKING,MU_CAMBRIDGE_MA_02,P_ENERGY_WIND_PAYLOAD,service_time_s,lower,111.968,111.96799999999999,1.4210854715202004e-14,1.2691889392685415e-14,0
controller_comparison,M6_GP_ENHANCED_ENMPC_ROBUST_TRACKING_030_MINUS_M0_NOMINAL_GEOMETRIC_TRACKING,M6_GP_ENHANCED_ENMPC_ROBUST_TRACKING_030,M0_NOMINAL_GEOMETRIC_TRACKING,MU_CAMBRIDGE_MA_02,P_ENERGY_WIND_PAYLOAD,flight_controller_sensitive_energy_j,lower,788987.8948532451,815615.7331733975,-26627.83832015237,-3.2647529022703843,1
controller_comparison,M6_GP_ENHANCED_ENMPC_ROBUST_TRACKING_030_MINUS_M0_NOMINAL_GEOMETRIC_TRACKING,M6_GP_ENHANCED_ENMPC_ROBUST_TRACKING_030,M0_NOMINAL_GEOMETRIC_TRACKING,MU_CAMBRIDGE_MA_02,P_ENERGY_WIND_PAYLOAD,service_energy_j,lower,105341.41305819107,105341.41305819107,0.0,0.0,0
controller_comparison,M6_GP_ENHANCED_ENMPC_ROBUST_TRACKING_030_MINUS_M0_NOMINAL_GEOMETRIC_TRACKING,M6_GP_ENHANCED_ENMPC_ROBUST_TRACKING_030,M0_NOMINAL_GEOMETRIC_TRACKING,MU_CAMBRIDGE_MA_02,P_ENERGY_WIND_PAYLOAD,position_rms_m,lower,0.1370498430640068,0.7217605471334161,-0.5847107040694093,-81.01172977543293,1
controller_comparison,M6_GP_ENHANCED_ENMPC_ROBUST_TRACKING_030_MINUS_M0_NOMINAL_GEOMETRIC_TRACKING,M6_GP_ENHANCED_ENMPC_ROBUST_TRACKING_030,M0_NOMINAL_GEOMETRIC_TRACKING,MU_CAMBRIDGE_MA_02,P_ENERGY_WIND_PAYLOAD,position_p95_m,lower,0.2157140237215875,0.9085518768965064,-0.6928378531749189,-76.25737955014323,1
controller_comparison,M6_GP_ENHANCED_ENMPC_ROBUST_TRACKING_030_MINUS_M0_NOMINAL_GEOMETRIC_TRACKING,M6_GP_ENHANCED_ENMPC_ROBUST_TRACKING_030,M0_NOMINAL_GEOMETRIC_TRACKING,MU_CAMBRIDGE_MA_02,P_ENERGY_WIND_PAYLOAD,position_max_m,lower,0.3107588627432158,1.1170768855951019,-0.806318022851886,-72.18106768204545,1
controller_comparison,M6_GP_ENHANCED_ENMPC_ROBUST_TRACKING_030_MINUS_M0_NOMINAL_GEOMETRIC_TRACKING,M6_GP_ENHANCED_ENMPC_ROBUST_TRACKING_030,M0_NOMINAL_GEOMETRIC_TRACKING,MU_CAMBRIDGE_MA_02,P_ENERGY_WIND_PAYLOAD,vertical_p95_error_m,lower,0.04294015521889172,0.5953526349690197,-0.552412479750128,-92.78744181234266,1
controller_comparison,M6_GP_ENHANCED_ENMPC_ROBUST_TRACKING_030_MINUS_M0_NOMINAL_GEOMETRIC_TRACKING,M6_GP_ENHANCED_ENMPC_ROBUST_TRACKING_030,M0_NOMINAL_GEOMETRIC_TRACKING,MU_CAMBRIDGE_MA_02,P_ENERGY_WIND_PAYLOAD,attitude_p95_rad,lower,0.016754844089451982,0.037396614082771916,-0.020641769993319934,-55.196895493352436,1
controller_comparison,M6_GP_ENHANCED_ENMPC_ROBUST_TRACKING_030_MINUS_M0_NOMINAL_GEOMETRIC_TRACKING,M6_GP_ENHANCED_ENMPC_ROBUST_TRACKING_030,M0_NOMINAL_GEOMETRIC_TRACKING,MU_CAMBRIDGE_MA_02,P_ENERGY_WIND_PAYLOAD,acceleration_p95_mps2,lower,1.083306298231429,1.076920340038078,0.006385958193350971,0.5929833392435669,0
controller_comparison,M6_GP_ENHANCED_ENMPC_ROBUST_TRACKING_030_MINUS_M0_NOMINAL_GEOMETRIC_TRACKING,M6_GP_ENHANCED_ENMPC_ROBUST_TRACKING_030,M0_NOMINAL_GEOMETRIC_TRACKING,MU_CAMBRIDGE_MA_02,P_ENERGY_WIND_PAYLOAD,acceleration_max_mps2,lower,1.5774741088346411,1.4967520697368295,0.08072203909781162,5.393146983388157,0
controller_comparison,M6_GP_ENHANCED_ENMPC_ROBUST_TRACKING_030_MINUS_M0_NOMINAL_GEOMETRIC_TRACKING,M6_GP_ENHANCED_ENMPC_ROBUST_TRACKING_030,M0_NOMINAL_GEOMETRIC_TRACKING,MU_CAMBRIDGE_MA_02,P_ENERGY_WIND_PAYLOAD,jerk_p95_mps3,lower,0.5864325484409393,0.6010159502060017,-0.014583401765062454,-2.426458359393608,1
controller_comparison,M6_GP_ENHANCED_ENMPC_ROBUST_TRACKING_030_MINUS_M0_NOMINAL_GEOMETRIC_TRACKING,M6_GP_ENHANCED_ENMPC_ROBUST_TRACKING_030,M0_NOMINAL_GEOMETRIC_TRACKING,MU_CAMBRIDGE_MA_02,P_ENERGY_WIND_PAYLOAD,jerk_max_mps3,lower,4.317380807227982,2.6916319545017116,1.6257488527262707,60.400117111376666,0
controller_comparison,M6_GP_ENHANCED_ENMPC_ROBUST_TRACKING_030_MINUS_M0_NOMINAL_GEOMETRIC_TRACKING,M6_GP_ENHANCED_ENMPC_ROBUST_TRACKING_030,M0_NOMINAL_GEOMETRIC_TRACKING,MU_CAMBRIDGE_MA_02,P_ENERGY_WIND_PAYLOAD,robust_compensation_p95_mps2,lower,0.49421869653996164,0.0,0.49421869653996164,,0
controller_comparison,M6_GP_ENHANCED_ENMPC_ROBUST_TRACKING_030_MINUS_M0_NOMINAL_GEOMETRIC_TRACKING,M6_GP_ENHANCED_ENMPC_ROBUST_TRACKING_030,M0_NOMINAL_GEOMETRIC_TRACKING,MU_CAMBRIDGE_MA_02,P_ENERGY_WIND_PAYLOAD,rotor_command_total_variation_n,lower,3320.5533445535234,593.5705779198742,2726.982766633649,459.4201377349541,0
controller_comparison,M6_GP_ENHANCED_ENMPC_ROBUST_TRACKING_030_MINUS_M0_NOMINAL_GEOMETRIC_TRACKING,M6_GP_ENHANCED_ENMPC_ROBUST_TRACKING_030,M0_NOMINAL_GEOMETRIC_TRACKING,MU_CAMBRIDGE_MA_02,P_ENERGY_WIND_PAYLOAD,minimum_per_rotor_margin_n,higher,10.231483657186576,11.860112333832454,-1.628628676645878,-13.731983566462612,0
controller_comparison,M6_GP_ENHANCED_ENMPC_ROBUST_TRACKING_030_MINUS_M0_NOMINAL_GEOMETRIC_TRACKING,M6_GP_ENHANCED_ENMPC_ROBUST_TRACKING_030,M0_NOMINAL_GEOMETRIC_TRACKING,MU_CAMBRIDGE_MA_02,P_ENERGY_WIND_PAYLOAD,solver_deadline_miss_count,lower,0.0,0.0,0.0,,0
controller_comparison,M6_GP_ENHANCED_ENMPC_ROBUST_TRACKING_030_MINUS_M0_NOMINAL_GEOMETRIC_TRACKING,M6_GP_ENHANCED_ENMPC_ROBUST_TRACKING_030,M0_NOMINAL_GEOMETRIC_TRACKING,MU_MANHATTAN_NY_01,P_DIST_FIXED,service_corrected_mission_time_s,lower,737.8579999995757,755.283454868684,-17.425454869108307,-2.307141081507995,1
controller_comparison,M6_GP_ENHANCED_ENMPC_ROBUST_TRACKING_030_MINUS_M0_NOMINAL_GEOMETRIC_TRACKING,M6_GP_ENHANCED_ENMPC_ROBUST_TRACKING_030,M0_NOMINAL_GEOMETRIC_TRACKING,MU_MANHATTAN_NY_01,P_DIST_FIXED,service_corrected_modeled_energy_j,lower,909089.2269692628,931068.2879793964,-21979.06101013359,-2.3606282475620053,1
controller_comparison,M6_GP_ENHANCED_ENMPC_ROBUST_TRACKING_030_MINUS_M0_NOMINAL_GEOMETRIC_TRACKING,M6_GP_ENHANCED_ENMPC_ROBUST_TRACKING_030,M0_NOMINAL_GEOMETRIC_TRACKING,MU_MANHATTAN_NY_01,P_DIST_FIXED,flight_time_s,lower,625.8899999995757,643.315454868684,-17.425454869108307,-2.708695203454308,1
controller_comparison,M6_GP_ENHANCED_ENMPC_ROBUST_TRACKING_030_MINUS_M0_NOMINAL_GEOMETRIC_TRACKING,M6_GP_ENHANCED_ENMPC_ROBUST_TRACKING_030,M0_NOMINAL_GEOMETRIC_TRACKING,MU_MANHATTAN_NY_01,P_DIST_FIXED,service_time_s,lower,111.968,111.96799999999993,7.105427357601002e-14,6.34594469634271e-14,0
controller_comparison,M6_GP_ENHANCED_ENMPC_ROBUST_TRACKING_030_MINUS_M0_NOMINAL_GEOMETRIC_TRACKING,M6_GP_ENHANCED_ENMPC_ROBUST_TRACKING_030,M0_NOMINAL_GEOMETRIC_TRACKING,MU_MANHATTAN_NY_01,P_DIST_FIXED,flight_controller_sensitive_energy_j,lower,802492.7355870141,824471.7965971478,-21979.061010133708,-2.665835399203241,1
controller_comparison,M6_GP_ENHANCED_ENMPC_ROBUST_TRACKING_030_MINUS_M0_NOMINAL_GEOMETRIC_TRACKING,M6_GP_ENHANCED_ENMPC_ROBUST_TRACKING_030,M0_NOMINAL_GEOMETRIC_TRACKING,MU_MANHATTAN_NY_01,P_DIST_FIXED,service_energy_j,lower,106596.49138224864,106596.49138224864,0.0,0.0,0
controller_comparison,M6_GP_ENHANCED_ENMPC_ROBUST_TRACKING_030_MINUS_M0_NOMINAL_GEOMETRIC_TRACKING,M6_GP_ENHANCED_ENMPC_ROBUST_TRACKING_030,M0_NOMINAL_GEOMETRIC_TRACKING,MU_MANHATTAN_NY_01,P_DIST_FIXED,position_rms_m,lower,0.08390302482653064,0.6123535848217536,-0.528450559995223,-86.29827163485072,1
controller_comparison,M6_GP_ENHANCED_ENMPC_ROBUST_TRACKING_030_MINUS_M0_NOMINAL_GEOMETRIC_TRACKING,M6_GP_ENHANCED_ENMPC_ROBUST_TRACKING_030,M0_NOMINAL_GEOMETRIC_TRACKING,MU_MANHATTAN_NY_01,P_DIST_FIXED,position_p95_m,lower,0.15963727883619674,0.8204915019900721,-0.6608542231538754,-80.54370112926188,1
controller_comparison,M6_GP_ENHANCED_ENMPC_ROBUST_TRACKING_030_MINUS_M0_NOMINAL_GEOMETRIC_TRACKING,M6_GP_ENHANCED_ENMPC_ROBUST_TRACKING_030,M0_NOMINAL_GEOMETRIC_TRACKING,MU_MANHATTAN_NY_01,P_DIST_FIXED,position_max_m,lower,0.34444032064096736,1.09046984924149,-0.7460295286005225,-68.4135860445336,1
controller_comparison,M6_GP_ENHANCED_ENMPC_ROBUST_TRACKING_030_MINUS_M0_NOMINAL_GEOMETRIC_TRACKING,M6_GP_ENHANCED_ENMPC_ROBUST_TRACKING_030,M0_NOMINAL_GEOMETRIC_TRACKING,MU_MANHATTAN_NY_01,P_DIST_FIXED,vertical_p95_error_m,lower,0.0352660725695042,0.546548926345519,-0.5112828537760148,-93.54749943334267,1
controller_comparison,M6_GP_ENHANCED_ENMPC_ROBUST_TRACKING_030_MINUS_M0_NOMINAL_GEOMETRIC_TRACKING,M6_GP_ENHANCED_ENMPC_ROBUST_TRACKING_030,M0_NOMINAL_GEOMETRIC_TRACKING,MU_MANHATTAN_NY_01,P_DIST_FIXED,attitude_p95_rad,lower,0.010875525437395719,0.040245435861147386,-0.029369910423751665,-72.9769967582961,1
controller_comparison,M6_GP_ENHANCED_ENMPC_ROBUST_TRACKING_030_MINUS_M0_NOMINAL_GEOMETRIC_TRACKING,M6_GP_ENHANCED_ENMPC_ROBUST_TRACKING_030,M0_NOMINAL_GEOMETRIC_TRACKING,MU_MANHATTAN_NY_01,P_DIST_FIXED,acceleration_p95_mps2,lower,1.2597552373968979,1.2894086495030075,-0.02965341210610961,-2.29976835641201,1
controller_comparison,M6_GP_ENHANCED_ENMPC_ROBUST_TRACKING_030_MINUS_M0_NOMINAL_GEOMETRIC_TRACKING,M6_GP_ENHANCED_ENMPC_ROBUST_TRACKING_030,M0_NOMINAL_GEOMETRIC_TRACKING,MU_MANHATTAN_NY_01,P_DIST_FIXED,acceleration_max_mps2,lower,1.6569630657754129,1.800822380488289,-0.14385931471287616,-7.988534364720024,1
controller_comparison,M6_GP_ENHANCED_ENMPC_ROBUST_TRACKING_030_MINUS_M0_NOMINAL_GEOMETRIC_TRACKING,M6_GP_ENHANCED_ENMPC_ROBUST_TRACKING_030,M0_NOMINAL_GEOMETRIC_TRACKING,MU_MANHATTAN_NY_01,P_DIST_FIXED,jerk_p95_mps3,lower,0.7607780904670164,0.6400377718874547,0.12074031857956169,18.864561418539665,0
controller_comparison,M6_GP_ENHANCED_ENMPC_ROBUST_TRACKING_030_MINUS_M0_NOMINAL_GEOMETRIC_TRACKING,M6_GP_ENHANCED_ENMPC_ROBUST_TRACKING_030,M0_NOMINAL_GEOMETRIC_TRACKING,MU_MANHATTAN_NY_01,P_DIST_FIXED,jerk_max_mps3,lower,5.376329784087543,1.7365002799950366,3.639829504092506,209.60719361950865,0
controller_comparison,M6_GP_ENHANCED_ENMPC_ROBUST_TRACKING_030_MINUS_M0_NOMINAL_GEOMETRIC_TRACKING,M6_GP_ENHANCED_ENMPC_ROBUST_TRACKING_030,M0_NOMINAL_GEOMETRIC_TRACKING,MU_MANHATTAN_NY_01,P_DIST_FIXED,robust_compensation_p95_mps2,lower,0.3718895113317886,0.0,0.3718895113317886,,0
controller_comparison,M6_GP_ENHANCED_ENMPC_ROBUST_TRACKING_030_MINUS_M0_NOMINAL_GEOMETRIC_TRACKING,M6_GP_ENHANCED_ENMPC_ROBUST_TRACKING_030,M0_NOMINAL_GEOMETRIC_TRACKING,MU_MANHATTAN_NY_01,P_DIST_FIXED,rotor_command_total_variation_n,lower,4301.228988491993,457.50103808382477,3843.727950408168,840.1572084966305,0
controller_comparison,M6_GP_ENHANCED_ENMPC_ROBUST_TRACKING_030_MINUS_M0_NOMINAL_GEOMETRIC_TRACKING,M6_GP_ENHANCED_ENMPC_ROBUST_TRACKING_030,M0_NOMINAL_GEOMETRIC_TRACKING,MU_MANHATTAN_NY_01,P_DIST_FIXED,minimum_per_rotor_margin_n,higher,9.166218615856732,11.995497099864252,-2.8292784840075207,-23.58617121452631,0
controller_comparison,M6_GP_ENHANCED_ENMPC_ROBUST_TRACKING_030_MINUS_M0_NOMINAL_GEOMETRIC_TRACKING,M6_GP_ENHANCED_ENMPC_ROBUST_TRACKING_030,M0_NOMINAL_GEOMETRIC_TRACKING,MU_MANHATTAN_NY_01,P_DIST_FIXED,solver_deadline_miss_count,lower,0.0,0.0,0.0,,0
controller_comparison,M6_GP_ENHANCED_ENMPC_ROBUST_TRACKING_030_MINUS_M0_NOMINAL_GEOMETRIC_TRACKING,M6_GP_ENHANCED_ENMPC_ROBUST_TRACKING_030,M0_NOMINAL_GEOMETRIC_TRACKING,MU_MANHATTAN_NY_01,P_ENERGY_WIND_PAYLOAD,service_corrected_mission_time_s,lower,732.7079999995406,753.1084112331683,-20.40041123362778,-2.7088279627926832,1
controller_comparison,M6_GP_ENHANCED_ENMPC_ROBUST_TRACKING_030_MINUS_M0_NOMINAL_GEOMETRIC_TRACKING,M6_GP_ENHANCED_ENMPC_ROBUST_TRACKING_030,M0_NOMINAL_GEOMETRIC_TRACKING,MU_MANHATTAN_NY_01,P_ENERGY_WIND_PAYLOAD,service_corrected_modeled_energy_j,lower,861646.0967496748,885604.6025823827,-23958.505832707975,-2.705327610408309,1
controller_comparison,M6_GP_ENHANCED_ENMPC_ROBUST_TRACKING_030_MINUS_M0_NOMINAL_GEOMETRIC_TRACKING,M6_GP_ENHANCED_ENMPC_ROBUST_TRACKING_030,M0_NOMINAL_GEOMETRIC_TRACKING,MU_MANHATTAN_NY_01,P_ENERGY_WIND_PAYLOAD,flight_time_s,lower,620.7399999995406,641.1404112331684,-20.40041123362778,-3.1818944612132096,1
controller_comparison,M6_GP_ENHANCED_ENMPC_ROBUST_TRACKING_030_MINUS_M0_NOMINAL_GEOMETRIC_TRACKING,M6_GP_ENHANCED_ENMPC_ROBUST_TRACKING_030,M0_NOMINAL_GEOMETRIC_TRACKING,MU_MANHATTAN_NY_01,P_ENERGY_WIND_PAYLOAD,service_time_s,lower,111.968,111.968,0.0,0.0,0
controller_comparison,M6_GP_ENHANCED_ENMPC_ROBUST_TRACKING_030_MINUS_M0_NOMINAL_GEOMETRIC_TRACKING,M6_GP_ENHANCED_ENMPC_ROBUST_TRACKING_030,M0_NOMINAL_GEOMETRIC_TRACKING,MU_MANHATTAN_NY_01,P_ENERGY_WIND_PAYLOAD,flight_controller_sensitive_energy_j,lower,754249.4707354252,778207.9765681332,-23958.505832707975,-3.078676466201754,1
controller_comparison,M6_GP_ENHANCED_ENMPC_ROBUST_TRACKING_030_MINUS_M0_NOMINAL_GEOMETRIC_TRACKING,M6_GP_ENHANCED_ENMPC_ROBUST_TRACKING_030,M0_NOMINAL_GEOMETRIC_TRACKING,MU_MANHATTAN_NY_01,P_ENERGY_WIND_PAYLOAD,service_energy_j,lower,107396.62601424947,107396.62601424947,0.0,0.0,0
controller_comparison,M6_GP_ENHANCED_ENMPC_ROBUST_TRACKING_030_MINUS_M0_NOMINAL_GEOMETRIC_TRACKING,M6_GP_ENHANCED_ENMPC_ROBUST_TRACKING_030,M0_NOMINAL_GEOMETRIC_TRACKING,MU_MANHATTAN_NY_01,P_ENERGY_WIND_PAYLOAD,position_rms_m,lower,0.08638250544532103,0.582657859256725,-0.496275353811404,-85.17440311274339,1
controller_comparison,M6_GP_ENHANCED_ENMPC_ROBUST_TRACKING_030_MINUS_M0_NOMINAL_GEOMETRIC_TRACKING,M6_GP_ENHANCED_ENMPC_ROBUST_TRACKING_030,M0_NOMINAL_GEOMETRIC_TRACKING,MU_MANHATTAN_NY_01,P_ENERGY_WIND_PAYLOAD,position_p95_m,lower,0.1665252754114613,0.7733952466963113,-0.60686997128485,-78.46828305154418,1
controller_comparison,M6_GP_ENHANCED_ENMPC_ROBUST_TRACKING_030_MINUS_M0_NOMINAL_GEOMETRIC_TRACKING,M6_GP_ENHANCED_ENMPC_ROBUST_TRACKING_030,M0_NOMINAL_GEOMETRIC_TRACKING,MU_MANHATTAN_NY_01,P_ENERGY_WIND_PAYLOAD,position_max_m,lower,0.30885619388645325,1.0426127220321517,-0.7337565281456985,-70.37670964876939,1
controller_comparison,M6_GP_ENHANCED_ENMPC_ROBUST_TRACKING_030_MINUS_M0_NOMINAL_GEOMETRIC_TRACKING,M6_GP_ENHANCED_ENMPC_ROBUST_TRACKING_030,M0_NOMINAL_GEOMETRIC_TRACKING,MU_MANHATTAN_NY_01,P_ENERGY_WIND_PAYLOAD,vertical_p95_error_m,lower,0.043798253162094625,0.5405784021986832,-0.4967801490365886,-91.89789066970583,1
controller_comparison,M6_GP_ENHANCED_ENMPC_ROBUST_TRACKING_030_MINUS_M0_NOMINAL_GEOMETRIC_TRACKING,M6_GP_ENHANCED_ENMPC_ROBUST_TRACKING_030,M0_NOMINAL_GEOMETRIC_TRACKING,MU_MANHATTAN_NY_01,P_ENERGY_WIND_PAYLOAD,attitude_p95_rad,lower,0.009258071433298688,0.03800964917197299,-0.028751577738674303,-75.64283902908193,1
controller_comparison,M6_GP_ENHANCED_ENMPC_ROBUST_TRACKING_030_MINUS_M0_NOMINAL_GEOMETRIC_TRACKING,M6_GP_ENHANCED_ENMPC_ROBUST_TRACKING_030,M0_NOMINAL_GEOMETRIC_TRACKING,MU_MANHATTAN_NY_01,P_ENERGY_WIND_PAYLOAD,acceleration_p95_mps2,lower,1.1262577934359317,1.1498002785377641,-0.023542485101832433,-2.0475282134887047,1
controller_comparison,M6_GP_ENHANCED_ENMPC_ROBUST_TRACKING_030_MINUS_M0_NOMINAL_GEOMETRIC_TRACKING,M6_GP_ENHANCED_ENMPC_ROBUST_TRACKING_030,M0_NOMINAL_GEOMETRIC_TRACKING,MU_MANHATTAN_NY_01,P_ENERGY_WIND_PAYLOAD,acceleration_max_mps2,lower,1.533205979503515,1.817314289007777,-0.284108309504262,-15.633416367368156,1
controller_comparison,M6_GP_ENHANCED_ENMPC_ROBUST_TRACKING_030_MINUS_M0_NOMINAL_GEOMETRIC_TRACKING,M6_GP_ENHANCED_ENMPC_ROBUST_TRACKING_030,M0_NOMINAL_GEOMETRIC_TRACKING,MU_MANHATTAN_NY_01,P_ENERGY_WIND_PAYLOAD,jerk_p95_mps3,lower,0.6141371103045807,0.6353525457980123,-0.021215435493431523,-3.339159594738795,1
controller_comparison,M6_GP_ENHANCED_ENMPC_ROBUST_TRACKING_030_MINUS_M0_NOMINAL_GEOMETRIC_TRACKING,M6_GP_ENHANCED_ENMPC_ROBUST_TRACKING_030,M0_NOMINAL_GEOMETRIC_TRACKING,MU_MANHATTAN_NY_01,P_ENERGY_WIND_PAYLOAD,jerk_max_mps3,lower,3.177506372295117,1.474139147040896,1.7033672252542211,115.54996206928395,0
controller_comparison,M6_GP_ENHANCED_ENMPC_ROBUST_TRACKING_030_MINUS_M0_NOMINAL_GEOMETRIC_TRACKING,M6_GP_ENHANCED_ENMPC_ROBUST_TRACKING_030,M0_NOMINAL_GEOMETRIC_TRACKING,MU_MANHATTAN_NY_01,P_ENERGY_WIND_PAYLOAD,robust_compensation_p95_mps2,lower,0.3748912698936149,0.0,0.3748912698936149,,0
controller_comparison,M6_GP_ENHANCED_ENMPC_ROBUST_TRACKING_030_MINUS_M0_NOMINAL_GEOMETRIC_TRACKING,M6_GP_ENHANCED_ENMPC_ROBUST_TRACKING_030,M0_NOMINAL_GEOMETRIC_TRACKING,MU_MANHATTAN_NY_01,P_ENERGY_WIND_PAYLOAD,rotor_command_total_variation_n,lower,3562.7991719976853,432.40440044490185,3130.3947715527834,723.9507202821972,0
controller_comparison,M6_GP_ENHANCED_ENMPC_ROBUST_TRACKING_030_MINUS_M0_NOMINAL_GEOMETRIC_TRACKING,M6_GP_ENHANCED_ENMPC_ROBUST_TRACKING_030,M0_NOMINAL_GEOMETRIC_TRACKING,MU_MANHATTAN_NY_01,P_ENERGY_WIND_PAYLOAD,minimum_per_rotor_margin_n,higher,9.08466255015908,12.063156009293309,-2.978493459134228,-24.690830963635328,0
controller_comparison,M6_GP_ENHANCED_ENMPC_ROBUST_TRACKING_030_MINUS_M0_NOMINAL_GEOMETRIC_TRACKING,M6_GP_ENHANCED_ENMPC_ROBUST_TRACKING_030,M0_NOMINAL_GEOMETRIC_TRACKING,MU_MANHATTAN_NY_01,P_ENERGY_WIND_PAYLOAD,solver_deadline_miss_count,lower,0.0,0.0,0.0,,0
controller_comparison,M6_GP_ENHANCED_ENMPC_ROBUST_TRACKING_030_MINUS_M0_NOMINAL_GEOMETRIC_TRACKING,M6_GP_ENHANCED_ENMPC_ROBUST_TRACKING_030,M0_NOMINAL_GEOMETRIC_TRACKING,MU_MANHATTAN_NY_02,P_DIST_FIXED,service_corrected_mission_time_s,lower,667.1079999996047,689.958965886621,-22.850965887016287,-3.3119311461736007,1
controller_comparison,M6_GP_ENHANCED_ENMPC_ROBUST_TRACKING_030_MINUS_M0_NOMINAL_GEOMETRIC_TRACKING,M6_GP_ENHANCED_ENMPC_ROBUST_TRACKING_030,M0_NOMINAL_GEOMETRIC_TRACKING,MU_MANHATTAN_NY_02,P_DIST_FIXED,service_corrected_modeled_energy_j,lower,803085.4027978649,830006.3843621288,-26920.98156426393,-3.2434668059756033,1
controller_comparison,M6_GP_ENHANCED_ENMPC_ROBUST_TRACKING_030_MINUS_M0_NOMINAL_GEOMETRIC_TRACKING,M6_GP_ENHANCED_ENMPC_ROBUST_TRACKING_030,M0_NOMINAL_GEOMETRIC_TRACKING,MU_MANHATTAN_NY_02,P_DIST_FIXED,flight_time_s,lower,555.1399999996047,577.990965886621,-22.850965887016287,-3.9535160989867,1
controller_comparison,M6_GP_ENHANCED_ENMPC_ROBUST_TRACKING_030_MINUS_M0_NOMINAL_GEOMETRIC_TRACKING,M6_GP_ENHANCED_ENMPC_ROBUST_TRACKING_030,M0_NOMINAL_GEOMETRIC_TRACKING,MU_MANHATTAN_NY_02,P_DIST_FIXED,service_time_s,lower,111.968,111.96799999999996,4.263256414560601e-14,3.8075668178056254e-14,0
controller_comparison,M6_GP_ENHANCED_ENMPC_ROBUST_TRACKING_030_MINUS_M0_NOMINAL_GEOMETRIC_TRACKING,M6_GP_ENHANCED_ENMPC_ROBUST_TRACKING_030,M0_NOMINAL_GEOMETRIC_TRACKING,MU_MANHATTAN_NY_02,P_DIST_FIXED,flight_controller_sensitive_energy_j,lower,696060.2580375683,722981.2396018322,-26920.98156426393,-3.7236072099312194,1
controller_comparison,M6_GP_ENHANCED_ENMPC_ROBUST_TRACKING_030_MINUS_M0_NOMINAL_GEOMETRIC_TRACKING,M6_GP_ENHANCED_ENMPC_ROBUST_TRACKING_030,M0_NOMINAL_GEOMETRIC_TRACKING,MU_MANHATTAN_NY_02,P_DIST_FIXED,service_energy_j,lower,107025.1447602966,107025.1447602966,0.0,0.0,0
controller_comparison,M6_GP_ENHANCED_ENMPC_ROBUST_TRACKING_030_MINUS_M0_NOMINAL_GEOMETRIC_TRACKING,M6_GP_ENHANCED_ENMPC_ROBUST_TRACKING_030,M0_NOMINAL_GEOMETRIC_TRACKING,MU_MANHATTAN_NY_02,P_DIST_FIXED,position_rms_m,lower,0.08570524081209668,0.5266715902979422,-0.4409663494858455,-83.72700514117108,1
controller_comparison,M6_GP_ENHANCED_ENMPC_ROBUST_TRACKING_030_MINUS_M0_NOMINAL_GEOMETRIC_TRACKING,M6_GP_ENHANCED_ENMPC_ROBUST_TRACKING_030,M0_NOMINAL_GEOMETRIC_TRACKING,MU_MANHATTAN_NY_02,P_DIST_FIXED,position_p95_m,lower,0.13396481832004348,0.7101965844806193,-0.5762317661605758,-81.13693852554718,1
controller_comparison,M6_GP_ENHANCED_ENMPC_ROBUST_TRACKING_030_MINUS_M0_NOMINAL_GEOMETRIC_TRACKING,M6_GP_ENHANCED_ENMPC_ROBUST_TRACKING_030,M0_NOMINAL_GEOMETRIC_TRACKING,MU_MANHATTAN_NY_02,P_DIST_FIXED,position_max_m,lower,0.18574482607937973,0.9839564730135252,-0.7982116469341455,-81.12265825026728,1
controller_comparison,M6_GP_ENHANCED_ENMPC_ROBUST_TRACKING_030_MINUS_M0_NOMINAL_GEOMETRIC_TRACKING,M6_GP_ENHANCED_ENMPC_ROBUST_TRACKING_030,M0_NOMINAL_GEOMETRIC_TRACKING,MU_MANHATTAN_NY_02,P_DIST_FIXED,vertical_p95_error_m,lower,0.038736148991590724,0.4950641984278086,-0.45632804943621785,-92.17553014041283,1
controller_comparison,M6_GP_ENHANCED_ENMPC_ROBUST_TRACKING_030_MINUS_M0_NOMINAL_GEOMETRIC_TRACKING,M6_GP_ENHANCED_ENMPC_ROBUST_TRACKING_030,M0_NOMINAL_GEOMETRIC_TRACKING,MU_MANHATTAN_NY_02,P_DIST_FIXED,attitude_p95_rad,lower,0.015659213957980762,0.03667497187075214,-0.021015757912771375,-57.30272401253345,1
controller_comparison,M6_GP_ENHANCED_ENMPC_ROBUST_TRACKING_030_MINUS_M0_NOMINAL_GEOMETRIC_TRACKING,M6_GP_ENHANCED_ENMPC_ROBUST_TRACKING_030,M0_NOMINAL_GEOMETRIC_TRACKING,MU_MANHATTAN_NY_02,P_DIST_FIXED,acceleration_p95_mps2,lower,1.0252723562669805,1.0205395905759547,0.004732765691025875,0.46375130712517265,0
controller_comparison,M6_GP_ENHANCED_ENMPC_ROBUST_TRACKING_030_MINUS_M0_NOMINAL_GEOMETRIC_TRACKING,M6_GP_ENHANCED_ENMPC_ROBUST_TRACKING_030,M0_NOMINAL_GEOMETRIC_TRACKING,MU_MANHATTAN_NY_02,P_DIST_FIXED,acceleration_max_mps2,lower,1.5892598752756102,1.6783523725871754,-0.08909249731156521,-5.308330882520777,1
controller_comparison,M6_GP_ENHANCED_ENMPC_ROBUST_TRACKING_030_MINUS_M0_NOMINAL_GEOMETRIC_TRACKING,M6_GP_ENHANCED_ENMPC_ROBUST_TRACKING_030,M0_NOMINAL_GEOMETRIC_TRACKING,MU_MANHATTAN_NY_02,P_DIST_FIXED,jerk_p95_mps3,lower,0.6208785525460682,0.5817361268538712,0.03914242569219695,6.728553356980922,0
controller_comparison,M6_GP_ENHANCED_ENMPC_ROBUST_TRACKING_030_MINUS_M0_NOMINAL_GEOMETRIC_TRACKING,M6_GP_ENHANCED_ENMPC_ROBUST_TRACKING_030,M0_NOMINAL_GEOMETRIC_TRACKING,MU_MANHATTAN_NY_02,P_DIST_FIXED,jerk_max_mps3,lower,3.165848171947883,2.2235878344206377,0.9422603375272454,42.375674256769535,0
controller_comparison,M6_GP_ENHANCED_ENMPC_ROBUST_TRACKING_030_MINUS_M0_NOMINAL_GEOMETRIC_TRACKING,M6_GP_ENHANCED_ENMPC_ROBUST_TRACKING_030,M0_NOMINAL_GEOMETRIC_TRACKING,MU_MANHATTAN_NY_02,P_DIST_FIXED,robust_compensation_p95_mps2,lower,0.3930408022169485,0.0,0.3930408022169485,,0
controller_comparison,M6_GP_ENHANCED_ENMPC_ROBUST_TRACKING_030_MINUS_M0_NOMINAL_GEOMETRIC_TRACKING,M6_GP_ENHANCED_ENMPC_ROBUST_TRACKING_030,M0_NOMINAL_GEOMETRIC_TRACKING,MU_MANHATTAN_NY_02,P_DIST_FIXED,rotor_command_total_variation_n,lower,3981.5939233443196,513.4207376756239,3468.1731856686956,675.5031363497176,0
controller_comparison,M6_GP_ENHANCED_ENMPC_ROBUST_TRACKING_030_MINUS_M0_NOMINAL_GEOMETRIC_TRACKING,M6_GP_ENHANCED_ENMPC_ROBUST_TRACKING_030,M0_NOMINAL_GEOMETRIC_TRACKING,MU_MANHATTAN_NY_02,P_DIST_FIXED,minimum_per_rotor_margin_n,higher,8.317334558066062,12.152814668494049,-3.835480110427987,-31.560426247356506,0
controller_comparison,M6_GP_ENHANCED_ENMPC_ROBUST_TRACKING_030_MINUS_M0_NOMINAL_GEOMETRIC_TRACKING,M6_GP_ENHANCED_ENMPC_ROBUST_TRACKING_030,M0_NOMINAL_GEOMETRIC_TRACKING,MU_MANHATTAN_NY_02,P_DIST_FIXED,solver_deadline_miss_count,lower,0.0,0.0,0.0,,0
controller_comparison,M6_GP_ENHANCED_ENMPC_ROBUST_TRACKING_030_MINUS_M0_NOMINAL_GEOMETRIC_TRACKING,M6_GP_ENHANCED_ENMPC_ROBUST_TRACKING_030,M0_NOMINAL_GEOMETRIC_TRACKING,MU_MANHATTAN_NY_02,P_ENERGY_WIND_PAYLOAD,service_corrected_mission_time_s,lower,685.0879999995883,708.1480057482586,-23.060005748670278,-3.256382219745732,1
controller_comparison,M6_GP_ENHANCED_ENMPC_ROBUST_TRACKING_030_MINUS_M0_NOMINAL_GEOMETRIC_TRACKING,M6_GP_ENHANCED_ENMPC_ROBUST_TRACKING_030,M0_NOMINAL_GEOMETRIC_TRACKING,MU_MANHATTAN_NY_02,P_ENERGY_WIND_PAYLOAD,service_corrected_modeled_energy_j,lower,807469.870194841,833705.5350859237,-26235.664891082793,-3.146874260392056,1
controller_comparison,M6_GP_ENHANCED_ENMPC_ROBUST_TRACKING_030_MINUS_M0_NOMINAL_GEOMETRIC_TRACKING,M6_GP_ENHANCED_ENMPC_ROBUST_TRACKING_030,M0_NOMINAL_GEOMETRIC_TRACKING,MU_MANHATTAN_NY_02,P_ENERGY_WIND_PAYLOAD,flight_time_s,lower,573.1199999995883,596.1800057482586,-23.060005748670278,-3.8679602680951923,1
controller_comparison,M6_GP_ENHANCED_ENMPC_ROBUST_TRACKING_030_MINUS_M0_NOMINAL_GEOMETRIC_TRACKING,M6_GP_ENHANCED_ENMPC_ROBUST_TRACKING_030,M0_NOMINAL_GEOMETRIC_TRACKING,MU_MANHATTAN_NY_02,P_ENERGY_WIND_PAYLOAD,service_time_s,lower,111.968,111.968,0.0,0.0,0
controller_comparison,M6_GP_ENHANCED_ENMPC_ROBUST_TRACKING_030_MINUS_M0_NOMINAL_GEOMETRIC_TRACKING,M6_GP_ENHANCED_ENMPC_ROBUST_TRACKING_030,M0_NOMINAL_GEOMETRIC_TRACKING,MU_MANHATTAN_NY_02,P_ENERGY_WIND_PAYLOAD,flight_controller_sensitive_energy_j,lower,699381.9946686216,725617.6595597044,-26235.664891082793,-3.6156320819151873,1
controller_comparison,M6_GP_ENHANCED_ENMPC_ROBUST_TRACKING_030_MINUS_M0_NOMINAL_GEOMETRIC_TRACKING,M6_GP_ENHANCED_ENMPC_ROBUST_TRACKING_030,M0_NOMINAL_GEOMETRIC_TRACKING,MU_MANHATTAN_NY_02,P_ENERGY_WIND_PAYLOAD,service_energy_j,lower,108087.87552621937,108087.87552621937,0.0,0.0,0
controller_comparison,M6_GP_ENHANCED_ENMPC_ROBUST_TRACKING_030_MINUS_M0_NOMINAL_GEOMETRIC_TRACKING,M6_GP_ENHANCED_ENMPC_ROBUST_TRACKING_030,M0_NOMINAL_GEOMETRIC_TRACKING,MU_MANHATTAN_NY_02,P_ENERGY_WIND_PAYLOAD,position_rms_m,lower,0.07748390174738826,0.4970271544567946,-0.4195432527094063,-84.41052947457747,1
controller_comparison,M6_GP_ENHANCED_ENMPC_ROBUST_TRACKING_030_MINUS_M0_NOMINAL_GEOMETRIC_TRACKING,M6_GP_ENHANCED_ENMPC_ROBUST_TRACKING_030,M0_NOMINAL_GEOMETRIC_TRACKING,MU_MANHATTAN_NY_02,P_ENERGY_WIND_PAYLOAD,position_p95_m,lower,0.11899040652962763,0.656033754096995,-0.5370433475673674,-81.86215178921496,1
controller_comparison,M6_GP_ENHANCED_ENMPC_ROBUST_TRACKING_030_MINUS_M0_NOMINAL_GEOMETRIC_TRACKING,M6_GP_ENHANCED_ENMPC_ROBUST_TRACKING_030,M0_NOMINAL_GEOMETRIC_TRACKING,MU_MANHATTAN_NY_02,P_ENERGY_WIND_PAYLOAD,position_max_m,lower,0.17327853173216734,0.7149993427245643,-0.541720810992397,-75.76521803895999,1
controller_comparison,M6_GP_ENHANCED_ENMPC_ROBUST_TRACKING_030_MINUS_M0_NOMINAL_GEOMETRIC_TRACKING,M6_GP_ENHANCED_ENMPC_ROBUST_TRACKING_030,M0_NOMINAL_GEOMETRIC_TRACKING,MU_MANHATTAN_NY_02,P_ENERGY_WIND_PAYLOAD,vertical_p95_error_m,lower,0.041236448487453004,0.4925594550795118,-0.4513230065920588,-91.62812771895804,1
controller_comparison,M6_GP_ENHANCED_ENMPC_ROBUST_TRACKING_030_MINUS_M0_NOMINAL_GEOMETRIC_TRACKING,M6_GP_ENHANCED_ENMPC_ROBUST_TRACKING_030,M0_NOMINAL_GEOMETRIC_TRACKING,MU_MANHATTAN_NY_02,P_ENERGY_WIND_PAYLOAD,attitude_p95_rad,lower,0.015391101859985103,0.028909612109177422,-0.013518510249192319,-46.76129931504974,1
controller_comparison,M6_GP_ENHANCED_ENMPC_ROBUST_TRACKING_030_MINUS_M0_NOMINAL_GEOMETRIC_TRACKING,M6_GP_ENHANCED_ENMPC_ROBUST_TRACKING_030,M0_NOMINAL_GEOMETRIC_TRACKING,MU_MANHATTAN_NY_02,P_ENERGY_WIND_PAYLOAD,acceleration_p95_mps2,lower,0.7956627047057199,0.7709407690963057,0.02472193560941416,3.2067230843678343,0
controller_comparison,M6_GP_ENHANCED_ENMPC_ROBUST_TRACKING_030_MINUS_M0_NOMINAL_GEOMETRIC_TRACKING,M6_GP_ENHANCED_ENMPC_ROBUST_TRACKING_030,M0_NOMINAL_GEOMETRIC_TRACKING,MU_MANHATTAN_NY_02,P_ENERGY_WIND_PAYLOAD,acceleration_max_mps2,lower,1.3377678639403985,1.0880259692849723,0.24974189465542618,22.953670381558197,0
controller_comparison,M6_GP_ENHANCED_ENMPC_ROBUST_TRACKING_030_MINUS_M0_NOMINAL_GEOMETRIC_TRACKING,M6_GP_ENHANCED_ENMPC_ROBUST_TRACKING_030,M0_NOMINAL_GEOMETRIC_TRACKING,MU_MANHATTAN_NY_02,P_ENERGY_WIND_PAYLOAD,jerk_p95_mps3,lower,0.5786196317560958,0.4746526142416394,0.10396701751445636,21.90381226079756,0
controller_comparison,M6_GP_ENHANCED_ENMPC_ROBUST_TRACKING_030_MINUS_M0_NOMINAL_GEOMETRIC_TRACKING,M6_GP_ENHANCED_ENMPC_ROBUST_TRACKING_030,M0_NOMINAL_GEOMETRIC_TRACKING,MU_MANHATTAN_NY_02,P_ENERGY_WIND_PAYLOAD,jerk_max_mps3,lower,3.59972018429216,2.4151482145337684,1.1845719697583914,49.04758898977414,0
controller_comparison,M6_GP_ENHANCED_ENMPC_ROBUST_TRACKING_030_MINUS_M0_NOMINAL_GEOMETRIC_TRACKING,M6_GP_ENHANCED_ENMPC_ROBUST_TRACKING_030,M0_NOMINAL_GEOMETRIC_TRACKING,MU_MANHATTAN_NY_02,P_ENERGY_WIND_PAYLOAD,robust_compensation_p95_mps2,lower,0.38938402308751335,0.0,0.38938402308751335,,0
controller_comparison,M6_GP_ENHANCED_ENMPC_ROBUST_TRACKING_030_MINUS_M0_NOMINAL_GEOMETRIC_TRACKING,M6_GP_ENHANCED_ENMPC_ROBUST_TRACKING_030,M0_NOMINAL_GEOMETRIC_TRACKING,MU_MANHATTAN_NY_02,P_ENERGY_WIND_PAYLOAD,rotor_command_total_variation_n,lower,3540.2159550196534,552.0300336751794,2988.185921344474,541.3085772617139,0
controller_comparison,M6_GP_ENHANCED_ENMPC_ROBUST_TRACKING_030_MINUS_M0_NOMINAL_GEOMETRIC_TRACKING,M6_GP_ENHANCED_ENMPC_ROBUST_TRACKING_030,M0_NOMINAL_GEOMETRIC_TRACKING,MU_MANHATTAN_NY_02,P_ENERGY_WIND_PAYLOAD,minimum_per_rotor_margin_n,higher,11.077726480437999,12.152814668494049,-1.0750881880560499,-8.846413093447367,0
controller_comparison,M6_GP_ENHANCED_ENMPC_ROBUST_TRACKING_030_MINUS_M0_NOMINAL_GEOMETRIC_TRACKING,M6_GP_ENHANCED_ENMPC_ROBUST_TRACKING_030,M0_NOMINAL_GEOMETRIC_TRACKING,MU_MANHATTAN_NY_02,P_ENERGY_WIND_PAYLOAD,solver_deadline_miss_count,lower,0.0,0.0,0.0,,0
controller_comparison,M6_GP_ENHANCED_ENMPC_ROBUST_TRACKING_030_MINUS_M0_NOMINAL_GEOMETRIC_TRACKING,M6_GP_ENHANCED_ENMPC_ROBUST_TRACKING_030,M0_NOMINAL_GEOMETRIC_TRACKING,MU_SEATTLE_WA_01,P_DIST_FIXED,service_corrected_mission_time_s,lower,559.607999999698,577.3333729966346,-17.725372996936585,-3.070214511406724,1
controller_comparison,M6_GP_ENHANCED_ENMPC_ROBUST_TRACKING_030_MINUS_M0_NOMINAL_GEOMETRIC_TRACKING,M6_GP_ENHANCED_ENMPC_ROBUST_TRACKING_030,M0_NOMINAL_GEOMETRIC_TRACKING,MU_SEATTLE_WA_01,P_DIST_FIXED,service_corrected_modeled_energy_j,lower,661886.7816674354,683258.7093520497,-21371.92768461432,-3.1279407627137044,1
controller_comparison,M6_GP_ENHANCED_ENMPC_ROBUST_TRACKING_030_MINUS_M0_NOMINAL_GEOMETRIC_TRACKING,M6_GP_ENHANCED_ENMPC_ROBUST_TRACKING_030,M0_NOMINAL_GEOMETRIC_TRACKING,MU_SEATTLE_WA_01,P_DIST_FIXED,flight_time_s,lower,447.63999999969803,465.3653729966345,-17.72537299693647,-3.8089153223406376,1
controller_comparison,M6_GP_ENHANCED_ENMPC_ROBUST_TRACKING_030_MINUS_M0_NOMINAL_GEOMETRIC_TRACKING,M6_GP_ENHANCED_ENMPC_ROBUST_TRACKING_030,M0_NOMINAL_GEOMETRIC_TRACKING,MU_SEATTLE_WA_01,P_DIST_FIXED,service_time_s,lower,111.968,111.96800000000006,-5.684341886080802e-14,-5.076755757074163e-14,1
controller_comparison,M6_GP_ENHANCED_ENMPC_ROBUST_TRACKING_030_MINUS_M0_NOMINAL_GEOMETRIC_TRACKING,M6_GP_ENHANCED_ENMPC_ROBUST_TRACKING_030,M0_NOMINAL_GEOMETRIC_TRACKING,MU_SEATTLE_WA_01,P_DIST_FIXED,flight_controller_sensitive_energy_j,lower,554129.0644986331,575500.9921832475,-21371.92768461432,-3.7136213446890465,1
controller_comparison,M6_GP_ENHANCED_ENMPC_ROBUST_TRACKING_030_MINUS_M0_NOMINAL_GEOMETRIC_TRACKING,M6_GP_ENHANCED_ENMPC_ROBUST_TRACKING_030,M0_NOMINAL_GEOMETRIC_TRACKING,MU_SEATTLE_WA_01,P_DIST_FIXED,service_energy_j,lower,107757.71716880225,107757.71716880225,0.0,0.0,0
controller_comparison,M6_GP_ENHANCED_ENMPC_ROBUST_TRACKING_030_MINUS_M0_NOMINAL_GEOMETRIC_TRACKING,M6_GP_ENHANCED_ENMPC_ROBUST_TRACKING_030,M0_NOMINAL_GEOMETRIC_TRACKING,MU_SEATTLE_WA_01,P_DIST_FIXED,position_rms_m,lower,0.08520259730540276,0.45855934940069587,-0.3733567520952931,-81.41950493065806,1
controller_comparison,M6_GP_ENHANCED_ENMPC_ROBUST_TRACKING_030_MINUS_M0_NOMINAL_GEOMETRIC_TRACKING,M6_GP_ENHANCED_ENMPC_ROBUST_TRACKING_030,M0_NOMINAL_GEOMETRIC_TRACKING,MU_SEATTLE_WA_01,P_DIST_FIXED,position_p95_m,lower,0.12930932946954393,0.6279671234103792,-0.49865779394083526,-79.40826443790756,1
controller_comparison,M6_GP_ENHANCED_ENMPC_ROBUST_TRACKING_030_MINUS_M0_NOMINAL_GEOMETRIC_TRACKING,M6_GP_ENHANCED_ENMPC_ROBUST_TRACKING_030,M0_NOMINAL_GEOMETRIC_TRACKING,MU_SEATTLE_WA_01,P_DIST_FIXED,position_max_m,lower,0.16948571257973372,0.8654872147132332,-0.6960015021334995,-80.41730603312374,1
controller_comparison,M6_GP_ENHANCED_ENMPC_ROBUST_TRACKING_030_MINUS_M0_NOMINAL_GEOMETRIC_TRACKING,M6_GP_ENHANCED_ENMPC_ROBUST_TRACKING_030,M0_NOMINAL_GEOMETRIC_TRACKING,MU_SEATTLE_WA_01,P_DIST_FIXED,vertical_p95_error_m,lower,0.04919078430151025,0.3708004301701049,-0.32160964586859464,-86.73389233153156,1
controller_comparison,M6_GP_ENHANCED_ENMPC_ROBUST_TRACKING_030_MINUS_M0_NOMINAL_GEOMETRIC_TRACKING,M6_GP_ENHANCED_ENMPC_ROBUST_TRACKING_030,M0_NOMINAL_GEOMETRIC_TRACKING,MU_SEATTLE_WA_01,P_DIST_FIXED,attitude_p95_rad,lower,0.014827751621772982,0.033485826702208836,-0.018658075080435856,-55.719320434771014,1
controller_comparison,M6_GP_ENHANCED_ENMPC_ROBUST_TRACKING_030_MINUS_M0_NOMINAL_GEOMETRIC_TRACKING,M6_GP_ENHANCED_ENMPC_ROBUST_TRACKING_030,M0_NOMINAL_GEOMETRIC_TRACKING,MU_SEATTLE_WA_01,P_DIST_FIXED,acceleration_p95_mps2,lower,1.121770694431689,1.122110552146216,-0.0003398577145270476,-0.030287364634172215,1
controller_comparison,M6_GP_ENHANCED_ENMPC_ROBUST_TRACKING_030_MINUS_M0_NOMINAL_GEOMETRIC_TRACKING,M6_GP_ENHANCED_ENMPC_ROBUST_TRACKING_030,M0_NOMINAL_GEOMETRIC_TRACKING,MU_SEATTLE_WA_01,P_DIST_FIXED,acceleration_max_mps2,lower,1.4796591215397572,1.4623087029937325,0.017350418546024704,1.1865086018091673,0
controller_comparison,M6_GP_ENHANCED_ENMPC_ROBUST_TRACKING_030_MINUS_M0_NOMINAL_GEOMETRIC_TRACKING,M6_GP_ENHANCED_ENMPC_ROBUST_TRACKING_030,M0_NOMINAL_GEOMETRIC_TRACKING,MU_SEATTLE_WA_01,P_DIST_FIXED,jerk_p95_mps3,lower,0.5511479852900442,0.5297523169160336,0.021395668374010524,4.038806002504329,0
controller_comparison,M6_GP_ENHANCED_ENMPC_ROBUST_TRACKING_030_MINUS_M0_NOMINAL_GEOMETRIC_TRACKING,M6_GP_ENHANCED_ENMPC_ROBUST_TRACKING_030,M0_NOMINAL_GEOMETRIC_TRACKING,MU_SEATTLE_WA_01,P_DIST_FIXED,jerk_max_mps3,lower,2.1690935001939082,1.2894014142133021,0.8796920859806061,68.22484265052009,0
controller_comparison,M6_GP_ENHANCED_ENMPC_ROBUST_TRACKING_030_MINUS_M0_NOMINAL_GEOMETRIC_TRACKING,M6_GP_ENHANCED_ENMPC_ROBUST_TRACKING_030,M0_NOMINAL_GEOMETRIC_TRACKING,MU_SEATTLE_WA_01,P_DIST_FIXED,robust_compensation_p95_mps2,lower,0.3009978607866941,0.0,0.3009978607866941,,0
controller_comparison,M6_GP_ENHANCED_ENMPC_ROBUST_TRACKING_030_MINUS_M0_NOMINAL_GEOMETRIC_TRACKING,M6_GP_ENHANCED_ENMPC_ROBUST_TRACKING_030,M0_NOMINAL_GEOMETRIC_TRACKING,MU_SEATTLE_WA_01,P_DIST_FIXED,rotor_command_total_variation_n,lower,2679.8598205607723,404.1419122487797,2275.7179083119927,563.0987134319089,0
controller_comparison,M6_GP_ENHANCED_ENMPC_ROBUST_TRACKING_030_MINUS_M0_NOMINAL_GEOMETRIC_TRACKING,M6_GP_ENHANCED_ENMPC_ROBUST_TRACKING_030,M0_NOMINAL_GEOMETRIC_TRACKING,MU_SEATTLE_WA_01,P_DIST_FIXED,minimum_per_rotor_margin_n,higher,9.678320219772605,12.18877459890236,-2.5104543791297544,-20.59644600660537,0
controller_comparison,M6_GP_ENHANCED_ENMPC_ROBUST_TRACKING_030_MINUS_M0_NOMINAL_GEOMETRIC_TRACKING,M6_GP_ENHANCED_ENMPC_ROBUST_TRACKING_030,M0_NOMINAL_GEOMETRIC_TRACKING,MU_SEATTLE_WA_01,P_DIST_FIXED,solver_deadline_miss_count,lower,0.0,0.0,0.0,,0
controller_comparison,M6_GP_ENHANCED_ENMPC_ROBUST_TRACKING_030_MINUS_M0_NOMINAL_GEOMETRIC_TRACKING,M6_GP_ENHANCED_ENMPC_ROBUST_TRACKING_030,M0_NOMINAL_GEOMETRIC_TRACKING,MU_SEATTLE_WA_01,P_ENERGY_WIND_PAYLOAD,service_corrected_mission_time_s,lower,553.7879999997033,573.4335403604537,-19.645540360750374,-3.425948951015564,1
controller_comparison,M6_GP_ENHANCED_ENMPC_ROBUST_TRACKING_030_MINUS_M0_NOMINAL_GEOMETRIC_TRACKING,M6_GP_ENHANCED_ENMPC_ROBUST_TRACKING_030,M0_NOMINAL_GEOMETRIC_TRACKING,MU_SEATTLE_WA_01,P_ENERGY_WIND_PAYLOAD,service_corrected_modeled_energy_j,lower,654445.7500484717,678159.2039761639,-23713.453927692142,-3.496738492769263,1
controller_comparison,M6_GP_ENHANCED_ENMPC_ROBUST_TRACKING_030_MINUS_M0_NOMINAL_GEOMETRIC_TRACKING,M6_GP_ENHANCED_ENMPC_ROBUST_TRACKING_030,M0_NOMINAL_GEOMETRIC_TRACKING,MU_SEATTLE_WA_01,P_ENERGY_WIND_PAYLOAD,flight_time_s,lower,441.8199999997033,461.4655403604536,-19.64554036075026,-4.257206365919545,1
controller_comparison,M6_GP_ENHANCED_ENMPC_ROBUST_TRACKING_030_MINUS_M0_NOMINAL_GEOMETRIC_TRACKING,M6_GP_ENHANCED_ENMPC_ROBUST_TRACKING_030,M0_NOMINAL_GEOMETRIC_TRACKING,MU_SEATTLE_WA_01,P_ENERGY_WIND_PAYLOAD,service_time_s,lower,111.968,111.96800000000006,-5.684341886080802e-14,-5.076755757074163e-14,1
controller_comparison,M6_GP_ENHANCED_ENMPC_ROBUST_TRACKING_030_MINUS_M0_NOMINAL_GEOMETRIC_TRACKING,M6_GP_ENHANCED_ENMPC_ROBUST_TRACKING_030,M0_NOMINAL_GEOMETRIC_TRACKING,MU_SEATTLE_WA_01,P_ENERGY_WIND_PAYLOAD,flight_controller_sensitive_energy_j,lower,546688.0328796695,570401.4868073616,-23713.453927692142,-4.157326808599422,1
controller_comparison,M6_GP_ENHANCED_ENMPC_ROBUST_TRACKING_030_MINUS_M0_NOMINAL_GEOMETRIC_TRACKING,M6_GP_ENHANCED_ENMPC_ROBUST_TRACKING_030,M0_NOMINAL_GEOMETRIC_TRACKING,MU_SEATTLE_WA_01,P_ENERGY_WIND_PAYLOAD,service_energy_j,lower,107757.71716880225,107757.71716880225,0.0,0.0,0
controller_comparison,M6_GP_ENHANCED_ENMPC_ROBUST_TRACKING_030_MINUS_M0_NOMINAL_GEOMETRIC_TRACKING,M6_GP_ENHANCED_ENMPC_ROBUST_TRACKING_030,M0_NOMINAL_GEOMETRIC_TRACKING,MU_SEATTLE_WA_01,P_ENERGY_WIND_PAYLOAD,position_rms_m,lower,0.08611098399395539,0.4496739268629423,-0.3635629428689869,-80.8503498090959,1
controller_comparison,M6_GP_ENHANCED_ENMPC_ROBUST_TRACKING_030_MINUS_M0_NOMINAL_GEOMETRIC_TRACKING,M6_GP_ENHANCED_ENMPC_ROBUST_TRACKING_030,M0_NOMINAL_GEOMETRIC_TRACKING,MU_SEATTLE_WA_01,P_ENERGY_WIND_PAYLOAD,position_p95_m,lower,0.13505743720936272,0.6080345382323866,-0.4729771010230239,-77.78786751127866,1
controller_comparison,M6_GP_ENHANCED_ENMPC_ROBUST_TRACKING_030_MINUS_M0_NOMINAL_GEOMETRIC_TRACKING,M6_GP_ENHANCED_ENMPC_ROBUST_TRACKING_030,M0_NOMINAL_GEOMETRIC_TRACKING,MU_SEATTLE_WA_01,P_ENERGY_WIND_PAYLOAD,position_max_m,lower,0.19804930222833267,0.7578349164915836,-0.5597856142632509,-73.86643213205231,1
controller_comparison,M6_GP_ENHANCED_ENMPC_ROBUST_TRACKING_030_MINUS_M0_NOMINAL_GEOMETRIC_TRACKING,M6_GP_ENHANCED_ENMPC_ROBUST_TRACKING_030,M0_NOMINAL_GEOMETRIC_TRACKING,MU_SEATTLE_WA_01,P_ENERGY_WIND_PAYLOAD,vertical_p95_error_m,lower,0.04457216418751209,0.3724770650330065,-0.3279049008454944,-88.03358156197821,1
controller_comparison,M6_GP_ENHANCED_ENMPC_ROBUST_TRACKING_030_MINUS_M0_NOMINAL_GEOMETRIC_TRACKING,M6_GP_ENHANCED_ENMPC_ROBUST_TRACKING_030,M0_NOMINAL_GEOMETRIC_TRACKING,MU_SEATTLE_WA_01,P_ENERGY_WIND_PAYLOAD,attitude_p95_rad,lower,0.014887763520907206,0.029922052426819848,-0.015034288905912642,-50.24484514450302,1
controller_comparison,M6_GP_ENHANCED_ENMPC_ROBUST_TRACKING_030_MINUS_M0_NOMINAL_GEOMETRIC_TRACKING,M6_GP_ENHANCED_ENMPC_ROBUST_TRACKING_030,M0_NOMINAL_GEOMETRIC_TRACKING,MU_SEATTLE_WA_01,P_ENERGY_WIND_PAYLOAD,acceleration_p95_mps2,lower,1.0606014643276054,1.0193353076706029,0.041266156657002506,4.048339770679034,0
controller_comparison,M6_GP_ENHANCED_ENMPC_ROBUST_TRACKING_030_MINUS_M0_NOMINAL_GEOMETRIC_TRACKING,M6_GP_ENHANCED_ENMPC_ROBUST_TRACKING_030,M0_NOMINAL_GEOMETRIC_TRACKING,MU_SEATTLE_WA_01,P_ENERGY_WIND_PAYLOAD,acceleration_max_mps2,lower,1.3759799295180404,1.5084742726824616,-0.1324943431644212,-8.783334629155567,1
controller_comparison,M6_GP_ENHANCED_ENMPC_ROBUST_TRACKING_030_MINUS_M0_NOMINAL_GEOMETRIC_TRACKING,M6_GP_ENHANCED_ENMPC_ROBUST_TRACKING_030,M0_NOMINAL_GEOMETRIC_TRACKING,MU_SEATTLE_WA_01,P_ENERGY_WIND_PAYLOAD,jerk_p95_mps3,lower,0.5399841069343269,0.4972386192260474,0.04274548770827946,8.59657437204151,0
controller_comparison,M6_GP_ENHANCED_ENMPC_ROBUST_TRACKING_030_MINUS_M0_NOMINAL_GEOMETRIC_TRACKING,M6_GP_ENHANCED_ENMPC_ROBUST_TRACKING_030,M0_NOMINAL_GEOMETRIC_TRACKING,MU_SEATTLE_WA_01,P_ENERGY_WIND_PAYLOAD,jerk_max_mps3,lower,2.3783510555898157,1.5254217280242992,0.8529293275655165,55.91432925701251,0
controller_comparison,M6_GP_ENHANCED_ENMPC_ROBUST_TRACKING_030_MINUS_M0_NOMINAL_GEOMETRIC_TRACKING,M6_GP_ENHANCED_ENMPC_ROBUST_TRACKING_030,M0_NOMINAL_GEOMETRIC_TRACKING,MU_SEATTLE_WA_01,P_ENERGY_WIND_PAYLOAD,robust_compensation_p95_mps2,lower,0.2998671471445268,0.0,0.2998671471445268,,0
controller_comparison,M6_GP_ENHANCED_ENMPC_ROBUST_TRACKING_030_MINUS_M0_NOMINAL_GEOMETRIC_TRACKING,M6_GP_ENHANCED_ENMPC_ROBUST_TRACKING_030,M0_NOMINAL_GEOMETRIC_TRACKING,MU_SEATTLE_WA_01,P_ENERGY_WIND_PAYLOAD,rotor_command_total_variation_n,lower,2570.771626033286,398.1016110598621,2172.670014973424,545.7576544815142,0
controller_comparison,M6_GP_ENHANCED_ENMPC_ROBUST_TRACKING_030_MINUS_M0_NOMINAL_GEOMETRIC_TRACKING,M6_GP_ENHANCED_ENMPC_ROBUST_TRACKING_030,M0_NOMINAL_GEOMETRIC_TRACKING,MU_SEATTLE_WA_01,P_ENERGY_WIND_PAYLOAD,minimum_per_rotor_margin_n,higher,11.262569858311466,12.173737473131357,-0.9111676148198917,-7.484699064941467,0
controller_comparison,M6_GP_ENHANCED_ENMPC_ROBUST_TRACKING_030_MINUS_M0_NOMINAL_GEOMETRIC_TRACKING,M6_GP_ENHANCED_ENMPC_ROBUST_TRACKING_030,M0_NOMINAL_GEOMETRIC_TRACKING,MU_SEATTLE_WA_01,P_ENERGY_WIND_PAYLOAD,solver_deadline_miss_count,lower,0.0,0.0,0.0,,0
controller_comparison,M6_GP_ENHANCED_ENMPC_ROBUST_TRACKING_030_MINUS_M0_NOMINAL_GEOMETRIC_TRACKING,M6_GP_ENHANCED_ENMPC_ROBUST_TRACKING_030,M0_NOMINAL_GEOMETRIC_TRACKING,MU_SEATTLE_WA_02,P_DIST_FIXED,service_corrected_mission_time_s,lower,729.1879999995534,754.7362498260645,-25.548249826511096,-3.3850566780645437,1
controller_comparison,M6_GP_ENHANCED_ENMPC_ROBUST_TRACKING_030_MINUS_M0_NOMINAL_GEOMETRIC_TRACKING,M6_GP_ENHANCED_ENMPC_ROBUST_TRACKING_030,M0_NOMINAL_GEOMETRIC_TRACKING,MU_SEATTLE_WA_02,P_DIST_FIXED,service_corrected_modeled_energy_j,lower,873842.2440328405,904237.8148011444,-30395.570768303936,-3.3614576022778238,1
controller_comparison,M6_GP_ENHANCED_ENMPC_ROBUST_TRACKING_030_MINUS_M0_NOMINAL_GEOMETRIC_TRACKING,M6_GP_ENHANCED_ENMPC_ROBUST_TRACKING_030,M0_NOMINAL_GEOMETRIC_TRACKING,MU_SEATTLE_WA_02,P_DIST_FIXED,flight_time_s,lower,617.2199999995535,642.7682498260646,-25.548249826511096,-3.9747218120099346,1
controller_comparison,M6_GP_ENHANCED_ENMPC_ROBUST_TRACKING_030_MINUS_M0_NOMINAL_GEOMETRIC_TRACKING,M6_GP_ENHANCED_ENMPC_ROBUST_TRACKING_030,M0_NOMINAL_GEOMETRIC_TRACKING,MU_SEATTLE_WA_02,P_DIST_FIXED,service_time_s,lower,111.968,111.96799999999998,2.842170943040401e-14,2.5383778785370833e-14,0
controller_comparison,M6_GP_ENHANCED_ENMPC_ROBUST_TRACKING_030_MINUS_M0_NOMINAL_GEOMETRIC_TRACKING,M6_GP_ENHANCED_ENMPC_ROBUST_TRACKING_030,M0_NOMINAL_GEOMETRIC_TRACKING,MU_SEATTLE_WA_02,P_DIST_FIXED,flight_controller_sensitive_energy_j,lower,766209.8392717263,796605.4100400303,-30395.570768303936,-3.8156369998512223,1
controller_comparison,M6_GP_ENHANCED_ENMPC_ROBUST_TRACKING_030_MINUS_M0_NOMINAL_GEOMETRIC_TRACKING,M6_GP_ENHANCED_ENMPC_ROBUST_TRACKING_030,M0_NOMINAL_GEOMETRIC_TRACKING,MU_SEATTLE_WA_02,P_DIST_FIXED,service_energy_j,lower,107632.40476111413,107632.40476111413,0.0,0.0,0
controller_comparison,M6_GP_ENHANCED_ENMPC_ROBUST_TRACKING_030_MINUS_M0_NOMINAL_GEOMETRIC_TRACKING,M6_GP_ENHANCED_ENMPC_ROBUST_TRACKING_030,M0_NOMINAL_GEOMETRIC_TRACKING,MU_SEATTLE_WA_02,P_DIST_FIXED,position_rms_m,lower,0.14443929398524588,0.6137802054661438,-0.46934091148089785,-76.46726096753976,1
controller_comparison,M6_GP_ENHANCED_ENMPC_ROBUST_TRACKING_030_MINUS_M0_NOMINAL_GEOMETRIC_TRACKING,M6_GP_ENHANCED_ENMPC_ROBUST_TRACKING_030,M0_NOMINAL_GEOMETRIC_TRACKING,MU_SEATTLE_WA_02,P_DIST_FIXED,position_p95_m,lower,0.20594752107765418,0.8570822156408348,-0.6511346945631806,-75.97108920015701,1
controller_comparison,M6_GP_ENHANCED_ENMPC_ROBUST_TRACKING_030_MINUS_M0_NOMINAL_GEOMETRIC_TRACKING,M6_GP_ENHANCED_ENMPC_ROBUST_TRACKING_030,M0_NOMINAL_GEOMETRIC_TRACKING,MU_SEATTLE_WA_02,P_DIST_FIXED,position_max_m,lower,0.4695109618136482,1.051995749380732,-0.5824847875670838,-55.369500105867296,1
controller_comparison,M6_GP_ENHANCED_ENMPC_ROBUST_TRACKING_030_MINUS_M0_NOMINAL_GEOMETRIC_TRACKING,M6_GP_ENHANCED_ENMPC_ROBUST_TRACKING_030,M0_NOMINAL_GEOMETRIC_TRACKING,MU_SEATTLE_WA_02,P_DIST_FIXED,vertical_p95_error_m,lower,0.04007483772733522,0.4940784545865924,-0.45400361685925716,-91.8889728229767,1
controller_comparison,M6_GP_ENHANCED_ENMPC_ROBUST_TRACKING_030_MINUS_M0_NOMINAL_GEOMETRIC_TRACKING,M6_GP_ENHANCED_ENMPC_ROBUST_TRACKING_030,M0_NOMINAL_GEOMETRIC_TRACKING,MU_SEATTLE_WA_02,P_DIST_FIXED,attitude_p95_rad,lower,0.02190515981548231,0.04326301320837239,-0.02135785339289008,-49.36746613099257,1
controller_comparison,M6_GP_ENHANCED_ENMPC_ROBUST_TRACKING_030_MINUS_M0_NOMINAL_GEOMETRIC_TRACKING,M6_GP_ENHANCED_ENMPC_ROBUST_TRACKING_030,M0_NOMINAL_GEOMETRIC_TRACKING,MU_SEATTLE_WA_02,P_DIST_FIXED,acceleration_p95_mps2,lower,1.2049017548335577,1.1862410695084915,0.01866068532506615,1.5730938512184578,0
controller_comparison,M6_GP_ENHANCED_ENMPC_ROBUST_TRACKING_030_MINUS_M0_NOMINAL_GEOMETRIC_TRACKING,M6_GP_ENHANCED_ENMPC_ROBUST_TRACKING_030,M0_NOMINAL_GEOMETRIC_TRACKING,MU_SEATTLE_WA_02,P_DIST_FIXED,acceleration_max_mps2,lower,1.817371717195426,2.012667629495252,-0.1952959122998259,-9.703336479297542,1
controller_comparison,M6_GP_ENHANCED_ENMPC_ROBUST_TRACKING_030_MINUS_M0_NOMINAL_GEOMETRIC_TRACKING,M6_GP_ENHANCED_ENMPC_ROBUST_TRACKING_030,M0_NOMINAL_GEOMETRIC_TRACKING,MU_SEATTLE_WA_02,P_DIST_FIXED,jerk_p95_mps3,lower,0.7568764793380227,0.6245679932744087,0.132308486063614,21.184000379200228,0
controller_comparison,M6_GP_ENHANCED_ENMPC_ROBUST_TRACKING_030_MINUS_M0_NOMINAL_GEOMETRIC_TRACKING,M6_GP_ENHANCED_ENMPC_ROBUST_TRACKING_030,M0_NOMINAL_GEOMETRIC_TRACKING,MU_SEATTLE_WA_02,P_DIST_FIXED,jerk_max_mps3,lower,6.439206475791178,1.8338296980398123,4.605376777751366,251.13437647313003,0
controller_comparison,M6_GP_ENHANCED_ENMPC_ROBUST_TRACKING_030_MINUS_M0_NOMINAL_GEOMETRIC_TRACKING,M6_GP_ENHANCED_ENMPC_ROBUST_TRACKING_030,M0_NOMINAL_GEOMETRIC_TRACKING,MU_SEATTLE_WA_02,P_DIST_FIXED,robust_compensation_p95_mps2,lower,0.3550533350750655,0.0,0.3550533350750655,,0
controller_comparison,M6_GP_ENHANCED_ENMPC_ROBUST_TRACKING_030_MINUS_M0_NOMINAL_GEOMETRIC_TRACKING,M6_GP_ENHANCED_ENMPC_ROBUST_TRACKING_030,M0_NOMINAL_GEOMETRIC_TRACKING,MU_SEATTLE_WA_02,P_DIST_FIXED,rotor_command_total_variation_n,lower,4332.196959172315,540.716437754317,3791.480521417998,701.1957204712753,0
controller_comparison,M6_GP_ENHANCED_ENMPC_ROBUST_TRACKING_030_MINUS_M0_NOMINAL_GEOMETRIC_TRACKING,M6_GP_ENHANCED_ENMPC_ROBUST_TRACKING_030,M0_NOMINAL_GEOMETRIC_TRACKING,MU_SEATTLE_WA_02,P_DIST_FIXED,minimum_per_rotor_margin_n,higher,5.302170951396313,11.678646101037035,-6.376475149640722,-54.599438106738305,0
controller_comparison,M6_GP_ENHANCED_ENMPC_ROBUST_TRACKING_030_MINUS_M0_NOMINAL_GEOMETRIC_TRACKING,M6_GP_ENHANCED_ENMPC_ROBUST_TRACKING_030,M0_NOMINAL_GEOMETRIC_TRACKING,MU_SEATTLE_WA_02,P_DIST_FIXED,solver_deadline_miss_count,lower,0.0,0.0,0.0,,0
controller_comparison,M6_GP_ENHANCED_ENMPC_ROBUST_TRACKING_030_MINUS_M0_NOMINAL_GEOMETRIC_TRACKING,M6_GP_ENHANCED_ENMPC_ROBUST_TRACKING_030,M0_NOMINAL_GEOMETRIC_TRACKING,MU_SEATTLE_WA_02,P_ENERGY_WIND_PAYLOAD,service_corrected_mission_time_s,lower,716.3979999995653,741.5338824861113,-25.135882486546052,-3.389714628045582,1
controller_comparison,M6_GP_ENHANCED_ENMPC_ROBUST_TRACKING_030_MINUS_M0_NOMINAL_GEOMETRIC_TRACKING,M6_GP_ENHANCED_ENMPC_ROBUST_TRACKING_030,M0_NOMINAL_GEOMETRIC_TRACKING,MU_SEATTLE_WA_02,P_ENERGY_WIND_PAYLOAD,service_corrected_modeled_energy_j,lower,858139.1922346294,887796.8263871422,-29657.634152512765,-3.3405879893943142,1
controller_comparison,M6_GP_ENHANCED_ENMPC_ROBUST_TRACKING_030_MINUS_M0_NOMINAL_GEOMETRIC_TRACKING,M6_GP_ENHANCED_ENMPC_ROBUST_TRACKING_030,M0_NOMINAL_GEOMETRIC_TRACKING,MU_SEATTLE_WA_02,P_ENERGY_WIND_PAYLOAD,flight_time_s,lower,604.4299999995653,629.5658824861114,-25.135882486546052,-3.992573801376628,1
controller_comparison,M6_GP_ENHANCED_ENMPC_ROBUST_TRACKING_030_MINUS_M0_NOMINAL_GEOMETRIC_TRACKING,M6_GP_ENHANCED_ENMPC_ROBUST_TRACKING_030,M0_NOMINAL_GEOMETRIC_TRACKING,MU_SEATTLE_WA_02,P_ENERGY_WIND_PAYLOAD,service_time_s,lower,111.968,111.96799999999998,2.842170943040401e-14,2.5383778785370833e-14,0
controller_comparison,M6_GP_ENHANCED_ENMPC_ROBUST_TRACKING_030_MINUS_M0_NOMINAL_GEOMETRIC_TRACKING,M6_GP_ENHANCED_ENMPC_ROBUST_TRACKING_030,M0_NOMINAL_GEOMETRIC_TRACKING,MU_SEATTLE_WA_02,P_ENERGY_WIND_PAYLOAD,flight_controller_sensitive_energy_j,lower,750506.7874735153,780164.421626028,-29657.634152512765,-3.8014594527010046,1
controller_comparison,M6_GP_ENHANCED_ENMPC_ROBUST_TRACKING_030_MINUS_M0_NOMINAL_GEOMETRIC_TRACKING,M6_GP_ENHANCED_ENMPC_ROBUST_TRACKING_030,M0_NOMINAL_GEOMETRIC_TRACKING,MU_SEATTLE_WA_02,P_ENERGY_WIND_PAYLOAD,service_energy_j,lower,107632.40476111413,107632.40476111413,0.0,0.0,0
controller_comparison,M6_GP_ENHANCED_ENMPC_ROBUST_TRACKING_030_MINUS_M0_NOMINAL_GEOMETRIC_TRACKING,M6_GP_ENHANCED_ENMPC_ROBUST_TRACKING_030,M0_NOMINAL_GEOMETRIC_TRACKING,MU_SEATTLE_WA_02,P_ENERGY_WIND_PAYLOAD,position_rms_m,lower,0.14427695169036833,0.6119739804649625,-0.4676970287745942,-76.4243323579296,1
controller_comparison,M6_GP_ENHANCED_ENMPC_ROBUST_TRACKING_030_MINUS_M0_NOMINAL_GEOMETRIC_TRACKING,M6_GP_ENHANCED_ENMPC_ROBUST_TRACKING_030,M0_NOMINAL_GEOMETRIC_TRACKING,MU_SEATTLE_WA_02,P_ENERGY_WIND_PAYLOAD,position_p95_m,lower,0.24900838760057306,0.8409595619977388,-0.5919511743971657,-70.3899689291787,1
controller_comparison,M6_GP_ENHANCED_ENMPC_ROBUST_TRACKING_030_MINUS_M0_NOMINAL_GEOMETRIC_TRACKING,M6_GP_ENHANCED_ENMPC_ROBUST_TRACKING_030,M0_NOMINAL_GEOMETRIC_TRACKING,MU_SEATTLE_WA_02,P_ENERGY_WIND_PAYLOAD,position_max_m,lower,0.3590578062798806,1.051995749380732,-0.6929379431008513,-65.86889191413144,1
controller_comparison,M6_GP_ENHANCED_ENMPC_ROBUST_TRACKING_030_MINUS_M0_NOMINAL_GEOMETRIC_TRACKING,M6_GP_ENHANCED_ENMPC_ROBUST_TRACKING_030,M0_NOMINAL_GEOMETRIC_TRACKING,MU_SEATTLE_WA_02,P_ENERGY_WIND_PAYLOAD,vertical_p95_error_m,lower,0.034511983096301435,0.49470339238255434,-0.4601914092862529,-93.02370195399564,1
controller_comparison,M6_GP_ENHANCED_ENMPC_ROBUST_TRACKING_030_MINUS_M0_NOMINAL_GEOMETRIC_TRACKING,M6_GP_ENHANCED_ENMPC_ROBUST_TRACKING_030,M0_NOMINAL_GEOMETRIC_TRACKING,MU_SEATTLE_WA_02,P_ENERGY_WIND_PAYLOAD,attitude_p95_rad,lower,0.020993663061681756,0.04109639965021831,-0.020102736588536552,-48.91605288939165,1
controller_comparison,M6_GP_ENHANCED_ENMPC_ROBUST_TRACKING_030_MINUS_M0_NOMINAL_GEOMETRIC_TRACKING,M6_GP_ENHANCED_ENMPC_ROBUST_TRACKING_030,M0_NOMINAL_GEOMETRIC_TRACKING,MU_SEATTLE_WA_02,P_ENERGY_WIND_PAYLOAD,acceleration_p95_mps2,lower,1.1232603621486381,1.0798309603547607,0.04342940179387744,4.021870402716498,0
controller_comparison,M6_GP_ENHANCED_ENMPC_ROBUST_TRACKING_030_MINUS_M0_NOMINAL_GEOMETRIC_TRACKING,M6_GP_ENHANCED_ENMPC_ROBUST_TRACKING_030,M0_NOMINAL_GEOMETRIC_TRACKING,MU_SEATTLE_WA_02,P_ENERGY_WIND_PAYLOAD,acceleration_max_mps2,lower,1.7972773639740085,2.012667629495252,-0.2153902655212434,-10.701730497611281,1
controller_comparison,M6_GP_ENHANCED_ENMPC_ROBUST_TRACKING_030_MINUS_M0_NOMINAL_GEOMETRIC_TRACKING,M6_GP_ENHANCED_ENMPC_ROBUST_TRACKING_030,M0_NOMINAL_GEOMETRIC_TRACKING,MU_SEATTLE_WA_02,P_ENERGY_WIND_PAYLOAD,jerk_p95_mps3,lower,0.6123648108031953,0.6051334183388882,0.00723139246430704,1.1950079511651261,0
controller_comparison,M6_GP_ENHANCED_ENMPC_ROBUST_TRACKING_030_MINUS_M0_NOMINAL_GEOMETRIC_TRACKING,M6_GP_ENHANCED_ENMPC_ROBUST_TRACKING_030,M0_NOMINAL_GEOMETRIC_TRACKING,MU_SEATTLE_WA_02,P_ENERGY_WIND_PAYLOAD,jerk_max_mps3,lower,4.93423491129846,1.8527741620413027,3.081460749257157,166.31604716800146,0
controller_comparison,M6_GP_ENHANCED_ENMPC_ROBUST_TRACKING_030_MINUS_M0_NOMINAL_GEOMETRIC_TRACKING,M6_GP_ENHANCED_ENMPC_ROBUST_TRACKING_030,M0_NOMINAL_GEOMETRIC_TRACKING,MU_SEATTLE_WA_02,P_ENERGY_WIND_PAYLOAD,robust_compensation_p95_mps2,lower,0.3553057120871946,0.0,0.3553057120871946,,0
controller_comparison,M6_GP_ENHANCED_ENMPC_ROBUST_TRACKING_030_MINUS_M0_NOMINAL_GEOMETRIC_TRACKING,M6_GP_ENHANCED_ENMPC_ROBUST_TRACKING_030,M0_NOMINAL_GEOMETRIC_TRACKING,MU_SEATTLE_WA_02,P_ENERGY_WIND_PAYLOAD,rotor_command_total_variation_n,lower,3527.439110733483,529.0664493374974,2998.3726613959857,566.7289364408913,0
controller_comparison,M6_GP_ENHANCED_ENMPC_ROBUST_TRACKING_030_MINUS_M0_NOMINAL_GEOMETRIC_TRACKING,M6_GP_ENHANCED_ENMPC_ROBUST_TRACKING_030,M0_NOMINAL_GEOMETRIC_TRACKING,MU_SEATTLE_WA_02,P_ENERGY_WIND_PAYLOAD,minimum_per_rotor_margin_n,higher,5.302170951396313,11.678646101037035,-6.376475149640722,-54.599438106738305,0
controller_comparison,M6_GP_ENHANCED_ENMPC_ROBUST_TRACKING_030_MINUS_M0_NOMINAL_GEOMETRIC_TRACKING,M6_GP_ENHANCED_ENMPC_ROBUST_TRACKING_030,M0_NOMINAL_GEOMETRIC_TRACKING,MU_SEATTLE_WA_02,P_ENERGY_WIND_PAYLOAD,solver_deadline_miss_count,lower,0.0,0.0,0.0,,0
controller_comparison,M6_GP_ENHANCED_ENMPC_ROBUST_TRACKING_030_MINUS_M1_ROBUST_GEOMETRIC_TRACKING,M6_GP_ENHANCED_ENMPC_ROBUST_TRACKING_030,M1_ROBUST_GEOMETRIC_TRACKING,MU_CAMBRIDGE_MA_01,P_DIST_FIXED,service_corrected_mission_time_s,lower,601.1079999996805,622.3867980061933,-21.27879800651283,-3.4189025337104093,1
controller_comparison,M6_GP_ENHANCED_ENMPC_ROBUST_TRACKING_030_MINUS_M1_ROBUST_GEOMETRIC_TRACKING,M6_GP_ENHANCED_ENMPC_ROBUST_TRACKING_030,M1_ROBUST_GEOMETRIC_TRACKING,MU_CAMBRIDGE_MA_01,P_DIST_FIXED,service_corrected_modeled_energy_j,lower,709597.9482928197,734547.2354207633,-24949.287127943593,-3.396553131624292,1
controller_comparison,M6_GP_ENHANCED_ENMPC_ROBUST_TRACKING_030_MINUS_M1_ROBUST_GEOMETRIC_TRACKING,M6_GP_ENHANCED_ENMPC_ROBUST_TRACKING_030,M1_ROBUST_GEOMETRIC_TRACKING,MU_CAMBRIDGE_MA_01,P_DIST_FIXED,flight_time_s,lower,489.1399999996805,510.4187980061933,-21.278798006512773,-4.168889956567504,1
controller_comparison,M6_GP_ENHANCED_ENMPC_ROBUST_TRACKING_030_MINUS_M1_ROBUST_GEOMETRIC_TRACKING,M6_GP_ENHANCED_ENMPC_ROBUST_TRACKING_030,M1_ROBUST_GEOMETRIC_TRACKING,MU_CAMBRIDGE_MA_01,P_DIST_FIXED,service_time_s,lower,111.968,111.96800000000002,-1.4210854715202004e-14,-1.2691889392685412e-14,1
controller_comparison,M6_GP_ENHANCED_ENMPC_ROBUST_TRACKING_030_MINUS_M1_ROBUST_GEOMETRIC_TRACKING,M6_GP_ENHANCED_ENMPC_ROBUST_TRACKING_030,M1_ROBUST_GEOMETRIC_TRACKING,MU_CAMBRIDGE_MA_01,P_DIST_FIXED,flight_controller_sensitive_energy_j,lower,604433.5096512033,629382.7967791469,-24949.287127943593,-3.964087873964945,1
controller_comparison,M6_GP_ENHANCED_ENMPC_ROBUST_TRACKING_030_MINUS_M1_ROBUST_GEOMETRIC_TRACKING,M6_GP_ENHANCED_ENMPC_ROBUST_TRACKING_030,M1_ROBUST_GEOMETRIC_TRACKING,MU_CAMBRIDGE_MA_01,P_DIST_FIXED,service_energy_j,lower,105164.43864161639,105164.43864161639,0.0,0.0,0
controller_comparison,M6_GP_ENHANCED_ENMPC_ROBUST_TRACKING_030_MINUS_M1_ROBUST_GEOMETRIC_TRACKING,M6_GP_ENHANCED_ENMPC_ROBUST_TRACKING_030,M1_ROBUST_GEOMETRIC_TRACKING,MU_CAMBRIDGE_MA_01,P_DIST_FIXED,position_rms_m,lower,0.15864834861809868,0.2503563674647431,-0.09170801884664442,-36.63099116484799,1
controller_comparison,M6_GP_ENHANCED_ENMPC_ROBUST_TRACKING_030_MINUS_M1_ROBUST_GEOMETRIC_TRACKING,M6_GP_ENHANCED_ENMPC_ROBUST_TRACKING_030,M1_ROBUST_GEOMETRIC_TRACKING,MU_CAMBRIDGE_MA_01,P_DIST_FIXED,position_p95_m,lower,0.21189780522358173,0.37751676842015675,-0.16561896319657501,-43.87062431416282,1
controller_comparison,M6_GP_ENHANCED_ENMPC_ROBUST_TRACKING_030_MINUS_M1_ROBUST_GEOMETRIC_TRACKING,M6_GP_ENHANCED_ENMPC_ROBUST_TRACKING_030,M1_ROBUST_GEOMETRIC_TRACKING,MU_CAMBRIDGE_MA_01,P_DIST_FIXED,position_max_m,lower,0.29355945677213674,0.6479434678344637,-0.3543840110623269,-54.69366212560766,1
controller_comparison,M6_GP_ENHANCED_ENMPC_ROBUST_TRACKING_030_MINUS_M1_ROBUST_GEOMETRIC_TRACKING,M6_GP_ENHANCED_ENMPC_ROBUST_TRACKING_030,M1_ROBUST_GEOMETRIC_TRACKING,MU_CAMBRIDGE_MA_01,P_DIST_FIXED,vertical_p95_error_m,lower,0.033328915039485096,0.09443055790425525,-0.061101642864770156,-64.7053710375429,1
controller_comparison,M6_GP_ENHANCED_ENMPC_ROBUST_TRACKING_030_MINUS_M1_ROBUST_GEOMETRIC_TRACKING,M6_GP_ENHANCED_ENMPC_ROBUST_TRACKING_030,M1_ROBUST_GEOMETRIC_TRACKING,MU_CAMBRIDGE_MA_01,P_DIST_FIXED,attitude_p95_rad,lower,0.024717069192215918,0.04921609022454621,-0.024499021032330294,-49.77847878723118,1
controller_comparison,M6_GP_ENHANCED_ENMPC_ROBUST_TRACKING_030_MINUS_M1_ROBUST_GEOMETRIC_TRACKING,M6_GP_ENHANCED_ENMPC_ROBUST_TRACKING_030,M1_ROBUST_GEOMETRIC_TRACKING,MU_CAMBRIDGE_MA_01,P_DIST_FIXED,acceleration_p95_mps2,lower,1.091918217970648,1.14272388699908,-0.05080566902843198,-4.4460144402733475,1
controller_comparison,M6_GP_ENHANCED_ENMPC_ROBUST_TRACKING_030_MINUS_M1_ROBUST_GEOMETRIC_TRACKING,M6_GP_ENHANCED_ENMPC_ROBUST_TRACKING_030,M1_ROBUST_GEOMETRIC_TRACKING,MU_CAMBRIDGE_MA_01,P_DIST_FIXED,acceleration_max_mps2,lower,1.6599460799687762,1.8683667086805738,-0.20842062871179756,-11.15523134422485,1
controller_comparison,M6_GP_ENHANCED_ENMPC_ROBUST_TRACKING_030_MINUS_M1_ROBUST_GEOMETRIC_TRACKING,M6_GP_ENHANCED_ENMPC_ROBUST_TRACKING_030,M1_ROBUST_GEOMETRIC_TRACKING,MU_CAMBRIDGE_MA_01,P_DIST_FIXED,jerk_p95_mps3,lower,0.6533688940936362,0.6555476213967179,-0.0021787273030816623,-0.3323522551175823,1
controller_comparison,M6_GP_ENHANCED_ENMPC_ROBUST_TRACKING_030_MINUS_M1_ROBUST_GEOMETRIC_TRACKING,M6_GP_ENHANCED_ENMPC_ROBUST_TRACKING_030,M1_ROBUST_GEOMETRIC_TRACKING,MU_CAMBRIDGE_MA_01,P_DIST_FIXED,jerk_max_mps3,lower,4.861933846486981,1.8884116944629177,2.9735221520240627,157.46154086753634,0
controller_comparison,M6_GP_ENHANCED_ENMPC_ROBUST_TRACKING_030_MINUS_M1_ROBUST_GEOMETRIC_TRACKING,M6_GP_ENHANCED_ENMPC_ROBUST_TRACKING_030,M1_ROBUST_GEOMETRIC_TRACKING,MU_CAMBRIDGE_MA_01,P_DIST_FIXED,robust_compensation_p95_mps2,lower,0.2797329964941522,0.2726041838265699,0.007128812667582252,2.6150782308306697,0
controller_comparison,M6_GP_ENHANCED_ENMPC_ROBUST_TRACKING_030_MINUS_M1_ROBUST_GEOMETRIC_TRACKING,M6_GP_ENHANCED_ENMPC_ROBUST_TRACKING_030,M1_ROBUST_GEOMETRIC_TRACKING,MU_CAMBRIDGE_MA_01,P_DIST_FIXED,rotor_command_total_variation_n,lower,2246.963253181582,612.1684144343377,1634.7948387472443,267.04985102144553,0
controller_comparison,M6_GP_ENHANCED_ENMPC_ROBUST_TRACKING_030_MINUS_M1_ROBUST_GEOMETRIC_TRACKING,M6_GP_ENHANCED_ENMPC_ROBUST_TRACKING_030,M1_ROBUST_GEOMETRIC_TRACKING,MU_CAMBRIDGE_MA_01,P_DIST_FIXED,minimum_per_rotor_margin_n,higher,8.025827106664327,11.985747233553298,-3.9599201268889708,-33.03857531555012,0
controller_comparison,M6_GP_ENHANCED_ENMPC_ROBUST_TRACKING_030_MINUS_M1_ROBUST_GEOMETRIC_TRACKING,M6_GP_ENHANCED_ENMPC_ROBUST_TRACKING_030,M1_ROBUST_GEOMETRIC_TRACKING,MU_CAMBRIDGE_MA_01,P_DIST_FIXED,solver_deadline_miss_count,lower,0.0,0.0,0.0,,0
controller_comparison,M6_GP_ENHANCED_ENMPC_ROBUST_TRACKING_030_MINUS_M1_ROBUST_GEOMETRIC_TRACKING,M6_GP_ENHANCED_ENMPC_ROBUST_TRACKING_030,M1_ROBUST_GEOMETRIC_TRACKING,MU_CAMBRIDGE_MA_01,P_ENERGY_WIND_PAYLOAD,service_corrected_mission_time_s,lower,597.3179999996637,618.6048230214662,-21.286823021802547,-3.4411020136944312,1
controller_comparison,M6_GP_ENHANCED_ENMPC_ROBUST_TRACKING_030_MINUS_M1_ROBUST_GEOMETRIC_TRACKING,M6_GP_ENHANCED_ENMPC_ROBUST_TRACKING_030,M1_ROBUST_GEOMETRIC_TRACKING,MU_CAMBRIDGE_MA_01,P_ENERGY_WIND_PAYLOAD,service_corrected_modeled_energy_j,lower,702676.8655332434,727248.2439618208,-24571.378428577445,-3.3786782756215765,1
controller_comparison,M6_GP_ENHANCED_ENMPC_ROBUST_TRACKING_030_MINUS_M1_ROBUST_GEOMETRIC_TRACKING,M6_GP_ENHANCED_ENMPC_ROBUST_TRACKING_030,M1_ROBUST_GEOMETRIC_TRACKING,MU_CAMBRIDGE_MA_01,P_ENERGY_WIND_PAYLOAD,flight_time_s,lower,485.34999999966374,506.63682302146617,-21.286823021802434,-4.201594131048882,1
controller_comparison,M6_GP_ENHANCED_ENMPC_ROBUST_TRACKING_030_MINUS_M1_ROBUST_GEOMETRIC_TRACKING,M6_GP_ENHANCED_ENMPC_ROBUST_TRACKING_030,M1_ROBUST_GEOMETRIC_TRACKING,MU_CAMBRIDGE_MA_01,P_ENERGY_WIND_PAYLOAD,service_time_s,lower,111.968,111.96800000000006,-5.684341886080802e-14,-5.076755757074163e-14,1
controller_comparison,M6_GP_ENHANCED_ENMPC_ROBUST_TRACKING_030_MINUS_M1_ROBUST_GEOMETRIC_TRACKING,M6_GP_ENHANCED_ENMPC_ROBUST_TRACKING_030,M1_ROBUST_GEOMETRIC_TRACKING,MU_CAMBRIDGE_MA_01,P_ENERGY_WIND_PAYLOAD,flight_controller_sensitive_energy_j,lower,595280.2395189939,619851.6179475713,-24571.378428577445,-3.9640742586003475,1
controller_comparison,M6_GP_ENHANCED_ENMPC_ROBUST_TRACKING_030_MINUS_M1_ROBUST_GEOMETRIC_TRACKING,M6_GP_ENHANCED_ENMPC_ROBUST_TRACKING_030,M1_ROBUST_GEOMETRIC_TRACKING,MU_CAMBRIDGE_MA_01,P_ENERGY_WIND_PAYLOAD,service_energy_j,lower,107396.62601424947,107396.62601424947,0.0,0.0,0
controller_comparison,M6_GP_ENHANCED_ENMPC_ROBUST_TRACKING_030_MINUS_M1_ROBUST_GEOMETRIC_TRACKING,M6_GP_ENHANCED_ENMPC_ROBUST_TRACKING_030,M1_ROBUST_GEOMETRIC_TRACKING,MU_CAMBRIDGE_MA_01,P_ENERGY_WIND_PAYLOAD,position_rms_m,lower,0.1620385251716138,0.23742600149223497,-0.07538747632062118,-31.751988344497615,1
controller_comparison,M6_GP_ENHANCED_ENMPC_ROBUST_TRACKING_030_MINUS_M1_ROBUST_GEOMETRIC_TRACKING,M6_GP_ENHANCED_ENMPC_ROBUST_TRACKING_030,M1_ROBUST_GEOMETRIC_TRACKING,MU_CAMBRIDGE_MA_01,P_ENERGY_WIND_PAYLOAD,position_p95_m,lower,0.23511604120177063,0.33302068361162096,-0.09790464240985033,-29.398967459940042,1
controller_comparison,M6_GP_ENHANCED_ENMPC_ROBUST_TRACKING_030_MINUS_M1_ROBUST_GEOMETRIC_TRACKING,M6_GP_ENHANCED_ENMPC_ROBUST_TRACKING_030,M1_ROBUST_GEOMETRIC_TRACKING,MU_CAMBRIDGE_MA_01,P_ENERGY_WIND_PAYLOAD,position_max_m,lower,0.2594145925075157,0.4117007455762328,-0.15228615306871712,-36.98952569434173,1
controller_comparison,M6_GP_ENHANCED_ENMPC_ROBUST_TRACKING_030_MINUS_M1_ROBUST_GEOMETRIC_TRACKING,M6_GP_ENHANCED_ENMPC_ROBUST_TRACKING_030,M1_ROBUST_GEOMETRIC_TRACKING,MU_CAMBRIDGE_MA_01,P_ENERGY_WIND_PAYLOAD,vertical_p95_error_m,lower,0.02643405470069915,0.09293434316583671,-0.06650028846513756,-71.55620430487264,1
controller_comparison,M6_GP_ENHANCED_ENMPC_ROBUST_TRACKING_030_MINUS_M1_ROBUST_GEOMETRIC_TRACKING,M6_GP_ENHANCED_ENMPC_ROBUST_TRACKING_030,M1_ROBUST_GEOMETRIC_TRACKING,MU_CAMBRIDGE_MA_01,P_ENERGY_WIND_PAYLOAD,attitude_p95_rad,lower,0.0231541187836344,0.04320604778584464,-0.02005192900221024,-46.41000514927853,1
controller_comparison,M6_GP_ENHANCED_ENMPC_ROBUST_TRACKING_030_MINUS_M1_ROBUST_GEOMETRIC_TRACKING,M6_GP_ENHANCED_ENMPC_ROBUST_TRACKING_030,M1_ROBUST_GEOMETRIC_TRACKING,MU_CAMBRIDGE_MA_01,P_ENERGY_WIND_PAYLOAD,acceleration_p95_mps2,lower,0.8606444890909306,0.8411710538385778,0.01947343525235279,2.3150386789331643,0
controller_comparison,M6_GP_ENHANCED_ENMPC_ROBUST_TRACKING_030_MINUS_M1_ROBUST_GEOMETRIC_TRACKING,M6_GP_ENHANCED_ENMPC_ROBUST_TRACKING_030,M1_ROBUST_GEOMETRIC_TRACKING,MU_CAMBRIDGE_MA_01,P_ENERGY_WIND_PAYLOAD,acceleration_max_mps2,lower,1.2766956886450838,1.3927245128659549,-0.11602882422087113,-8.331067856492773,1
controller_comparison,M6_GP_ENHANCED_ENMPC_ROBUST_TRACKING_030_MINUS_M1_ROBUST_GEOMETRIC_TRACKING,M6_GP_ENHANCED_ENMPC_ROBUST_TRACKING_030,M1_ROBUST_GEOMETRIC_TRACKING,MU_CAMBRIDGE_MA_01,P_ENERGY_WIND_PAYLOAD,jerk_p95_mps3,lower,0.3966168092729822,0.5752559814111642,-0.17863917213818198,-31.05385739752954,1
controller_comparison,M6_GP_ENHANCED_ENMPC_ROBUST_TRACKING_030_MINUS_M1_ROBUST_GEOMETRIC_TRACKING,M6_GP_ENHANCED_ENMPC_ROBUST_TRACKING_030,M1_ROBUST_GEOMETRIC_TRACKING,MU_CAMBRIDGE_MA_01,P_ENERGY_WIND_PAYLOAD,jerk_max_mps3,lower,2.8007618090319943,1.3985363836042783,1.402225425427716,100.2637787523218,0
controller_comparison,M6_GP_ENHANCED_ENMPC_ROBUST_TRACKING_030_MINUS_M1_ROBUST_GEOMETRIC_TRACKING,M6_GP_ENHANCED_ENMPC_ROBUST_TRACKING_030,M1_ROBUST_GEOMETRIC_TRACKING,MU_CAMBRIDGE_MA_01,P_ENERGY_WIND_PAYLOAD,robust_compensation_p95_mps2,lower,0.2855608395719873,0.2610833392202723,0.024477500351714976,9.375359004070212,0
controller_comparison,M6_GP_ENHANCED_ENMPC_ROBUST_TRACKING_030_MINUS_M1_ROBUST_GEOMETRIC_TRACKING,M6_GP_ENHANCED_ENMPC_ROBUST_TRACKING_030,M1_ROBUST_GEOMETRIC_TRACKING,MU_CAMBRIDGE_MA_01,P_ENERGY_WIND_PAYLOAD,rotor_command_total_variation_n,lower,1349.290170637565,595.3830685278001,753.907102109765,126.62555285187169,0
controller_comparison,M6_GP_ENHANCED_ENMPC_ROBUST_TRACKING_030_MINUS_M1_ROBUST_GEOMETRIC_TRACKING,M6_GP_ENHANCED_ENMPC_ROBUST_TRACKING_030,M1_ROBUST_GEOMETRIC_TRACKING,MU_CAMBRIDGE_MA_01,P_ENERGY_WIND_PAYLOAD,minimum_per_rotor_margin_n,higher,10.584404421519764,12.118638388341253,-1.534233966821489,-12.660118386711664,0
controller_comparison,M6_GP_ENHANCED_ENMPC_ROBUST_TRACKING_030_MINUS_M1_ROBUST_GEOMETRIC_TRACKING,M6_GP_ENHANCED_ENMPC_ROBUST_TRACKING_030,M1_ROBUST_GEOMETRIC_TRACKING,MU_CAMBRIDGE_MA_01,P_ENERGY_WIND_PAYLOAD,solver_deadline_miss_count,lower,0.0,0.0,0.0,,0
controller_comparison,M6_GP_ENHANCED_ENMPC_ROBUST_TRACKING_030_MINUS_M1_ROBUST_GEOMETRIC_TRACKING,M6_GP_ENHANCED_ENMPC_ROBUST_TRACKING_030,M1_ROBUST_GEOMETRIC_TRACKING,MU_CAMBRIDGE_MA_02,P_DIST_FIXED,service_corrected_mission_time_s,lower,734.187999999579,755.2384901027585,-21.050490103179527,-2.7872639409990048,1
controller_comparison,M6_GP_ENHANCED_ENMPC_ROBUST_TRACKING_030_MINUS_M1_ROBUST_GEOMETRIC_TRACKING,M6_GP_ENHANCED_ENMPC_ROBUST_TRACKING_030,M1_ROBUST_GEOMETRIC_TRACKING,MU_CAMBRIDGE_MA_02,P_DIST_FIXED,service_corrected_modeled_energy_j,lower,901957.0548662968,926981.9601236421,-25024.905257345294,-2.6996108159437577,1
controller_comparison,M6_GP_ENHANCED_ENMPC_ROBUST_TRACKING_030_MINUS_M1_ROBUST_GEOMETRIC_TRACKING,M6_GP_ENHANCED_ENMPC_ROBUST_TRACKING_030,M1_ROBUST_GEOMETRIC_TRACKING,MU_CAMBRIDGE_MA_02,P_DIST_FIXED,flight_time_s,lower,622.219999999579,643.2704901027586,-21.050490103179527,-3.272416569243964,1
controller_comparison,M6_GP_ENHANCED_ENMPC_ROBUST_TRACKING_030_MINUS_M1_ROBUST_GEOMETRIC_TRACKING,M6_GP_ENHANCED_ENMPC_ROBUST_TRACKING_030,M1_ROBUST_GEOMETRIC_TRACKING,MU_CAMBRIDGE_MA_02,P_DIST_FIXED,service_time_s,lower,111.968,111.96799999999999,1.4210854715202004e-14,1.2691889392685415e-14,0
controller_comparison,M6_GP_ENHANCED_ENMPC_ROBUST_TRACKING_030_MINUS_M1_ROBUST_GEOMETRIC_TRACKING,M6_GP_ENHANCED_ENMPC_ROBUST_TRACKING_030,M1_ROBUST_GEOMETRIC_TRACKING,MU_CAMBRIDGE_MA_02,P_DIST_FIXED,flight_controller_sensitive_energy_j,lower,796615.6418081057,821640.547065451,-25024.905257345294,-3.0457242338786177,1
controller_comparison,M6_GP_ENHANCED_ENMPC_ROBUST_TRACKING_030_MINUS_M1_ROBUST_GEOMETRIC_TRACKING,M6_GP_ENHANCED_ENMPC_ROBUST_TRACKING_030,M1_ROBUST_GEOMETRIC_TRACKING,MU_CAMBRIDGE_MA_02,P_DIST_FIXED,service_energy_j,lower,105341.41305819107,105341.41305819107,0.0,0.0,0
controller_comparison,M6_GP_ENHANCED_ENMPC_ROBUST_TRACKING_030_MINUS_M1_ROBUST_GEOMETRIC_TRACKING,M6_GP_ENHANCED_ENMPC_ROBUST_TRACKING_030,M1_ROBUST_GEOMETRIC_TRACKING,MU_CAMBRIDGE_MA_02,P_DIST_FIXED,position_rms_m,lower,0.14161964551335474,0.29993053047365636,-0.15831088496030163,-52.78251757508443,1
controller_comparison,M6_GP_ENHANCED_ENMPC_ROBUST_TRACKING_030_MINUS_M1_ROBUST_GEOMETRIC_TRACKING,M6_GP_ENHANCED_ENMPC_ROBUST_TRACKING_030,M1_ROBUST_GEOMETRIC_TRACKING,MU_CAMBRIDGE_MA_02,P_DIST_FIXED,position_p95_m,lower,0.2320289993042513,0.44203496793799435,-0.21000596863374305,-47.50890401575679,1
controller_comparison,M6_GP_ENHANCED_ENMPC_ROBUST_TRACKING_030_MINUS_M1_ROBUST_GEOMETRIC_TRACKING,M6_GP_ENHANCED_ENMPC_ROBUST_TRACKING_030,M1_ROBUST_GEOMETRIC_TRACKING,MU_CAMBRIDGE_MA_02,P_DIST_FIXED,position_max_m,lower,0.40090347183658026,0.6908616571176286,-0.28995818528104833,-41.970513531000464,1
controller_comparison,M6_GP_ENHANCED_ENMPC_ROBUST_TRACKING_030_MINUS_M1_ROBUST_GEOMETRIC_TRACKING,M6_GP_ENHANCED_ENMPC_ROBUST_TRACKING_030,M1_ROBUST_GEOMETRIC_TRACKING,MU_CAMBRIDGE_MA_02,P_DIST_FIXED,vertical_p95_error_m,lower,0.04171826146819768,0.15736767916006578,-0.1156494176918681,-73.48994298520209,1
controller_comparison,M6_GP_ENHANCED_ENMPC_ROBUST_TRACKING_030_MINUS_M1_ROBUST_GEOMETRIC_TRACKING,M6_GP_ENHANCED_ENMPC_ROBUST_TRACKING_030,M1_ROBUST_GEOMETRIC_TRACKING,MU_CAMBRIDGE_MA_02,P_DIST_FIXED,attitude_p95_rad,lower,0.017831318339086404,0.05930708140764292,-0.04147576306855651,-69.93391359705575,1
controller_comparison,M6_GP_ENHANCED_ENMPC_ROBUST_TRACKING_030_MINUS_M1_ROBUST_GEOMETRIC_TRACKING,M6_GP_ENHANCED_ENMPC_ROBUST_TRACKING_030,M1_ROBUST_GEOMETRIC_TRACKING,MU_CAMBRIDGE_MA_02,P_DIST_FIXED,acceleration_p95_mps2,lower,1.1377719923472378,1.1729707922730919,-0.03519879992585406,-3.0008249274172085,1
controller_comparison,M6_GP_ENHANCED_ENMPC_ROBUST_TRACKING_030_MINUS_M1_ROBUST_GEOMETRIC_TRACKING,M6_GP_ENHANCED_ENMPC_ROBUST_TRACKING_030,M1_ROBUST_GEOMETRIC_TRACKING,MU_CAMBRIDGE_MA_02,P_DIST_FIXED,acceleration_max_mps2,lower,1.8280950387388741,1.6473033239564248,0.18079171478244938,10.975010622101541,0
controller_comparison,M6_GP_ENHANCED_ENMPC_ROBUST_TRACKING_030_MINUS_M1_ROBUST_GEOMETRIC_TRACKING,M6_GP_ENHANCED_ENMPC_ROBUST_TRACKING_030,M1_ROBUST_GEOMETRIC_TRACKING,MU_CAMBRIDGE_MA_02,P_DIST_FIXED,jerk_p95_mps3,lower,0.7640913922679868,0.9948119629475461,-0.2307205706795593,-23.19237999470304,1
controller_comparison,M6_GP_ENHANCED_ENMPC_ROBUST_TRACKING_030_MINUS_M1_ROBUST_GEOMETRIC_TRACKING,M6_GP_ENHANCED_ENMPC_ROBUST_TRACKING_030,M1_ROBUST_GEOMETRIC_TRACKING,MU_CAMBRIDGE_MA_02,P_DIST_FIXED,jerk_max_mps3,lower,5.104842282435621,2.48504737236864,2.619794910066981,105.42233275697699,0
controller_comparison,M6_GP_ENHANCED_ENMPC_ROBUST_TRACKING_030_MINUS_M1_ROBUST_GEOMETRIC_TRACKING,M6_GP_ENHANCED_ENMPC_ROBUST_TRACKING_030,M1_ROBUST_GEOMETRIC_TRACKING,MU_CAMBRIDGE_MA_02,P_DIST_FIXED,robust_compensation_p95_mps2,lower,0.49152256899091534,0.3649450111786353,0.12657755781228003,34.68400825743091,0
controller_comparison,M6_GP_ENHANCED_ENMPC_ROBUST_TRACKING_030_MINUS_M1_ROBUST_GEOMETRIC_TRACKING,M6_GP_ENHANCED_ENMPC_ROBUST_TRACKING_030,M1_ROBUST_GEOMETRIC_TRACKING,MU_CAMBRIDGE_MA_02,P_DIST_FIXED,rotor_command_total_variation_n,lower,4430.328304723927,1582.636137599566,2847.6921671243617,179.93347298663016,0
controller_comparison,M6_GP_ENHANCED_ENMPC_ROBUST_TRACKING_030_MINUS_M1_ROBUST_GEOMETRIC_TRACKING,M6_GP_ENHANCED_ENMPC_ROBUST_TRACKING_030,M1_ROBUST_GEOMETRIC_TRACKING,MU_CAMBRIDGE_MA_02,P_DIST_FIXED,minimum_per_rotor_margin_n,higher,7.8619305351524,11.63531433129694,-3.7733837961445396,-32.430441401955115,0
controller_comparison,M6_GP_ENHANCED_ENMPC_ROBUST_TRACKING_030_MINUS_M1_ROBUST_GEOMETRIC_TRACKING,M6_GP_ENHANCED_ENMPC_ROBUST_TRACKING_030,M1_ROBUST_GEOMETRIC_TRACKING,MU_CAMBRIDGE_MA_02,P_DIST_FIXED,solver_deadline_miss_count,lower,0.0,0.0,0.0,,0
controller_comparison,M6_GP_ENHANCED_ENMPC_ROBUST_TRACKING_030_MINUS_M1_ROBUST_GEOMETRIC_TRACKING,M6_GP_ENHANCED_ENMPC_ROBUST_TRACKING_030,M1_ROBUST_GEOMETRIC_TRACKING,MU_CAMBRIDGE_MA_02,P_ENERGY_WIND_PAYLOAD,service_corrected_mission_time_s,lower,728.0579999995848,751.2604917699716,-23.202491770386814,-3.0884749064497834,1
controller_comparison,M6_GP_ENHANCED_ENMPC_ROBUST_TRACKING_030_MINUS_M1_ROBUST_GEOMETRIC_TRACKING,M6_GP_ENHANCED_ENMPC_ROBUST_TRACKING_030,M1_ROBUST_GEOMETRIC_TRACKING,MU_CAMBRIDGE_MA_02,P_ENERGY_WIND_PAYLOAD,service_corrected_modeled_energy_j,lower,894329.3079114362,921649.6166667686,-27320.30875533237,-2.9642836346136403,1
controller_comparison,M6_GP_ENHANCED_ENMPC_ROBUST_TRACKING_030_MINUS_M1_ROBUST_GEOMETRIC_TRACKING,M6_GP_ENHANCED_ENMPC_ROBUST_TRACKING_030,M1_ROBUST_GEOMETRIC_TRACKING,MU_CAMBRIDGE_MA_02,P_ENERGY_WIND_PAYLOAD,flight_time_s,lower,616.0899999995848,639.2924917699717,-23.202491770386814,-3.629401575818204,1
controller_comparison,M6_GP_ENHANCED_ENMPC_ROBUST_TRACKING_030_MINUS_M1_ROBUST_GEOMETRIC_TRACKING,M6_GP_ENHANCED_ENMPC_ROBUST_TRACKING_030,M1_ROBUST_GEOMETRIC_TRACKING,MU_CAMBRIDGE_MA_02,P_ENERGY_WIND_PAYLOAD,service_time_s,lower,111.968,111.96799999999999,1.4210854715202004e-14,1.2691889392685415e-14,0
controller_comparison,M6_GP_ENHANCED_ENMPC_ROBUST_TRACKING_030_MINUS_M1_ROBUST_GEOMETRIC_TRACKING,M6_GP_ENHANCED_ENMPC_ROBUST_TRACKING_030,M1_ROBUST_GEOMETRIC_TRACKING,MU_CAMBRIDGE_MA_02,P_ENERGY_WIND_PAYLOAD,flight_controller_sensitive_energy_j,lower,788987.8948532451,816308.2036085775,-27320.30875533237,-3.3468129604186303,1
controller_comparison,M6_GP_ENHANCED_ENMPC_ROBUST_TRACKING_030_MINUS_M1_ROBUST_GEOMETRIC_TRACKING,M6_GP_ENHANCED_ENMPC_ROBUST_TRACKING_030,M1_ROBUST_GEOMETRIC_TRACKING,MU_CAMBRIDGE_MA_02,P_ENERGY_WIND_PAYLOAD,service_energy_j,lower,105341.41305819107,105341.41305819107,0.0,0.0,0
controller_comparison,M6_GP_ENHANCED_ENMPC_ROBUST_TRACKING_030_MINUS_M1_ROBUST_GEOMETRIC_TRACKING,M6_GP_ENHANCED_ENMPC_ROBUST_TRACKING_030,M1_ROBUST_GEOMETRIC_TRACKING,MU_CAMBRIDGE_MA_02,P_ENERGY_WIND_PAYLOAD,position_rms_m,lower,0.1370498430640068,0.2925397674868448,-0.155489924422838,-53.1517221602462,1
controller_comparison,M6_GP_ENHANCED_ENMPC_ROBUST_TRACKING_030_MINUS_M1_ROBUST_GEOMETRIC_TRACKING,M6_GP_ENHANCED_ENMPC_ROBUST_TRACKING_030,M1_ROBUST_GEOMETRIC_TRACKING,MU_CAMBRIDGE_MA_02,P_ENERGY_WIND_PAYLOAD,position_p95_m,lower,0.2157140237215875,0.4283393956228406,-0.21262537190125314,-49.63946208872019,1
controller_comparison,M6_GP_ENHANCED_ENMPC_ROBUST_TRACKING_030_MINUS_M1_ROBUST_GEOMETRIC_TRACKING,M6_GP_ENHANCED_ENMPC_ROBUST_TRACKING_030,M1_ROBUST_GEOMETRIC_TRACKING,MU_CAMBRIDGE_MA_02,P_ENERGY_WIND_PAYLOAD,position_max_m,lower,0.3107588627432158,0.6668033870436846,-0.3560445243004688,-53.39572821893046,1
controller_comparison,M6_GP_ENHANCED_ENMPC_ROBUST_TRACKING_030_MINUS_M1_ROBUST_GEOMETRIC_TRACKING,M6_GP_ENHANCED_ENMPC_ROBUST_TRACKING_030,M1_ROBUST_GEOMETRIC_TRACKING,MU_CAMBRIDGE_MA_02,P_ENERGY_WIND_PAYLOAD,vertical_p95_error_m,lower,0.04294015521889172,0.15728980498676215,-0.11434964976787043,-72.6999755499057,1
controller_comparison,M6_GP_ENHANCED_ENMPC_ROBUST_TRACKING_030_MINUS_M1_ROBUST_GEOMETRIC_TRACKING,M6_GP_ENHANCED_ENMPC_ROBUST_TRACKING_030,M1_ROBUST_GEOMETRIC_TRACKING,MU_CAMBRIDGE_MA_02,P_ENERGY_WIND_PAYLOAD,attitude_p95_rad,lower,0.016754844089451982,0.057199327855931376,-0.0404444837664794,-70.70797032501395,1
controller_comparison,M6_GP_ENHANCED_ENMPC_ROBUST_TRACKING_030_MINUS_M1_ROBUST_GEOMETRIC_TRACKING,M6_GP_ENHANCED_ENMPC_ROBUST_TRACKING_030,M1_ROBUST_GEOMETRIC_TRACKING,MU_CAMBRIDGE_MA_02,P_ENERGY_WIND_PAYLOAD,acceleration_p95_mps2,lower,1.083306298231429,1.1110605107202116,-0.027754212488782626,-2.4979928834651672,1
controller_comparison,M6_GP_ENHANCED_ENMPC_ROBUST_TRACKING_030_MINUS_M1_ROBUST_GEOMETRIC_TRACKING,M6_GP_ENHANCED_ENMPC_ROBUST_TRACKING_030,M1_ROBUST_GEOMETRIC_TRACKING,MU_CAMBRIDGE_MA_02,P_ENERGY_WIND_PAYLOAD,acceleration_max_mps2,lower,1.5774741088346411,1.6584117374827445,-0.08093762864810339,-4.880430282708701,1
controller_comparison,M6_GP_ENHANCED_ENMPC_ROBUST_TRACKING_030_MINUS_M1_ROBUST_GEOMETRIC_TRACKING,M6_GP_ENHANCED_ENMPC_ROBUST_TRACKING_030,M1_ROBUST_GEOMETRIC_TRACKING,MU_CAMBRIDGE_MA_02,P_ENERGY_WIND_PAYLOAD,jerk_p95_mps3,lower,0.5864325484409393,0.9607288933176709,-0.3742963448767316,-38.95962195788445,1
controller_comparison,M6_GP_ENHANCED_ENMPC_ROBUST_TRACKING_030_MINUS_M1_ROBUST_GEOMETRIC_TRACKING,M6_GP_ENHANCED_ENMPC_ROBUST_TRACKING_030,M1_ROBUST_GEOMETRIC_TRACKING,MU_CAMBRIDGE_MA_02,P_ENERGY_WIND_PAYLOAD,jerk_max_mps3,lower,4.317380807227982,2.936680501776224,1.3807003054517581,47.015679935786494,0
controller_comparison,M6_GP_ENHANCED_ENMPC_ROBUST_TRACKING_030_MINUS_M1_ROBUST_GEOMETRIC_TRACKING,M6_GP_ENHANCED_ENMPC_ROBUST_TRACKING_030,M1_ROBUST_GEOMETRIC_TRACKING,MU_CAMBRIDGE_MA_02,P_ENERGY_WIND_PAYLOAD,robust_compensation_p95_mps2,lower,0.49421869653996164,0.36502605738790417,0.12919263915205748,35.392716913567526,0
controller_comparison,M6_GP_ENHANCED_ENMPC_ROBUST_TRACKING_030_MINUS_M1_ROBUST_GEOMETRIC_TRACKING,M6_GP_ENHANCED_ENMPC_ROBUST_TRACKING_030,M1_ROBUST_GEOMETRIC_TRACKING,MU_CAMBRIDGE_MA_02,P_ENERGY_WIND_PAYLOAD,rotor_command_total_variation_n,lower,3320.5533445535234,1567.9288508543762,1752.6244936991473,111.77959336255142,0
controller_comparison,M6_GP_ENHANCED_ENMPC_ROBUST_TRACKING_030_MINUS_M1_ROBUST_GEOMETRIC_TRACKING,M6_GP_ENHANCED_ENMPC_ROBUST_TRACKING_030,M1_ROBUST_GEOMETRIC_TRACKING,MU_CAMBRIDGE_MA_02,P_ENERGY_WIND_PAYLOAD,minimum_per_rotor_margin_n,higher,10.231483657186576,11.638388782441957,-1.4069051252553813,-12.088487088332045,0
controller_comparison,M6_GP_ENHANCED_ENMPC_ROBUST_TRACKING_030_MINUS_M1_ROBUST_GEOMETRIC_TRACKING,M6_GP_ENHANCED_ENMPC_ROBUST_TRACKING_030,M1_ROBUST_GEOMETRIC_TRACKING,MU_CAMBRIDGE_MA_02,P_ENERGY_WIND_PAYLOAD,solver_deadline_miss_count,lower,0.0,0.0,0.0,,0
controller_comparison,M6_GP_ENHANCED_ENMPC_ROBUST_TRACKING_030_MINUS_M1_ROBUST_GEOMETRIC_TRACKING,M6_GP_ENHANCED_ENMPC_ROBUST_TRACKING_030,M1_ROBUST_GEOMETRIC_TRACKING,MU_MANHATTAN_NY_01,P_DIST_FIXED,service_corrected_mission_time_s,lower,737.8579999995757,755.283454868684,-17.425454869108307,-2.307141081507995,1
controller_comparison,M6_GP_ENHANCED_ENMPC_ROBUST_TRACKING_030_MINUS_M1_ROBUST_GEOMETRIC_TRACKING,M6_GP_ENHANCED_ENMPC_ROBUST_TRACKING_030,M1_ROBUST_GEOMETRIC_TRACKING,MU_MANHATTAN_NY_01,P_DIST_FIXED,service_corrected_modeled_energy_j,lower,909089.2269692628,931444.217179736,-22354.99021047319,-2.40003532129498,1
controller_comparison,M6_GP_ENHANCED_ENMPC_ROBUST_TRACKING_030_MINUS_M1_ROBUST_GEOMETRIC_TRACKING,M6_GP_ENHANCED_ENMPC_ROBUST_TRACKING_030,M1_ROBUST_GEOMETRIC_TRACKING,MU_MANHATTAN_NY_01,P_DIST_FIXED,flight_time_s,lower,625.8899999995757,643.315454868684,-17.425454869108307,-2.708695203454308,1
controller_comparison,M6_GP_ENHANCED_ENMPC_ROBUST_TRACKING_030_MINUS_M1_ROBUST_GEOMETRIC_TRACKING,M6_GP_ENHANCED_ENMPC_ROBUST_TRACKING_030,M1_ROBUST_GEOMETRIC_TRACKING,MU_MANHATTAN_NY_01,P_DIST_FIXED,service_time_s,lower,111.968,111.96799999999993,7.105427357601002e-14,6.34594469634271e-14,0
controller_comparison,M6_GP_ENHANCED_ENMPC_ROBUST_TRACKING_030_MINUS_M1_ROBUST_GEOMETRIC_TRACKING,M6_GP_ENHANCED_ENMPC_ROBUST_TRACKING_030,M1_ROBUST_GEOMETRIC_TRACKING,MU_MANHATTAN_NY_01,P_DIST_FIXED,flight_controller_sensitive_energy_j,lower,802492.7355870141,824847.7257974874,-22354.990210473305,-2.710196016950866,1
controller_comparison,M6_GP_ENHANCED_ENMPC_ROBUST_TRACKING_030_MINUS_M1_ROBUST_GEOMETRIC_TRACKING,M6_GP_ENHANCED_ENMPC_ROBUST_TRACKING_030,M1_ROBUST_GEOMETRIC_TRACKING,MU_MANHATTAN_NY_01,P_DIST_FIXED,service_energy_j,lower,106596.49138224864,106596.49138224864,0.0,0.0,0
controller_comparison,M6_GP_ENHANCED_ENMPC_ROBUST_TRACKING_030_MINUS_M1_ROBUST_GEOMETRIC_TRACKING,M6_GP_ENHANCED_ENMPC_ROBUST_TRACKING_030,M1_ROBUST_GEOMETRIC_TRACKING,MU_MANHATTAN_NY_01,P_DIST_FIXED,position_rms_m,lower,0.08390302482653064,0.24146566178923545,-0.1575626369627048,-65.25260602074103,1
controller_comparison,M6_GP_ENHANCED_ENMPC_ROBUST_TRACKING_030_MINUS_M1_ROBUST_GEOMETRIC_TRACKING,M6_GP_ENHANCED_ENMPC_ROBUST_TRACKING_030,M1_ROBUST_GEOMETRIC_TRACKING,MU_MANHATTAN_NY_01,P_DIST_FIXED,position_p95_m,lower,0.15963727883619674,0.38132737348670864,-0.2216900946505119,-58.13642294374627,1
controller_comparison,M6_GP_ENHANCED_ENMPC_ROBUST_TRACKING_030_MINUS_M1_ROBUST_GEOMETRIC_TRACKING,M6_GP_ENHANCED_ENMPC_ROBUST_TRACKING_030,M1_ROBUST_GEOMETRIC_TRACKING,MU_MANHATTAN_NY_01,P_DIST_FIXED,position_max_m,lower,0.34444032064096736,0.7108050621589619,-0.36636474151799453,-51.542224587598966,1
controller_comparison,M6_GP_ENHANCED_ENMPC_ROBUST_TRACKING_030_MINUS_M1_ROBUST_GEOMETRIC_TRACKING,M6_GP_ENHANCED_ENMPC_ROBUST_TRACKING_030,M1_ROBUST_GEOMETRIC_TRACKING,MU_MANHATTAN_NY_01,P_DIST_FIXED,vertical_p95_error_m,lower,0.0352660725695042,0.13949597436799444,-0.10422990179849023,-74.71893169012084,1
controller_comparison,M6_GP_ENHANCED_ENMPC_ROBUST_TRACKING_030_MINUS_M1_ROBUST_GEOMETRIC_TRACKING,M6_GP_ENHANCED_ENMPC_ROBUST_TRACKING_030,M1_ROBUST_GEOMETRIC_TRACKING,MU_MANHATTAN_NY_01,P_DIST_FIXED,attitude_p95_rad,lower,0.010875525437395719,0.06062379644421312,-0.0497482710068174,-82.06063282855679,1
controller_comparison,M6_GP_ENHANCED_ENMPC_ROBUST_TRACKING_030_MINUS_M1_ROBUST_GEOMETRIC_TRACKING,M6_GP_ENHANCED_ENMPC_ROBUST_TRACKING_030,M1_ROBUST_GEOMETRIC_TRACKING,MU_MANHATTAN_NY_01,P_DIST_FIXED,acceleration_p95_mps2,lower,1.2597552373968979,1.3116137048029823,-0.05185846740608446,-3.953791212777403,1
controller_comparison,M6_GP_ENHANCED_ENMPC_ROBUST_TRACKING_030_MINUS_M1_ROBUST_GEOMETRIC_TRACKING,M6_GP_ENHANCED_ENMPC_ROBUST_TRACKING_030,M1_ROBUST_GEOMETRIC_TRACKING,MU_MANHATTAN_NY_01,P_DIST_FIXED,acceleration_max_mps2,lower,1.6569630657754129,1.9756872969432275,-0.3187242311678147,-16.13232173233806,1
controller_comparison,M6_GP_ENHANCED_ENMPC_ROBUST_TRACKING_030_MINUS_M1_ROBUST_GEOMETRIC_TRACKING,M6_GP_ENHANCED_ENMPC_ROBUST_TRACKING_030,M1_ROBUST_GEOMETRIC_TRACKING,MU_MANHATTAN_NY_01,P_DIST_FIXED,jerk_p95_mps3,lower,0.7607780904670164,0.9955105260230611,-0.23473243555604473,-23.579101317368405,1
controller_comparison,M6_GP_ENHANCED_ENMPC_ROBUST_TRACKING_030_MINUS_M1_ROBUST_GEOMETRIC_TRACKING,M6_GP_ENHANCED_ENMPC_ROBUST_TRACKING_030,M1_ROBUST_GEOMETRIC_TRACKING,MU_MANHATTAN_NY_01,P_DIST_FIXED,jerk_max_mps3,lower,5.376329784087543,2.0593414363980194,3.316988347689523,161.0703445802191,0
controller_comparison,M6_GP_ENHANCED_ENMPC_ROBUST_TRACKING_030_MINUS_M1_ROBUST_GEOMETRIC_TRACKING,M6_GP_ENHANCED_ENMPC_ROBUST_TRACKING_030,M1_ROBUST_GEOMETRIC_TRACKING,MU_MANHATTAN_NY_01,P_DIST_FIXED,robust_compensation_p95_mps2,lower,0.3718895113317886,0.3286774550648117,0.043212056266976884,13.147252907400029,0
controller_comparison,M6_GP_ENHANCED_ENMPC_ROBUST_TRACKING_030_MINUS_M1_ROBUST_GEOMETRIC_TRACKING,M6_GP_ENHANCED_ENMPC_ROBUST_TRACKING_030,M1_ROBUST_GEOMETRIC_TRACKING,MU_MANHATTAN_NY_01,P_DIST_FIXED,rotor_command_total_variation_n,lower,4301.228988491993,1202.7371662550481,3098.4918222369447,257.6200278141143,0
controller_comparison,M6_GP_ENHANCED_ENMPC_ROBUST_TRACKING_030_MINUS_M1_ROBUST_GEOMETRIC_TRACKING,M6_GP_ENHANCED_ENMPC_ROBUST_TRACKING_030,M1_ROBUST_GEOMETRIC_TRACKING,MU_MANHATTAN_NY_01,P_DIST_FIXED,minimum_per_rotor_margin_n,higher,9.166218615856732,11.835076883699049,-2.6688582678423174,-22.550409212112925,0
controller_comparison,M6_GP_ENHANCED_ENMPC_ROBUST_TRACKING_030_MINUS_M1_ROBUST_GEOMETRIC_TRACKING,M6_GP_ENHANCED_ENMPC_ROBUST_TRACKING_030,M1_ROBUST_GEOMETRIC_TRACKING,MU_MANHATTAN_NY_01,P_DIST_FIXED,solver_deadline_miss_count,lower,0.0,0.0,0.0,,0
controller_comparison,M6_GP_ENHANCED_ENMPC_ROBUST_TRACKING_030_MINUS_M1_ROBUST_GEOMETRIC_TRACKING,M6_GP_ENHANCED_ENMPC_ROBUST_TRACKING_030,M1_ROBUST_GEOMETRIC_TRACKING,MU_MANHATTAN_NY_01,P_ENERGY_WIND_PAYLOAD,service_corrected_mission_time_s,lower,732.7079999995406,753.1084112331683,-20.40041123362778,-2.7088279627926832,1
controller_comparison,M6_GP_ENHANCED_ENMPC_ROBUST_TRACKING_030_MINUS_M1_ROBUST_GEOMETRIC_TRACKING,M6_GP_ENHANCED_ENMPC_ROBUST_TRACKING_030,M1_ROBUST_GEOMETRIC_TRACKING,MU_MANHATTAN_NY_01,P_ENERGY_WIND_PAYLOAD,service_corrected_modeled_energy_j,lower,861646.0967496748,886126.1007176371,-24480.003967962344,-2.7625869442438264,1
controller_comparison,M6_GP_ENHANCED_ENMPC_ROBUST_TRACKING_030_MINUS_M1_ROBUST_GEOMETRIC_TRACKING,M6_GP_ENHANCED_ENMPC_ROBUST_TRACKING_030,M1_ROBUST_GEOMETRIC_TRACKING,MU_MANHATTAN_NY_01,P_ENERGY_WIND_PAYLOAD,flight_time_s,lower,620.7399999995406,641.1404112331684,-20.40041123362778,-3.1818944612132096,1
controller_comparison,M6_GP_ENHANCED_ENMPC_ROBUST_TRACKING_030_MINUS_M1_ROBUST_GEOMETRIC_TRACKING,M6_GP_ENHANCED_ENMPC_ROBUST_TRACKING_030,M1_ROBUST_GEOMETRIC_TRACKING,MU_MANHATTAN_NY_01,P_ENERGY_WIND_PAYLOAD,service_time_s,lower,111.968,111.968,0.0,0.0,0
controller_comparison,M6_GP_ENHANCED_ENMPC_ROBUST_TRACKING_030_MINUS_M1_ROBUST_GEOMETRIC_TRACKING,M6_GP_ENHANCED_ENMPC_ROBUST_TRACKING_030,M1_ROBUST_GEOMETRIC_TRACKING,MU_MANHATTAN_NY_01,P_ENERGY_WIND_PAYLOAD,flight_controller_sensitive_energy_j,lower,754249.4707354252,778729.4747033876,-24480.003967962344,-3.14358256149051,1
controller_comparison,M6_GP_ENHANCED_ENMPC_ROBUST_TRACKING_030_MINUS_M1_ROBUST_GEOMETRIC_TRACKING,M6_GP_ENHANCED_ENMPC_ROBUST_TRACKING_030,M1_ROBUST_GEOMETRIC_TRACKING,MU_MANHATTAN_NY_01,P_ENERGY_WIND_PAYLOAD,service_energy_j,lower,107396.62601424947,107396.62601424947,0.0,0.0,0
controller_comparison,M6_GP_ENHANCED_ENMPC_ROBUST_TRACKING_030_MINUS_M1_ROBUST_GEOMETRIC_TRACKING,M6_GP_ENHANCED_ENMPC_ROBUST_TRACKING_030,M1_ROBUST_GEOMETRIC_TRACKING,MU_MANHATTAN_NY_01,P_ENERGY_WIND_PAYLOAD,position_rms_m,lower,0.08638250544532103,0.23001409864798963,-0.1436315932026686,-62.44469101977978,1
controller_comparison,M6_GP_ENHANCED_ENMPC_ROBUST_TRACKING_030_MINUS_M1_ROBUST_GEOMETRIC_TRACKING,M6_GP_ENHANCED_ENMPC_ROBUST_TRACKING_030,M1_ROBUST_GEOMETRIC_TRACKING,MU_MANHATTAN_NY_01,P_ENERGY_WIND_PAYLOAD,position_p95_m,lower,0.1665252754114613,0.363609093020282,-0.19708381760882068,-54.20211468634186,1
controller_comparison,M6_GP_ENHANCED_ENMPC_ROBUST_TRACKING_030_MINUS_M1_ROBUST_GEOMETRIC_TRACKING,M6_GP_ENHANCED_ENMPC_ROBUST_TRACKING_030,M1_ROBUST_GEOMETRIC_TRACKING,MU_MANHATTAN_NY_01,P_ENERGY_WIND_PAYLOAD,position_max_m,lower,0.30885619388645325,0.5798605164712921,-0.27100432258483886,-46.736122720343175,1
controller_comparison,M6_GP_ENHANCED_ENMPC_ROBUST_TRACKING_030_MINUS_M1_ROBUST_GEOMETRIC_TRACKING,M6_GP_ENHANCED_ENMPC_ROBUST_TRACKING_030,M1_ROBUST_GEOMETRIC_TRACKING,MU_MANHATTAN_NY_01,P_ENERGY_WIND_PAYLOAD,vertical_p95_error_m,lower,0.043798253162094625,0.13572930492030366,-0.09193105175820904,-67.73117405426065,1
controller_comparison,M6_GP_ENHANCED_ENMPC_ROBUST_TRACKING_030_MINUS_M1_ROBUST_GEOMETRIC_TRACKING,M6_GP_ENHANCED_ENMPC_ROBUST_TRACKING_030,M1_ROBUST_GEOMETRIC_TRACKING,MU_MANHATTAN_NY_01,P_ENERGY_WIND_PAYLOAD,attitude_p95_rad,lower,0.009258071433298688,0.05939996982264686,-0.05014189838934817,-84.41401323781658,1
controller_comparison,M6_GP_ENHANCED_ENMPC_ROBUST_TRACKING_030_MINUS_M1_ROBUST_GEOMETRIC_TRACKING,M6_GP_ENHANCED_ENMPC_ROBUST_TRACKING_030,M1_ROBUST_GEOMETRIC_TRACKING,MU_MANHATTAN_NY_01,P_ENERGY_WIND_PAYLOAD,acceleration_p95_mps2,lower,1.1262577934359317,1.168001018422603,-0.04174322498667138,-3.5739031326399027,1
controller_comparison,M6_GP_ENHANCED_ENMPC_ROBUST_TRACKING_030_MINUS_M1_ROBUST_GEOMETRIC_TRACKING,M6_GP_ENHANCED_ENMPC_ROBUST_TRACKING_030,M1_ROBUST_GEOMETRIC_TRACKING,MU_MANHATTAN_NY_01,P_ENERGY_WIND_PAYLOAD,acceleration_max_mps2,lower,1.533205979503515,1.877508637960066,-0.34430265845655117,-18.338272937622264,1
controller_comparison,M6_GP_ENHANCED_ENMPC_ROBUST_TRACKING_030_MINUS_M1_ROBUST_GEOMETRIC_TRACKING,M6_GP_ENHANCED_ENMPC_ROBUST_TRACKING_030,M1_ROBUST_GEOMETRIC_TRACKING,MU_MANHATTAN_NY_01,P_ENERGY_WIND_PAYLOAD,jerk_p95_mps3,lower,0.6141371103045807,0.9925258698450584,-0.3783887595404777,-38.12381833428153,1
controller_comparison,M6_GP_ENHANCED_ENMPC_ROBUST_TRACKING_030_MINUS_M1_ROBUST_GEOMETRIC_TRACKING,M6_GP_ENHANCED_ENMPC_ROBUST_TRACKING_030,M1_ROBUST_GEOMETRIC_TRACKING,MU_MANHATTAN_NY_01,P_ENERGY_WIND_PAYLOAD,jerk_max_mps3,lower,3.177506372295117,1.9566365389700382,1.220869833325079,62.396352567745545,0
controller_comparison,M6_GP_ENHANCED_ENMPC_ROBUST_TRACKING_030_MINUS_M1_ROBUST_GEOMETRIC_TRACKING,M6_GP_ENHANCED_ENMPC_ROBUST_TRACKING_030,M1_ROBUST_GEOMETRIC_TRACKING,MU_MANHATTAN_NY_01,P_ENERGY_WIND_PAYLOAD,robust_compensation_p95_mps2,lower,0.3748912698936149,0.3156306007199288,0.059260669173686054,18.77532439456665,0
controller_comparison,M6_GP_ENHANCED_ENMPC_ROBUST_TRACKING_030_MINUS_M1_ROBUST_GEOMETRIC_TRACKING,M6_GP_ENHANCED_ENMPC_ROBUST_TRACKING_030,M1_ROBUST_GEOMETRIC_TRACKING,MU_MANHATTAN_NY_01,P_ENERGY_WIND_PAYLOAD,rotor_command_total_variation_n,lower,3562.7991719976853,1169.044068006791,2393.7551039908944,204.7617510323819,0
controller_comparison,M6_GP_ENHANCED_ENMPC_ROBUST_TRACKING_030_MINUS_M1_ROBUST_GEOMETRIC_TRACKING,M6_GP_ENHANCED_ENMPC_ROBUST_TRACKING_030,M1_ROBUST_GEOMETRIC_TRACKING,MU_MANHATTAN_NY_01,P_ENERGY_WIND_PAYLOAD,minimum_per_rotor_margin_n,higher,9.08466255015908,11.985969894086178,-2.9013073439270975,-24.20586210014251,0
controller_comparison,M6_GP_ENHANCED_ENMPC_ROBUST_TRACKING_030_MINUS_M1_ROBUST_GEOMETRIC_TRACKING,M6_GP_ENHANCED_ENMPC_ROBUST_TRACKING_030,M1_ROBUST_GEOMETRIC_TRACKING,MU_MANHATTAN_NY_01,P_ENERGY_WIND_PAYLOAD,solver_deadline_miss_count,lower,0.0,0.0,0.0,,0
controller_comparison,M6_GP_ENHANCED_ENMPC_ROBUST_TRACKING_030_MINUS_M1_ROBUST_GEOMETRIC_TRACKING,M6_GP_ENHANCED_ENMPC_ROBUST_TRACKING_030,M1_ROBUST_GEOMETRIC_TRACKING,MU_MANHATTAN_NY_02,P_DIST_FIXED,service_corrected_mission_time_s,lower,667.1079999996047,689.958965886621,-22.850965887016287,-3.3119311461736007,1
controller_comparison,M6_GP_ENHANCED_ENMPC_ROBUST_TRACKING_030_MINUS_M1_ROBUST_GEOMETRIC_TRACKING,M6_GP_ENHANCED_ENMPC_ROBUST_TRACKING_030,M1_ROBUST_GEOMETRIC_TRACKING,MU_MANHATTAN_NY_02,P_DIST_FIXED,service_corrected_modeled_energy_j,lower,803085.4027978649,830489.1719097655,-27403.76911190059,-3.2997141972223174,1
controller_comparison,M6_GP_ENHANCED_ENMPC_ROBUST_TRACKING_030_MINUS_M1_ROBUST_GEOMETRIC_TRACKING,M6_GP_ENHANCED_ENMPC_ROBUST_TRACKING_030,M1_ROBUST_GEOMETRIC_TRACKING,MU_MANHATTAN_NY_02,P_DIST_FIXED,flight_time_s,lower,555.1399999996047,577.990965886621,-22.850965887016287,-3.9535160989867,1
controller_comparison,M6_GP_ENHANCED_ENMPC_ROBUST_TRACKING_030_MINUS_M1_ROBUST_GEOMETRIC_TRACKING,M6_GP_ENHANCED_ENMPC_ROBUST_TRACKING_030,M1_ROBUST_GEOMETRIC_TRACKING,MU_MANHATTAN_NY_02,P_DIST_FIXED,service_time_s,lower,111.968,111.96799999999996,4.263256414560601e-14,3.8075668178056254e-14,0
controller_comparison,M6_GP_ENHANCED_ENMPC_ROBUST_TRACKING_030_MINUS_M1_ROBUST_GEOMETRIC_TRACKING,M6_GP_ENHANCED_ENMPC_ROBUST_TRACKING_030,M1_ROBUST_GEOMETRIC_TRACKING,MU_MANHATTAN_NY_02,P_DIST_FIXED,flight_controller_sensitive_energy_j,lower,696060.2580375683,723464.0271494689,-27403.76911190059,-3.78785510868793,1
controller_comparison,M6_GP_ENHANCED_ENMPC_ROBUST_TRACKING_030_MINUS_M1_ROBUST_GEOMETRIC_TRACKING,M6_GP_ENHANCED_ENMPC_ROBUST_TRACKING_030,M1_ROBUST_GEOMETRIC_TRACKING,MU_MANHATTAN_NY_02,P_DIST_FIXED,service_energy_j,lower,107025.1447602966,107025.1447602966,0.0,0.0,0
controller_comparison,M6_GP_ENHANCED_ENMPC_ROBUST_TRACKING_030_MINUS_M1_ROBUST_GEOMETRIC_TRACKING,M6_GP_ENHANCED_ENMPC_ROBUST_TRACKING_030,M1_ROBUST_GEOMETRIC_TRACKING,MU_MANHATTAN_NY_02,P_DIST_FIXED,position_rms_m,lower,0.08570524081209668,0.21943453061470766,-0.13372928980261098,-60.94268273456854,1
controller_comparison,M6_GP_ENHANCED_ENMPC_ROBUST_TRACKING_030_MINUS_M1_ROBUST_GEOMETRIC_TRACKING,M6_GP_ENHANCED_ENMPC_ROBUST_TRACKING_030,M1_ROBUST_GEOMETRIC_TRACKING,MU_MANHATTAN_NY_02,P_DIST_FIXED,position_p95_m,lower,0.13396481832004348,0.3574589584129221,-0.2234941400928786,-62.52302112812269,1
controller_comparison,M6_GP_ENHANCED_ENMPC_ROBUST_TRACKING_030_MINUS_M1_ROBUST_GEOMETRIC_TRACKING,M6_GP_ENHANCED_ENMPC_ROBUST_TRACKING_030,M1_ROBUST_GEOMETRIC_TRACKING,MU_MANHATTAN_NY_02,P_DIST_FIXED,position_max_m,lower,0.18574482607937973,0.6401523186431252,-0.45440749256374546,-70.98427660574802,1
controller_comparison,M6_GP_ENHANCED_ENMPC_ROBUST_TRACKING_030_MINUS_M1_ROBUST_GEOMETRIC_TRACKING,M6_GP_ENHANCED_ENMPC_ROBUST_TRACKING_030,M1_ROBUST_GEOMETRIC_TRACKING,MU_MANHATTAN_NY_02,P_DIST_FIXED,vertical_p95_error_m,lower,0.038736148991590724,0.1285653085692644,-0.08982915957767368,-69.87044995056215,1
controller_comparison,M6_GP_ENHANCED_ENMPC_ROBUST_TRACKING_030_MINUS_M1_ROBUST_GEOMETRIC_TRACKING,M6_GP_ENHANCED_ENMPC_ROBUST_TRACKING_030,M1_ROBUST_GEOMETRIC_TRACKING,MU_MANHATTAN_NY_02,P_DIST_FIXED,attitude_p95_rad,lower,0.015659213957980762,0.05753882979796223,-0.04187961583998147,-72.78496275825314,1
controller_comparison,M6_GP_ENHANCED_ENMPC_ROBUST_TRACKING_030_MINUS_M1_ROBUST_GEOMETRIC_TRACKING,M6_GP_ENHANCED_ENMPC_ROBUST_TRACKING_030,M1_ROBUST_GEOMETRIC_TRACKING,MU_MANHATTAN_NY_02,P_DIST_FIXED,acceleration_p95_mps2,lower,1.0252723562669805,1.0483883588661398,-0.023116002599159247,-2.204908362790276,1
controller_comparison,M6_GP_ENHANCED_ENMPC_ROBUST_TRACKING_030_MINUS_M1_ROBUST_GEOMETRIC_TRACKING,M6_GP_ENHANCED_ENMPC_ROBUST_TRACKING_030,M1_ROBUST_GEOMETRIC_TRACKING,MU_MANHATTAN_NY_02,P_DIST_FIXED,acceleration_max_mps2,lower,1.5892598752756102,1.8056639927349274,-0.2164041174593172,-11.984739039490028,1
controller_comparison,M6_GP_ENHANCED_ENMPC_ROBUST_TRACKING_030_MINUS_M1_ROBUST_GEOMETRIC_TRACKING,M6_GP_ENHANCED_ENMPC_ROBUST_TRACKING_030,M1_ROBUST_GEOMETRIC_TRACKING,MU_MANHATTAN_NY_02,P_DIST_FIXED,jerk_p95_mps3,lower,0.6208785525460682,0.9371541005554151,-0.316275548009347,-33.74851028469092,1
controller_comparison,M6_GP_ENHANCED_ENMPC_ROBUST_TRACKING_030_MINUS_M1_ROBUST_GEOMETRIC_TRACKING,M6_GP_ENHANCED_ENMPC_ROBUST_TRACKING_030,M1_ROBUST_GEOMETRIC_TRACKING,MU_MANHATTAN_NY_02,P_DIST_FIXED,jerk_max_mps3,lower,3.165848171947883,2.435047529921245,0.730800642026638,30.01176088132759,0
controller_comparison,M6_GP_ENHANCED_ENMPC_ROBUST_TRACKING_030_MINUS_M1_ROBUST_GEOMETRIC_TRACKING,M6_GP_ENHANCED_ENMPC_ROBUST_TRACKING_030,M1_ROBUST_GEOMETRIC_TRACKING,MU_MANHATTAN_NY_02,P_DIST_FIXED,robust_compensation_p95_mps2,lower,0.3930408022169485,0.32599381010651673,0.06704699211043175,20.566952510087386,0
controller_comparison,M6_GP_ENHANCED_ENMPC_ROBUST_TRACKING_030_MINUS_M1_ROBUST_GEOMETRIC_TRACKING,M6_GP_ENHANCED_ENMPC_ROBUST_TRACKING_030,M1_ROBUST_GEOMETRIC_TRACKING,MU_MANHATTAN_NY_02,P_DIST_FIXED,rotor_command_total_variation_n,lower,3981.5939233443196,1432.9673609542215,2548.626562390098,177.8565675559388,0
controller_comparison,M6_GP_ENHANCED_ENMPC_ROBUST_TRACKING_030_MINUS_M1_ROBUST_GEOMETRIC_TRACKING,M6_GP_ENHANCED_ENMPC_ROBUST_TRACKING_030,M1_ROBUST_GEOMETRIC_TRACKING,MU_MANHATTAN_NY_02,P_DIST_FIXED,minimum_per_rotor_margin_n,higher,8.317334558066062,11.966913303450845,-3.649578745384783,-30.49724396626464,0
controller_comparison,M6_GP_ENHANCED_ENMPC_ROBUST_TRACKING_030_MINUS_M1_ROBUST_GEOMETRIC_TRACKING,M6_GP_ENHANCED_ENMPC_ROBUST_TRACKING_030,M1_ROBUST_GEOMETRIC_TRACKING,MU_MANHATTAN_NY_02,P_DIST_FIXED,solver_deadline_miss_count,lower,0.0,0.0,0.0,,0
controller_comparison,M6_GP_ENHANCED_ENMPC_ROBUST_TRACKING_030_MINUS_M1_ROBUST_GEOMETRIC_TRACKING,M6_GP_ENHANCED_ENMPC_ROBUST_TRACKING_030,M1_ROBUST_GEOMETRIC_TRACKING,MU_MANHATTAN_NY_02,P_ENERGY_WIND_PAYLOAD,service_corrected_mission_time_s,lower,685.0879999995883,708.1480057482586,-23.060005748670278,-3.256382219745732,1
controller_comparison,M6_GP_ENHANCED_ENMPC_ROBUST_TRACKING_030_MINUS_M1_ROBUST_GEOMETRIC_TRACKING,M6_GP_ENHANCED_ENMPC_ROBUST_TRACKING_030,M1_ROBUST_GEOMETRIC_TRACKING,MU_MANHATTAN_NY_02,P_ENERGY_WIND_PAYLOAD,service_corrected_modeled_energy_j,lower,807469.870194841,834297.5411353598,-26827.670940518845,-3.2155999050422968,1
controller_comparison,M6_GP_ENHANCED_ENMPC_ROBUST_TRACKING_030_MINUS_M1_ROBUST_GEOMETRIC_TRACKING,M6_GP_ENHANCED_ENMPC_ROBUST_TRACKING_030,M1_ROBUST_GEOMETRIC_TRACKING,MU_MANHATTAN_NY_02,P_ENERGY_WIND_PAYLOAD,flight_time_s,lower,573.1199999995883,596.1800057482586,-23.060005748670278,-3.8679602680951923,1
controller_comparison,M6_GP_ENHANCED_ENMPC_ROBUST_TRACKING_030_MINUS_M1_ROBUST_GEOMETRIC_TRACKING,M6_GP_ENHANCED_ENMPC_ROBUST_TRACKING_030,M1_ROBUST_GEOMETRIC_TRACKING,MU_MANHATTAN_NY_02,P_ENERGY_WIND_PAYLOAD,service_time_s,lower,111.968,111.968,0.0,0.0,0
controller_comparison,M6_GP_ENHANCED_ENMPC_ROBUST_TRACKING_030_MINUS_M1_ROBUST_GEOMETRIC_TRACKING,M6_GP_ENHANCED_ENMPC_ROBUST_TRACKING_030,M1_ROBUST_GEOMETRIC_TRACKING,MU_MANHATTAN_NY_02,P_ENERGY_WIND_PAYLOAD,flight_controller_sensitive_energy_j,lower,699381.9946686216,726209.6656091404,-26827.670940518845,-3.6942046093556122,1
controller_comparison,M6_GP_ENHANCED_ENMPC_ROBUST_TRACKING_030_MINUS_M1_ROBUST_GEOMETRIC_TRACKING,M6_GP_ENHANCED_ENMPC_ROBUST_TRACKING_030,M1_ROBUST_GEOMETRIC_TRACKING,MU_MANHATTAN_NY_02,P_ENERGY_WIND_PAYLOAD,service_energy_j,lower,108087.87552621937,108087.87552621937,0.0,0.0,0
controller_comparison,M6_GP_ENHANCED_ENMPC_ROBUST_TRACKING_030_MINUS_M1_ROBUST_GEOMETRIC_TRACKING,M6_GP_ENHANCED_ENMPC_ROBUST_TRACKING_030,M1_ROBUST_GEOMETRIC_TRACKING,MU_MANHATTAN_NY_02,P_ENERGY_WIND_PAYLOAD,position_rms_m,lower,0.07748390174738826,0.19898172088930566,-0.1214978191419174,-61.05978910972789,1
controller_comparison,M6_GP_ENHANCED_ENMPC_ROBUST_TRACKING_030_MINUS_M1_ROBUST_GEOMETRIC_TRACKING,M6_GP_ENHANCED_ENMPC_ROBUST_TRACKING_030,M1_ROBUST_GEOMETRIC_TRACKING,MU_MANHATTAN_NY_02,P_ENERGY_WIND_PAYLOAD,position_p95_m,lower,0.11899040652962763,0.31386752984646143,-0.19487712331683382,-62.08897218905197,1
controller_comparison,M6_GP_ENHANCED_ENMPC_ROBUST_TRACKING_030_MINUS_M1_ROBUST_GEOMETRIC_TRACKING,M6_GP_ENHANCED_ENMPC_ROBUST_TRACKING_030,M1_ROBUST_GEOMETRIC_TRACKING,MU_MANHATTAN_NY_02,P_ENERGY_WIND_PAYLOAD,position_max_m,lower,0.17327853173216734,0.4331645604578302,-0.25988602872566285,-59.99706634609677,1
controller_comparison,M6_GP_ENHANCED_ENMPC_ROBUST_TRACKING_030_MINUS_M1_ROBUST_GEOMETRIC_TRACKING,M6_GP_ENHANCED_ENMPC_ROBUST_TRACKING_030,M1_ROBUST_GEOMETRIC_TRACKING,MU_MANHATTAN_NY_02,P_ENERGY_WIND_PAYLOAD,vertical_p95_error_m,lower,0.041236448487453004,0.1258063220191179,-0.0845698735316649,-67.22227641216108,1
controller_comparison,M6_GP_ENHANCED_ENMPC_ROBUST_TRACKING_030_MINUS_M1_ROBUST_GEOMETRIC_TRACKING,M6_GP_ENHANCED_ENMPC_ROBUST_TRACKING_030,M1_ROBUST_GEOMETRIC_TRACKING,MU_MANHATTAN_NY_02,P_ENERGY_WIND_PAYLOAD,attitude_p95_rad,lower,0.015391101859985103,0.055118921281907284,-0.03972781942192218,-72.07655465304396,1
controller_comparison,M6_GP_ENHANCED_ENMPC_ROBUST_TRACKING_030_MINUS_M1_ROBUST_GEOMETRIC_TRACKING,M6_GP_ENHANCED_ENMPC_ROBUST_TRACKING_030,M1_ROBUST_GEOMETRIC_TRACKING,MU_MANHATTAN_NY_02,P_ENERGY_WIND_PAYLOAD,acceleration_p95_mps2,lower,0.7956627047057199,0.8313550934850843,-0.035692388779364426,-4.293278414851596,1
controller_comparison,M6_GP_ENHANCED_ENMPC_ROBUST_TRACKING_030_MINUS_M1_ROBUST_GEOMETRIC_TRACKING,M6_GP_ENHANCED_ENMPC_ROBUST_TRACKING_030,M1_ROBUST_GEOMETRIC_TRACKING,MU_MANHATTAN_NY_02,P_ENERGY_WIND_PAYLOAD,acceleration_max_mps2,lower,1.3377678639403985,1.2538485984676253,0.08391926547277317,6.692934503841534,0
controller_comparison,M6_GP_ENHANCED_ENMPC_ROBUST_TRACKING_030_MINUS_M1_ROBUST_GEOMETRIC_TRACKING,M6_GP_ENHANCED_ENMPC_ROBUST_TRACKING_030,M1_ROBUST_GEOMETRIC_TRACKING,MU_MANHATTAN_NY_02,P_ENERGY_WIND_PAYLOAD,jerk_p95_mps3,lower,0.5786196317560958,0.8594043287405309,-0.2807846969844351,-32.67201334625915,1
controller_comparison,M6_GP_ENHANCED_ENMPC_ROBUST_TRACKING_030_MINUS_M1_ROBUST_GEOMETRIC_TRACKING,M6_GP_ENHANCED_ENMPC_ROBUST_TRACKING_030,M1_ROBUST_GEOMETRIC_TRACKING,MU_MANHATTAN_NY_02,P_ENERGY_WIND_PAYLOAD,jerk_max_mps3,lower,3.59972018429216,2.9976085064509053,0.6021116778412545,20.0864014278549,0
controller_comparison,M6_GP_ENHANCED_ENMPC_ROBUST_TRACKING_030_MINUS_M1_ROBUST_GEOMETRIC_TRACKING,M6_GP_ENHANCED_ENMPC_ROBUST_TRACKING_030,M1_ROBUST_GEOMETRIC_TRACKING,MU_MANHATTAN_NY_02,P_ENERGY_WIND_PAYLOAD,robust_compensation_p95_mps2,lower,0.38938402308751335,0.3187835483205059,0.07060047476700743,22.146837607825827,0
controller_comparison,M6_GP_ENHANCED_ENMPC_ROBUST_TRACKING_030_MINUS_M1_ROBUST_GEOMETRIC_TRACKING,M6_GP_ENHANCED_ENMPC_ROBUST_TRACKING_030,M1_ROBUST_GEOMETRIC_TRACKING,MU_MANHATTAN_NY_02,P_ENERGY_WIND_PAYLOAD,rotor_command_total_variation_n,lower,3540.2159550196534,1476.3378057891587,2063.8781492304947,139.7971481281192,0
controller_comparison,M6_GP_ENHANCED_ENMPC_ROBUST_TRACKING_030_MINUS_M1_ROBUST_GEOMETRIC_TRACKING,M6_GP_ENHANCED_ENMPC_ROBUST_TRACKING_030,M1_ROBUST_GEOMETRIC_TRACKING,MU_MANHATTAN_NY_02,P_ENERGY_WIND_PAYLOAD,minimum_per_rotor_margin_n,higher,11.077726480437999,11.966913303450838,-0.8891868230128388,-7.430377411996697,0
controller_comparison,M6_GP_ENHANCED_ENMPC_ROBUST_TRACKING_030_MINUS_M1_ROBUST_GEOMETRIC_TRACKING,M6_GP_ENHANCED_ENMPC_ROBUST_TRACKING_030,M1_ROBUST_GEOMETRIC_TRACKING,MU_MANHATTAN_NY_02,P_ENERGY_WIND_PAYLOAD,solver_deadline_miss_count,lower,0.0,0.0,0.0,,0
controller_comparison,M6_GP_ENHANCED_ENMPC_ROBUST_TRACKING_030_MINUS_M1_ROBUST_GEOMETRIC_TRACKING,M6_GP_ENHANCED_ENMPC_ROBUST_TRACKING_030,M1_ROBUST_GEOMETRIC_TRACKING,MU_SEATTLE_WA_01,P_DIST_FIXED,service_corrected_mission_time_s,lower,559.607999999698,577.3333729966346,-17.725372996936585,-3.070214511406724,1
controller_comparison,M6_GP_ENHANCED_ENMPC_ROBUST_TRACKING_030_MINUS_M1_ROBUST_GEOMETRIC_TRACKING,M6_GP_ENHANCED_ENMPC_ROBUST_TRACKING_030,M1_ROBUST_GEOMETRIC_TRACKING,MU_SEATTLE_WA_01,P_DIST_FIXED,service_corrected_modeled_energy_j,lower,661886.7816674354,683496.9858205994,-21610.20415316394,-3.1617116975605906,1
controller_comparison,M6_GP_ENHANCED_ENMPC_ROBUST_TRACKING_030_MINUS_M1_ROBUST_GEOMETRIC_TRACKING,M6_GP_ENHANCED_ENMPC_ROBUST_TRACKING_030,M1_ROBUST_GEOMETRIC_TRACKING,MU_SEATTLE_WA_01,P_DIST_FIXED,flight_time_s,lower,447.63999999969803,465.3653729966345,-17.72537299693647,-3.8089153223406376,1
controller_comparison,M6_GP_ENHANCED_ENMPC_ROBUST_TRACKING_030_MINUS_M1_ROBUST_GEOMETRIC_TRACKING,M6_GP_ENHANCED_ENMPC_ROBUST_TRACKING_030,M1_ROBUST_GEOMETRIC_TRACKING,MU_SEATTLE_WA_01,P_DIST_FIXED,service_time_s,lower,111.968,111.96800000000006,-5.684341886080802e-14,-5.076755757074163e-14,1
controller_comparison,M6_GP_ENHANCED_ENMPC_ROBUST_TRACKING_030_MINUS_M1_ROBUST_GEOMETRIC_TRACKING,M6_GP_ENHANCED_ENMPC_ROBUST_TRACKING_030,M1_ROBUST_GEOMETRIC_TRACKING,MU_SEATTLE_WA_01,P_DIST_FIXED,flight_controller_sensitive_energy_j,lower,554129.0644986331,575739.2686517971,-21610.20415316394,-3.753470595078279,1
controller_comparison,M6_GP_ENHANCED_ENMPC_ROBUST_TRACKING_030_MINUS_M1_ROBUST_GEOMETRIC_TRACKING,M6_GP_ENHANCED_ENMPC_ROBUST_TRACKING_030,M1_ROBUST_GEOMETRIC_TRACKING,MU_SEATTLE_WA_01,P_DIST_FIXED,service_energy_j,lower,107757.71716880225,107757.71716880225,0.0,0.0,0
controller_comparison,M6_GP_ENHANCED_ENMPC_ROBUST_TRACKING_030_MINUS_M1_ROBUST_GEOMETRIC_TRACKING,M6_GP_ENHANCED_ENMPC_ROBUST_TRACKING_030,M1_ROBUST_GEOMETRIC_TRACKING,MU_SEATTLE_WA_01,P_DIST_FIXED,position_rms_m,lower,0.08520259730540276,0.20405383923938136,-0.1188512419339786,-58.24504080736792,1
controller_comparison,M6_GP_ENHANCED_ENMPC_ROBUST_TRACKING_030_MINUS_M1_ROBUST_GEOMETRIC_TRACKING,M6_GP_ENHANCED_ENMPC_ROBUST_TRACKING_030,M1_ROBUST_GEOMETRIC_TRACKING,MU_SEATTLE_WA_01,P_DIST_FIXED,position_p95_m,lower,0.12930932946954393,0.31155148101176744,-0.1822421515422235,-58.49503618162551,1
controller_comparison,M6_GP_ENHANCED_ENMPC_ROBUST_TRACKING_030_MINUS_M1_ROBUST_GEOMETRIC_TRACKING,M6_GP_ENHANCED_ENMPC_ROBUST_TRACKING_030,M1_ROBUST_GEOMETRIC_TRACKING,MU_SEATTLE_WA_01,P_DIST_FIXED,position_max_m,lower,0.16948571257973372,0.4469795606764455,-0.2774938480967118,-62.081999381976416,1
controller_comparison,M6_GP_ENHANCED_ENMPC_ROBUST_TRACKING_030_MINUS_M1_ROBUST_GEOMETRIC_TRACKING,M6_GP_ENHANCED_ENMPC_ROBUST_TRACKING_030,M1_ROBUST_GEOMETRIC_TRACKING,MU_SEATTLE_WA_01,P_DIST_FIXED,vertical_p95_error_m,lower,0.04919078430151025,0.09704276358327313,-0.04785197928176288,-49.310198426800504,1
controller_comparison,M6_GP_ENHANCED_ENMPC_ROBUST_TRACKING_030_MINUS_M1_ROBUST_GEOMETRIC_TRACKING,M6_GP_ENHANCED_ENMPC_ROBUST_TRACKING_030,M1_ROBUST_GEOMETRIC_TRACKING,MU_SEATTLE_WA_01,P_DIST_FIXED,attitude_p95_rad,lower,0.014827751621772982,0.05583872757504672,-0.04101097595327374,-73.44539844350031,1
controller_comparison,M6_GP_ENHANCED_ENMPC_ROBUST_TRACKING_030_MINUS_M1_ROBUST_GEOMETRIC_TRACKING,M6_GP_ENHANCED_ENMPC_ROBUST_TRACKING_030,M1_ROBUST_GEOMETRIC_TRACKING,MU_SEATTLE_WA_01,P_DIST_FIXED,acceleration_p95_mps2,lower,1.121770694431689,1.1485808937986401,-0.02681019936695117,-2.3342021020638115,1
controller_comparison,M6_GP_ENHANCED_ENMPC_ROBUST_TRACKING_030_MINUS_M1_ROBUST_GEOMETRIC_TRACKING,M6_GP_ENHANCED_ENMPC_ROBUST_TRACKING_030,M1_ROBUST_GEOMETRIC_TRACKING,MU_SEATTLE_WA_01,P_DIST_FIXED,acceleration_max_mps2,lower,1.4796591215397572,1.5738858960576174,-0.09422677451786021,-5.986887280322304,1
controller_comparison,M6_GP_ENHANCED_ENMPC_ROBUST_TRACKING_030_MINUS_M1_ROBUST_GEOMETRIC_TRACKING,M6_GP_ENHANCED_ENMPC_ROBUST_TRACKING_030,M1_ROBUST_GEOMETRIC_TRACKING,MU_SEATTLE_WA_01,P_DIST_FIXED,jerk_p95_mps3,lower,0.5511479852900442,0.9264242235367205,-0.37527623824667633,-40.50803386962621,1
controller_comparison,M6_GP_ENHANCED_ENMPC_ROBUST_TRACKING_030_MINUS_M1_ROBUST_GEOMETRIC_TRACKING,M6_GP_ENHANCED_ENMPC_ROBUST_TRACKING_030,M1_ROBUST_GEOMETRIC_TRACKING,MU_SEATTLE_WA_01,P_DIST_FIXED,jerk_max_mps3,lower,2.1690935001939082,1.655864824293335,0.5132286759005733,30.994599823062327,0
controller_comparison,M6_GP_ENHANCED_ENMPC_ROBUST_TRACKING_030_MINUS_M1_ROBUST_GEOMETRIC_TRACKING,M6_GP_ENHANCED_ENMPC_ROBUST_TRACKING_030,M1_ROBUST_GEOMETRIC_TRACKING,MU_SEATTLE_WA_01,P_DIST_FIXED,robust_compensation_p95_mps2,lower,0.3009978607866941,0.2861257991938655,0.014872061592828612,5.197735274040072,0
controller_comparison,M6_GP_ENHANCED_ENMPC_ROBUST_TRACKING_030_MINUS_M1_ROBUST_GEOMETRIC_TRACKING,M6_GP_ENHANCED_ENMPC_ROBUST_TRACKING_030,M1_ROBUST_GEOMETRIC_TRACKING,MU_SEATTLE_WA_01,P_DIST_FIXED,rotor_command_total_variation_n,lower,2679.8598205607723,1162.5381098620778,1517.3217106986945,130.51801896444564,0
controller_comparison,M6_GP_ENHANCED_ENMPC_ROBUST_TRACKING_030_MINUS_M1_ROBUST_GEOMETRIC_TRACKING,M6_GP_ENHANCED_ENMPC_ROBUST_TRACKING_030,M1_ROBUST_GEOMETRIC_TRACKING,MU_SEATTLE_WA_01,P_DIST_FIXED,minimum_per_rotor_margin_n,higher,9.678320219772605,11.966542491926752,-2.2882222721541474,-19.121833008138317,0
controller_comparison,M6_GP_ENHANCED_ENMPC_ROBUST_TRACKING_030_MINUS_M1_ROBUST_GEOMETRIC_TRACKING,M6_GP_ENHANCED_ENMPC_ROBUST_TRACKING_030,M1_ROBUST_GEOMETRIC_TRACKING,MU_SEATTLE_WA_01,P_DIST_FIXED,solver_deadline_miss_count,lower,0.0,0.0,0.0,,0
controller_comparison,M6_GP_ENHANCED_ENMPC_ROBUST_TRACKING_030_MINUS_M1_ROBUST_GEOMETRIC_TRACKING,M6_GP_ENHANCED_ENMPC_ROBUST_TRACKING_030,M1_ROBUST_GEOMETRIC_TRACKING,MU_SEATTLE_WA_01,P_ENERGY_WIND_PAYLOAD,service_corrected_mission_time_s,lower,553.7879999997033,573.4335403604537,-19.645540360750374,-3.425948951015564,1
controller_comparison,M6_GP_ENHANCED_ENMPC_ROBUST_TRACKING_030_MINUS_M1_ROBUST_GEOMETRIC_TRACKING,M6_GP_ENHANCED_ENMPC_ROBUST_TRACKING_030,M1_ROBUST_GEOMETRIC_TRACKING,MU_SEATTLE_WA_01,P_ENERGY_WIND_PAYLOAD,service_corrected_modeled_energy_j,lower,654445.7500484717,678312.3940204295,-23866.643971957732,-3.5185327855352315,1
controller_comparison,M6_GP_ENHANCED_ENMPC_ROBUST_TRACKING_030_MINUS_M1_ROBUST_GEOMETRIC_TRACKING,M6_GP_ENHANCED_ENMPC_ROBUST_TRACKING_030,M1_ROBUST_GEOMETRIC_TRACKING,MU_SEATTLE_WA_01,P_ENERGY_WIND_PAYLOAD,flight_time_s,lower,441.8199999997033,461.4655403604536,-19.64554036075026,-4.257206365919545,1
controller_comparison,M6_GP_ENHANCED_ENMPC_ROBUST_TRACKING_030_MINUS_M1_ROBUST_GEOMETRIC_TRACKING,M6_GP_ENHANCED_ENMPC_ROBUST_TRACKING_030,M1_ROBUST_GEOMETRIC_TRACKING,MU_SEATTLE_WA_01,P_ENERGY_WIND_PAYLOAD,service_time_s,lower,111.968,111.96800000000006,-5.684341886080802e-14,-5.076755757074163e-14,1
controller_comparison,M6_GP_ENHANCED_ENMPC_ROBUST_TRACKING_030_MINUS_M1_ROBUST_GEOMETRIC_TRACKING,M6_GP_ENHANCED_ENMPC_ROBUST_TRACKING_030,M1_ROBUST_GEOMETRIC_TRACKING,MU_SEATTLE_WA_01,P_ENERGY_WIND_PAYLOAD,flight_controller_sensitive_energy_j,lower,546688.0328796695,570554.6768516272,-23866.643971957732,-4.183059913496118,1
controller_comparison,M6_GP_ENHANCED_ENMPC_ROBUST_TRACKING_030_MINUS_M1_ROBUST_GEOMETRIC_TRACKING,M6_GP_ENHANCED_ENMPC_ROBUST_TRACKING_030,M1_ROBUST_GEOMETRIC_TRACKING,MU_SEATTLE_WA_01,P_ENERGY_WIND_PAYLOAD,service_energy_j,lower,107757.71716880225,107757.71716880225,0.0,0.0,0
controller_comparison,M6_GP_ENHANCED_ENMPC_ROBUST_TRACKING_030_MINUS_M1_ROBUST_GEOMETRIC_TRACKING,M6_GP_ENHANCED_ENMPC_ROBUST_TRACKING_030,M1_ROBUST_GEOMETRIC_TRACKING,MU_SEATTLE_WA_01,P_ENERGY_WIND_PAYLOAD,position_rms_m,lower,0.08611098399395539,0.19824895482294969,-0.1121379708289943,-56.56421791940412,1
controller_comparison,M6_GP_ENHANCED_ENMPC_ROBUST_TRACKING_030_MINUS_M1_ROBUST_GEOMETRIC_TRACKING,M6_GP_ENHANCED_ENMPC_ROBUST_TRACKING_030,M1_ROBUST_GEOMETRIC_TRACKING,MU_SEATTLE_WA_01,P_ENERGY_WIND_PAYLOAD,position_p95_m,lower,0.13505743720936272,0.2975610850260307,-0.16250364781666796,-54.611861561955294,1
controller_comparison,M6_GP_ENHANCED_ENMPC_ROBUST_TRACKING_030_MINUS_M1_ROBUST_GEOMETRIC_TRACKING,M6_GP_ENHANCED_ENMPC_ROBUST_TRACKING_030,M1_ROBUST_GEOMETRIC_TRACKING,MU_SEATTLE_WA_01,P_ENERGY_WIND_PAYLOAD,position_max_m,lower,0.19804930222833267,0.49358878158192754,-0.29553947935359487,-59.875647579834684,1
controller_comparison,M6_GP_ENHANCED_ENMPC_ROBUST_TRACKING_030_MINUS_M1_ROBUST_GEOMETRIC_TRACKING,M6_GP_ENHANCED_ENMPC_ROBUST_TRACKING_030,M1_ROBUST_GEOMETRIC_TRACKING,MU_SEATTLE_WA_01,P_ENERGY_WIND_PAYLOAD,vertical_p95_error_m,lower,0.04457216418751209,0.09685436160059702,-0.05228219741308493,-53.98021993958676,1
controller_comparison,M6_GP_ENHANCED_ENMPC_ROBUST_TRACKING_030_MINUS_M1_ROBUST_GEOMETRIC_TRACKING,M6_GP_ENHANCED_ENMPC_ROBUST_TRACKING_030,M1_ROBUST_GEOMETRIC_TRACKING,MU_SEATTLE_WA_01,P_ENERGY_WIND_PAYLOAD,attitude_p95_rad,lower,0.014887763520907206,0.053628260320516236,-0.03874049679960903,-72.2389586536491,1
controller_comparison,M6_GP_ENHANCED_ENMPC_ROBUST_TRACKING_030_MINUS_M1_ROBUST_GEOMETRIC_TRACKING,M6_GP_ENHANCED_ENMPC_ROBUST_TRACKING_030,M1_ROBUST_GEOMETRIC_TRACKING,MU_SEATTLE_WA_01,P_ENERGY_WIND_PAYLOAD,acceleration_p95_mps2,lower,1.0606014643276054,1.054186909616002,0.00641455471160346,0.6084836240226152,0
controller_comparison,M6_GP_ENHANCED_ENMPC_ROBUST_TRACKING_030_MINUS_M1_ROBUST_GEOMETRIC_TRACKING,M6_GP_ENHANCED_ENMPC_ROBUST_TRACKING_030,M1_ROBUST_GEOMETRIC_TRACKING,MU_SEATTLE_WA_01,P_ENERGY_WIND_PAYLOAD,acceleration_max_mps2,lower,1.3759799295180404,1.6273958617005615,-0.2514159321825211,-15.448972072461942,1
controller_comparison,M6_GP_ENHANCED_ENMPC_ROBUST_TRACKING_030_MINUS_M1_ROBUST_GEOMETRIC_TRACKING,M6_GP_ENHANCED_ENMPC_ROBUST_TRACKING_030,M1_ROBUST_GEOMETRIC_TRACKING,MU_SEATTLE_WA_01,P_ENERGY_WIND_PAYLOAD,jerk_p95_mps3,lower,0.5399841069343269,0.8918330077203175,-0.3518489007859906,-39.4523299474392,1
controller_comparison,M6_GP_ENHANCED_ENMPC_ROBUST_TRACKING_030_MINUS_M1_ROBUST_GEOMETRIC_TRACKING,M6_GP_ENHANCED_ENMPC_ROBUST_TRACKING_030,M1_ROBUST_GEOMETRIC_TRACKING,MU_SEATTLE_WA_01,P_ENERGY_WIND_PAYLOAD,jerk_max_mps3,lower,2.3783510555898157,1.7893304458523278,0.5890206097374879,32.9184925625582,0
controller_comparison,M6_GP_ENHANCED_ENMPC_ROBUST_TRACKING_030_MINUS_M1_ROBUST_GEOMETRIC_TRACKING,M6_GP_ENHANCED_ENMPC_ROBUST_TRACKING_030,M1_ROBUST_GEOMETRIC_TRACKING,MU_SEATTLE_WA_01,P_ENERGY_WIND_PAYLOAD,robust_compensation_p95_mps2,lower,0.2998671471445268,0.2828273391820516,0.017039807962475173,6.024809345431387,0
controller_comparison,M6_GP_ENHANCED_ENMPC_ROBUST_TRACKING_030_MINUS_M1_ROBUST_GEOMETRIC_TRACKING,M6_GP_ENHANCED_ENMPC_ROBUST_TRACKING_030,M1_ROBUST_GEOMETRIC_TRACKING,MU_SEATTLE_WA_01,P_ENERGY_WIND_PAYLOAD,rotor_command_total_variation_n,lower,2570.771626033286,1142.4824285282339,1428.289197505052,125.01629450397759,0
controller_comparison,M6_GP_ENHANCED_ENMPC_ROBUST_TRACKING_030_MINUS_M1_ROBUST_GEOMETRIC_TRACKING,M6_GP_ENHANCED_ENMPC_ROBUST_TRACKING_030,M1_ROBUST_GEOMETRIC_TRACKING,MU_SEATTLE_WA_01,P_ENERGY_WIND_PAYLOAD,minimum_per_rotor_margin_n,higher,11.262569858311466,11.953004797979656,-0.6904349396681901,-5.776245817159634,0
controller_comparison,M6_GP_ENHANCED_ENMPC_ROBUST_TRACKING_030_MINUS_M1_ROBUST_GEOMETRIC_TRACKING,M6_GP_ENHANCED_ENMPC_ROBUST_TRACKING_030,M1_ROBUST_GEOMETRIC_TRACKING,MU_SEATTLE_WA_01,P_ENERGY_WIND_PAYLOAD,solver_deadline_miss_count,lower,0.0,0.0,0.0,,0
controller_comparison,M6_GP_ENHANCED_ENMPC_ROBUST_TRACKING_030_MINUS_M1_ROBUST_GEOMETRIC_TRACKING,M6_GP_ENHANCED_ENMPC_ROBUST_TRACKING_030,M1_ROBUST_GEOMETRIC_TRACKING,MU_SEATTLE_WA_02,P_DIST_FIXED,service_corrected_mission_time_s,lower,729.1879999995534,754.7362498260645,-25.548249826511096,-3.3850566780645437,1
controller_comparison,M6_GP_ENHANCED_ENMPC_ROBUST_TRACKING_030_MINUS_M1_ROBUST_GEOMETRIC_TRACKING,M6_GP_ENHANCED_ENMPC_ROBUST_TRACKING_030,M1_ROBUST_GEOMETRIC_TRACKING,MU_SEATTLE_WA_02,P_DIST_FIXED,service_corrected_modeled_energy_j,lower,873842.2440328405,904699.0432732855,-30856.79924044502,-3.410725309137306,1
controller_comparison,M6_GP_ENHANCED_ENMPC_ROBUST_TRACKING_030_MINUS_M1_ROBUST_GEOMETRIC_TRACKING,M6_GP_ENHANCED_ENMPC_ROBUST_TRACKING_030,M1_ROBUST_GEOMETRIC_TRACKING,MU_SEATTLE_WA_02,P_DIST_FIXED,flight_time_s,lower,617.2199999995535,642.7682498260646,-25.548249826511096,-3.9747218120099346,1
controller_comparison,M6_GP_ENHANCED_ENMPC_ROBUST_TRACKING_030_MINUS_M1_ROBUST_GEOMETRIC_TRACKING,M6_GP_ENHANCED_ENMPC_ROBUST_TRACKING_030,M1_ROBUST_GEOMETRIC_TRACKING,MU_SEATTLE_WA_02,P_DIST_FIXED,service_time_s,lower,111.968,111.96799999999998,2.842170943040401e-14,2.5383778785370833e-14,0
controller_comparison,M6_GP_ENHANCED_ENMPC_ROBUST_TRACKING_030_MINUS_M1_ROBUST_GEOMETRIC_TRACKING,M6_GP_ENHANCED_ENMPC_ROBUST_TRACKING_030,M1_ROBUST_GEOMETRIC_TRACKING,MU_SEATTLE_WA_02,P_DIST_FIXED,flight_controller_sensitive_energy_j,lower,766209.8392717263,797066.6385121713,-30856.79924044502,-3.8712947888577114,1
controller_comparison,M6_GP_ENHANCED_ENMPC_ROBUST_TRACKING_030_MINUS_M1_ROBUST_GEOMETRIC_TRACKING,M6_GP_ENHANCED_ENMPC_ROBUST_TRACKING_030,M1_ROBUST_GEOMETRIC_TRACKING,MU_SEATTLE_WA_02,P_DIST_FIXED,service_energy_j,lower,107632.40476111413,107632.40476111413,0.0,0.0,0
controller_comparison,M6_GP_ENHANCED_ENMPC_ROBUST_TRACKING_030_MINUS_M1_ROBUST_GEOMETRIC_TRACKING,M6_GP_ENHANCED_ENMPC_ROBUST_TRACKING_030,M1_ROBUST_GEOMETRIC_TRACKING,MU_SEATTLE_WA_02,P_DIST_FIXED,position_rms_m,lower,0.14443929398524588,0.2662255246987909,-0.12178623071354502,-45.74551251287219,1
controller_comparison,M6_GP_ENHANCED_ENMPC_ROBUST_TRACKING_030_MINUS_M1_ROBUST_GEOMETRIC_TRACKING,M6_GP_ENHANCED_ENMPC_ROBUST_TRACKING_030,M1_ROBUST_GEOMETRIC_TRACKING,MU_SEATTLE_WA_02,P_DIST_FIXED,position_p95_m,lower,0.20594752107765418,0.4271783358953167,-0.2212308148176625,-51.78886573308736,1
controller_comparison,M6_GP_ENHANCED_ENMPC_ROBUST_TRACKING_030_MINUS_M1_ROBUST_GEOMETRIC_TRACKING,M6_GP_ENHANCED_ENMPC_ROBUST_TRACKING_030,M1_ROBUST_GEOMETRIC_TRACKING,MU_SEATTLE_WA_02,P_DIST_FIXED,position_max_m,lower,0.4695109618136482,0.6908100817483984,-0.2212991199347502,-32.03472644386653,1
controller_comparison,M6_GP_ENHANCED_ENMPC_ROBUST_TRACKING_030_MINUS_M1_ROBUST_GEOMETRIC_TRACKING,M6_GP_ENHANCED_ENMPC_ROBUST_TRACKING_030,M1_ROBUST_GEOMETRIC_TRACKING,MU_SEATTLE_WA_02,P_DIST_FIXED,vertical_p95_error_m,lower,0.04007483772733522,0.12638191167361157,-0.08630707394627635,-68.29068559207211,1
controller_comparison,M6_GP_ENHANCED_ENMPC_ROBUST_TRACKING_030_MINUS_M1_ROBUST_GEOMETRIC_TRACKING,M6_GP_ENHANCED_ENMPC_ROBUST_TRACKING_030,M1_ROBUST_GEOMETRIC_TRACKING,MU_SEATTLE_WA_02,P_DIST_FIXED,attitude_p95_rad,lower,0.02190515981548231,0.061588537721794644,-0.039683377906312337,-64.43305747177918,1
controller_comparison,M6_GP_ENHANCED_ENMPC_ROBUST_TRACKING_030_MINUS_M1_ROBUST_GEOMETRIC_TRACKING,M6_GP_ENHANCED_ENMPC_ROBUST_TRACKING_030,M1_ROBUST_GEOMETRIC_TRACKING,MU_SEATTLE_WA_02,P_DIST_FIXED,acceleration_p95_mps2,lower,1.2049017548335577,1.1831157805234775,0.021785974310080114,1.8414067894894246,0
controller_comparison,M6_GP_ENHANCED_ENMPC_ROBUST_TRACKING_030_MINUS_M1_ROBUST_GEOMETRIC_TRACKING,M6_GP_ENHANCED_ENMPC_ROBUST_TRACKING_030,M1_ROBUST_GEOMETRIC_TRACKING,MU_SEATTLE_WA_02,P_DIST_FIXED,acceleration_max_mps2,lower,1.817371717195426,2.0179595387130806,-0.20058782151765464,-9.940130992198986,1
controller_comparison,M6_GP_ENHANCED_ENMPC_ROBUST_TRACKING_030_MINUS_M1_ROBUST_GEOMETRIC_TRACKING,M6_GP_ENHANCED_ENMPC_ROBUST_TRACKING_030,M1_ROBUST_GEOMETRIC_TRACKING,MU_SEATTLE_WA_02,P_DIST_FIXED,jerk_p95_mps3,lower,0.7568764793380227,0.9846201582308431,-0.22774367889282043,-23.130105248101792,1
controller_comparison,M6_GP_ENHANCED_ENMPC_ROBUST_TRACKING_030_MINUS_M1_ROBUST_GEOMETRIC_TRACKING,M6_GP_ENHANCED_ENMPC_ROBUST_TRACKING_030,M1_ROBUST_GEOMETRIC_TRACKING,MU_SEATTLE_WA_02,P_DIST_FIXED,jerk_max_mps3,lower,6.439206475791178,2.0656618094581796,4.373544666332998,211.72607472857203,0
controller_comparison,M6_GP_ENHANCED_ENMPC_ROBUST_TRACKING_030_MINUS_M1_ROBUST_GEOMETRIC_TRACKING,M6_GP_ENHANCED_ENMPC_ROBUST_TRACKING_030,M1_ROBUST_GEOMETRIC_TRACKING,MU_SEATTLE_WA_02,P_DIST_FIXED,robust_compensation_p95_mps2,lower,0.3550533350750655,0.3242258938874409,0.030827441187624594,9.50801332305887,0
controller_comparison,M6_GP_ENHANCED_ENMPC_ROBUST_TRACKING_030_MINUS_M1_ROBUST_GEOMETRIC_TRACKING,M6_GP_ENHANCED_ENMPC_ROBUST_TRACKING_030,M1_ROBUST_GEOMETRIC_TRACKING,MU_SEATTLE_WA_02,P_DIST_FIXED,rotor_command_total_variation_n,lower,4332.196959172315,1525.5187028618,2806.6782563105144,183.98189750445673,0
controller_comparison,M6_GP_ENHANCED_ENMPC_ROBUST_TRACKING_030_MINUS_M1_ROBUST_GEOMETRIC_TRACKING,M6_GP_ENHANCED_ENMPC_ROBUST_TRACKING_030,M1_ROBUST_GEOMETRIC_TRACKING,MU_SEATTLE_WA_02,P_DIST_FIXED,minimum_per_rotor_margin_n,higher,5.302170951396313,11.603335187297471,-6.301164235901158,-54.30476784639676,0
controller_comparison,M6_GP_ENHANCED_ENMPC_ROBUST_TRACKING_030_MINUS_M1_ROBUST_GEOMETRIC_TRACKING,M6_GP_ENHANCED_ENMPC_ROBUST_TRACKING_030,M1_ROBUST_GEOMETRIC_TRACKING,MU_SEATTLE_WA_02,P_DIST_FIXED,solver_deadline_miss_count,lower,0.0,0.0,0.0,,0
controller_comparison,M6_GP_ENHANCED_ENMPC_ROBUST_TRACKING_030_MINUS_M1_ROBUST_GEOMETRIC_TRACKING,M6_GP_ENHANCED_ENMPC_ROBUST_TRACKING_030,M1_ROBUST_GEOMETRIC_TRACKING,MU_SEATTLE_WA_02,P_ENERGY_WIND_PAYLOAD,service_corrected_mission_time_s,lower,716.3979999995653,741.5338824861113,-25.135882486546052,-3.389714628045582,1
controller_comparison,M6_GP_ENHANCED_ENMPC_ROBUST_TRACKING_030_MINUS_M1_ROBUST_GEOMETRIC_TRACKING,M6_GP_ENHANCED_ENMPC_ROBUST_TRACKING_030,M1_ROBUST_GEOMETRIC_TRACKING,MU_SEATTLE_WA_02,P_ENERGY_WIND_PAYLOAD,service_corrected_modeled_energy_j,lower,858139.1922346294,888267.6667267944,-30128.474492165027,-3.391823841026027,1
controller_comparison,M6_GP_ENHANCED_ENMPC_ROBUST_TRACKING_030_MINUS_M1_ROBUST_GEOMETRIC_TRACKING,M6_GP_ENHANCED_ENMPC_ROBUST_TRACKING_030,M1_ROBUST_GEOMETRIC_TRACKING,MU_SEATTLE_WA_02,P_ENERGY_WIND_PAYLOAD,flight_time_s,lower,604.4299999995653,629.5658824861114,-25.135882486546052,-3.992573801376628,1
controller_comparison,M6_GP_ENHANCED_ENMPC_ROBUST_TRACKING_030_MINUS_M1_ROBUST_GEOMETRIC_TRACKING,M6_GP_ENHANCED_ENMPC_ROBUST_TRACKING_030,M1_ROBUST_GEOMETRIC_TRACKING,MU_SEATTLE_WA_02,P_ENERGY_WIND_PAYLOAD,service_time_s,lower,111.968,111.96799999999998,2.842170943040401e-14,2.5383778785370833e-14,0
controller_comparison,M6_GP_ENHANCED_ENMPC_ROBUST_TRACKING_030_MINUS_M1_ROBUST_GEOMETRIC_TRACKING,M6_GP_ENHANCED_ENMPC_ROBUST_TRACKING_030,M1_ROBUST_GEOMETRIC_TRACKING,MU_SEATTLE_WA_02,P_ENERGY_WIND_PAYLOAD,flight_controller_sensitive_energy_j,lower,750506.7874735153,780635.2619656803,-30128.474492165027,-3.8594816247859414,1
controller_comparison,M6_GP_ENHANCED_ENMPC_ROBUST_TRACKING_030_MINUS_M1_ROBUST_GEOMETRIC_TRACKING,M6_GP_ENHANCED_ENMPC_ROBUST_TRACKING_030,M1_ROBUST_GEOMETRIC_TRACKING,MU_SEATTLE_WA_02,P_ENERGY_WIND_PAYLOAD,service_energy_j,lower,107632.40476111413,107632.40476111413,0.0,0.0,0
controller_comparison,M6_GP_ENHANCED_ENMPC_ROBUST_TRACKING_030_MINUS_M1_ROBUST_GEOMETRIC_TRACKING,M6_GP_ENHANCED_ENMPC_ROBUST_TRACKING_030,M1_ROBUST_GEOMETRIC_TRACKING,MU_SEATTLE_WA_02,P_ENERGY_WIND_PAYLOAD,position_rms_m,lower,0.14427695169036833,0.2631832916313848,-0.11890633994101649,-45.180048932421215,1
controller_comparison,M6_GP_ENHANCED_ENMPC_ROBUST_TRACKING_030_MINUS_M1_ROBUST_GEOMETRIC_TRACKING,M6_GP_ENHANCED_ENMPC_ROBUST_TRACKING_030,M1_ROBUST_GEOMETRIC_TRACKING,MU_SEATTLE_WA_02,P_ENERGY_WIND_PAYLOAD,position_p95_m,lower,0.24900838760057306,0.420916627902208,-0.17190824030163496,-40.84139920021752,1
controller_comparison,M6_GP_ENHANCED_ENMPC_ROBUST_TRACKING_030_MINUS_M1_ROBUST_GEOMETRIC_TRACKING,M6_GP_ENHANCED_ENMPC_ROBUST_TRACKING_030,M1_ROBUST_GEOMETRIC_TRACKING,MU_SEATTLE_WA_02,P_ENERGY_WIND_PAYLOAD,position_max_m,lower,0.3590578062798806,0.6908100817483984,-0.3317522754685178,-48.02365863405944,1
controller_comparison,M6_GP_ENHANCED_ENMPC_ROBUST_TRACKING_030_MINUS_M1_ROBUST_GEOMETRIC_TRACKING,M6_GP_ENHANCED_ENMPC_ROBUST_TRACKING_030,M1_ROBUST_GEOMETRIC_TRACKING,MU_SEATTLE_WA_02,P_ENERGY_WIND_PAYLOAD,vertical_p95_error_m,lower,0.034511983096301435,0.12646884436144035,-0.09195686126513891,-72.71107894552411,1
controller_comparison,M6_GP_ENHANCED_ENMPC_ROBUST_TRACKING_030_MINUS_M1_ROBUST_GEOMETRIC_TRACKING,M6_GP_ENHANCED_ENMPC_ROBUST_TRACKING_030,M1_ROBUST_GEOMETRIC_TRACKING,MU_SEATTLE_WA_02,P_ENERGY_WIND_PAYLOAD,attitude_p95_rad,lower,0.020993663061681756,0.058848635520812737,-0.037854972459130984,-64.32599859642112,1
controller_comparison,M6_GP_ENHANCED_ENMPC_ROBUST_TRACKING_030_MINUS_M1_ROBUST_GEOMETRIC_TRACKING,M6_GP_ENHANCED_ENMPC_ROBUST_TRACKING_030,M1_ROBUST_GEOMETRIC_TRACKING,MU_SEATTLE_WA_02,P_ENERGY_WIND_PAYLOAD,acceleration_p95_mps2,lower,1.1232603621486381,1.1210543281775747,0.002206033971063448,0.1967820751960928,0
controller_comparison,M6_GP_ENHANCED_ENMPC_ROBUST_TRACKING_030_MINUS_M1_ROBUST_GEOMETRIC_TRACKING,M6_GP_ENHANCED_ENMPC_ROBUST_TRACKING_030,M1_ROBUST_GEOMETRIC_TRACKING,MU_SEATTLE_WA_02,P_ENERGY_WIND_PAYLOAD,acceleration_max_mps2,lower,1.7972773639740085,2.0179595387130806,-0.22068217473907215,-10.935906816040943,1
controller_comparison,M6_GP_ENHANCED_ENMPC_ROBUST_TRACKING_030_MINUS_M1_ROBUST_GEOMETRIC_TRACKING,M6_GP_ENHANCED_ENMPC_ROBUST_TRACKING_030,M1_ROBUST_GEOMETRIC_TRACKING,MU_SEATTLE_WA_02,P_ENERGY_WIND_PAYLOAD,jerk_p95_mps3,lower,0.6123648108031953,0.9539094722961003,-0.3415446614929051,-35.80472481008,1
controller_comparison,M6_GP_ENHANCED_ENMPC_ROBUST_TRACKING_030_MINUS_M1_ROBUST_GEOMETRIC_TRACKING,M6_GP_ENHANCED_ENMPC_ROBUST_TRACKING_030,M1_ROBUST_GEOMETRIC_TRACKING,MU_SEATTLE_WA_02,P_ENERGY_WIND_PAYLOAD,jerk_max_mps3,lower,4.93423491129846,2.228972168130946,2.705262743167514,121.3681705786372,0
controller_comparison,M6_GP_ENHANCED_ENMPC_ROBUST_TRACKING_030_MINUS_M1_ROBUST_GEOMETRIC_TRACKING,M6_GP_ENHANCED_ENMPC_ROBUST_TRACKING_030,M1_ROBUST_GEOMETRIC_TRACKING,MU_SEATTLE_WA_02,P_ENERGY_WIND_PAYLOAD,robust_compensation_p95_mps2,lower,0.3553057120871946,0.3229645771784017,0.03234113490879287,10.013833464754253,0
controller_comparison,M6_GP_ENHANCED_ENMPC_ROBUST_TRACKING_030_MINUS_M1_ROBUST_GEOMETRIC_TRACKING,M6_GP_ENHANCED_ENMPC_ROBUST_TRACKING_030,M1_ROBUST_GEOMETRIC_TRACKING,MU_SEATTLE_WA_02,P_ENERGY_WIND_PAYLOAD,rotor_command_total_variation_n,lower,3527.439110733483,1489.9633829087147,2037.4757278247685,136.74669801932964,0
controller_comparison,M6_GP_ENHANCED_ENMPC_ROBUST_TRACKING_030_MINUS_M1_ROBUST_GEOMETRIC_TRACKING,M6_GP_ENHANCED_ENMPC_ROBUST_TRACKING_030,M1_ROBUST_GEOMETRIC_TRACKING,MU_SEATTLE_WA_02,P_ENERGY_WIND_PAYLOAD,minimum_per_rotor_margin_n,higher,5.302170951396313,11.603335187297471,-6.301164235901158,-54.30476784639676,0
controller_comparison,M6_GP_ENHANCED_ENMPC_ROBUST_TRACKING_030_MINUS_M1_ROBUST_GEOMETRIC_TRACKING,M6_GP_ENHANCED_ENMPC_ROBUST_TRACKING_030,M1_ROBUST_GEOMETRIC_TRACKING,MU_SEATTLE_WA_02,P_ENERGY_WIND_PAYLOAD,solver_deadline_miss_count,lower,0.0,0.0,0.0,,0
controller_comparison,M6_GP_ENHANCED_ENMPC_ROBUST_TRACKING_030_MINUS_M3_GP_ENHANCED_ROBUST_GEOMETRIC_TRACKING,M6_GP_ENHANCED_ENMPC_ROBUST_TRACKING_030,M3_GP_ENHANCED_ROBUST_GEOMETRIC_TRACKING,MU_CAMBRIDGE_MA_01,P_DIST_FIXED,service_corrected_mission_time_s,lower,601.1079999996805,622.3867980061933,-21.27879800651283,-3.4189025337104093,1
controller_comparison,M6_GP_ENHANCED_ENMPC_ROBUST_TRACKING_030_MINUS_M3_GP_ENHANCED_ROBUST_GEOMETRIC_TRACKING,M6_GP_ENHANCED_ENMPC_ROBUST_TRACKING_030,M3_GP_ENHANCED_ROBUST_GEOMETRIC_TRACKING,MU_CAMBRIDGE_MA_01,P_DIST_FIXED,service_corrected_modeled_energy_j,lower,709597.9482928197,734542.8619652105,-24944.91367239086,-3.395977956364962,1
controller_comparison,M6_GP_ENHANCED_ENMPC_ROBUST_TRACKING_030_MINUS_M3_GP_ENHANCED_ROBUST_GEOMETRIC_TRACKING,M6_GP_ENHANCED_ENMPC_ROBUST_TRACKING_030,M3_GP_ENHANCED_ROBUST_GEOMETRIC_TRACKING,MU_CAMBRIDGE_MA_01,P_DIST_FIXED,flight_time_s,lower,489.1399999996805,510.4187980061933,-21.278798006512773,-4.168889956567504,1
controller_comparison,M6_GP_ENHANCED_ENMPC_ROBUST_TRACKING_030_MINUS_M3_GP_ENHANCED_ROBUST_GEOMETRIC_TRACKING,M6_GP_ENHANCED_ENMPC_ROBUST_TRACKING_030,M3_GP_ENHANCED_ROBUST_GEOMETRIC_TRACKING,MU_CAMBRIDGE_MA_01,P_DIST_FIXED,service_time_s,lower,111.968,111.96800000000002,-1.4210854715202004e-14,-1.2691889392685412e-14,1
controller_comparison,M6_GP_ENHANCED_ENMPC_ROBUST_TRACKING_030_MINUS_M3_GP_ENHANCED_ROBUST_GEOMETRIC_TRACKING,M6_GP_ENHANCED_ENMPC_ROBUST_TRACKING_030,M3_GP_ENHANCED_ROBUST_GEOMETRIC_TRACKING,MU_CAMBRIDGE_MA_01,P_DIST_FIXED,flight_controller_sensitive_energy_j,lower,604433.5096512033,629378.4233235942,-24944.91367239086,-3.9634205349244174,1
controller_comparison,M6_GP_ENHANCED_ENMPC_ROBUST_TRACKING_030_MINUS_M3_GP_ENHANCED_ROBUST_GEOMETRIC_TRACKING,M6_GP_ENHANCED_ENMPC_ROBUST_TRACKING_030,M3_GP_ENHANCED_ROBUST_GEOMETRIC_TRACKING,MU_CAMBRIDGE_MA_01,P_DIST_FIXED,service_energy_j,lower,105164.43864161639,105164.43864161639,0.0,0.0,0
controller_comparison,M6_GP_ENHANCED_ENMPC_ROBUST_TRACKING_030_MINUS_M3_GP_ENHANCED_ROBUST_GEOMETRIC_TRACKING,M6_GP_ENHANCED_ENMPC_ROBUST_TRACKING_030,M3_GP_ENHANCED_ROBUST_GEOMETRIC_TRACKING,MU_CAMBRIDGE_MA_01,P_DIST_FIXED,position_rms_m,lower,0.15864834861809868,0.27093422080777196,-0.11228587218967329,-41.44396077206511,1
controller_comparison,M6_GP_ENHANCED_ENMPC_ROBUST_TRACKING_030_MINUS_M3_GP_ENHANCED_ROBUST_GEOMETRIC_TRACKING,M6_GP_ENHANCED_ENMPC_ROBUST_TRACKING_030,M3_GP_ENHANCED_ROBUST_GEOMETRIC_TRACKING,MU_CAMBRIDGE_MA_01,P_DIST_FIXED,position_p95_m,lower,0.21189780522358173,0.4119780367967976,-0.2000802315732159,-48.565751982526834,1
controller_comparison,M6_GP_ENHANCED_ENMPC_ROBUST_TRACKING_030_MINUS_M3_GP_ENHANCED_ROBUST_GEOMETRIC_TRACKING,M6_GP_ENHANCED_ENMPC_ROBUST_TRACKING_030,M3_GP_ENHANCED_ROBUST_GEOMETRIC_TRACKING,MU_CAMBRIDGE_MA_01,P_DIST_FIXED,position_max_m,lower,0.29355945677213674,0.6865808391948813,-0.3930213824227446,-57.24327857497755,1
controller_comparison,M6_GP_ENHANCED_ENMPC_ROBUST_TRACKING_030_MINUS_M3_GP_ENHANCED_ROBUST_GEOMETRIC_TRACKING,M6_GP_ENHANCED_ENMPC_ROBUST_TRACKING_030,M3_GP_ENHANCED_ROBUST_GEOMETRIC_TRACKING,MU_CAMBRIDGE_MA_01,P_DIST_FIXED,vertical_p95_error_m,lower,0.033328915039485096,0.08821237086620215,-0.054883455826717054,-62.217413825054784,1
controller_comparison,M6_GP_ENHANCED_ENMPC_ROBUST_TRACKING_030_MINUS_M3_GP_ENHANCED_ROBUST_GEOMETRIC_TRACKING,M6_GP_ENHANCED_ENMPC_ROBUST_TRACKING_030,M3_GP_ENHANCED_ROBUST_GEOMETRIC_TRACKING,MU_CAMBRIDGE_MA_01,P_DIST_FIXED,attitude_p95_rad,lower,0.024717069192215918,0.04879890056828449,-0.02408183137606857,-49.34912691807631,1
controller_comparison,M6_GP_ENHANCED_ENMPC_ROBUST_TRACKING_030_MINUS_M3_GP_ENHANCED_ROBUST_GEOMETRIC_TRACKING,M6_GP_ENHANCED_ENMPC_ROBUST_TRACKING_030,M3_GP_ENHANCED_ROBUST_GEOMETRIC_TRACKING,MU_CAMBRIDGE_MA_01,P_DIST_FIXED,acceleration_p95_mps2,lower,1.091918217970648,1.1490900802651776,-0.05717186229452964,-4.975402997242478,1
controller_comparison,M6_GP_ENHANCED_ENMPC_ROBUST_TRACKING_030_MINUS_M3_GP_ENHANCED_ROBUST_GEOMETRIC_TRACKING,M6_GP_ENHANCED_ENMPC_ROBUST_TRACKING_030,M3_GP_ENHANCED_ROBUST_GEOMETRIC_TRACKING,MU_CAMBRIDGE_MA_01,P_DIST_FIXED,acceleration_max_mps2,lower,1.6599460799687762,1.8087578646332145,-0.14881178466443834,-8.227291644402323,1
controller_comparison,M6_GP_ENHANCED_ENMPC_ROBUST_TRACKING_030_MINUS_M3_GP_ENHANCED_ROBUST_GEOMETRIC_TRACKING,M6_GP_ENHANCED_ENMPC_ROBUST_TRACKING_030,M3_GP_ENHANCED_ROBUST_GEOMETRIC_TRACKING,MU_CAMBRIDGE_MA_01,P_DIST_FIXED,jerk_p95_mps3,lower,0.6533688940936362,0.6525127223268538,0.000856171766782432,0.13121150553652536,0
controller_comparison,M6_GP_ENHANCED_ENMPC_ROBUST_TRACKING_030_MINUS_M3_GP_ENHANCED_ROBUST_GEOMETRIC_TRACKING,M6_GP_ENHANCED_ENMPC_ROBUST_TRACKING_030,M3_GP_ENHANCED_ROBUST_GEOMETRIC_TRACKING,MU_CAMBRIDGE_MA_01,P_DIST_FIXED,jerk_max_mps3,lower,4.861933846486981,1.8884116944629177,2.9735221520240627,157.46154086753634,0
controller_comparison,M6_GP_ENHANCED_ENMPC_ROBUST_TRACKING_030_MINUS_M3_GP_ENHANCED_ROBUST_GEOMETRIC_TRACKING,M6_GP_ENHANCED_ENMPC_ROBUST_TRACKING_030,M3_GP_ENHANCED_ROBUST_GEOMETRIC_TRACKING,MU_CAMBRIDGE_MA_01,P_DIST_FIXED,robust_compensation_p95_mps2,lower,0.2797329964941522,0.2841310700815731,-0.0043980735874209476,-1.5479030808416252,1
controller_comparison,M6_GP_ENHANCED_ENMPC_ROBUST_TRACKING_030_MINUS_M3_GP_ENHANCED_ROBUST_GEOMETRIC_TRACKING,M6_GP_ENHANCED_ENMPC_ROBUST_TRACKING_030,M3_GP_ENHANCED_ROBUST_GEOMETRIC_TRACKING,MU_CAMBRIDGE_MA_01,P_DIST_FIXED,rotor_command_total_variation_n,lower,2246.963253181582,674.9480591841804,1572.0151939974016,232.9090620539778,0
controller_comparison,M6_GP_ENHANCED_ENMPC_ROBUST_TRACKING_030_MINUS_M3_GP_ENHANCED_ROBUST_GEOMETRIC_TRACKING,M6_GP_ENHANCED_ENMPC_ROBUST_TRACKING_030,M3_GP_ENHANCED_ROBUST_GEOMETRIC_TRACKING,MU_CAMBRIDGE_MA_01,P_DIST_FIXED,minimum_per_rotor_margin_n,higher,8.025827106664327,11.99326905980421,-3.9674419531398826,-33.080571555230755,0
controller_comparison,M6_GP_ENHANCED_ENMPC_ROBUST_TRACKING_030_MINUS_M3_GP_ENHANCED_ROBUST_GEOMETRIC_TRACKING,M6_GP_ENHANCED_ENMPC_ROBUST_TRACKING_030,M3_GP_ENHANCED_ROBUST_GEOMETRIC_TRACKING,MU_CAMBRIDGE_MA_01,P_DIST_FIXED,solver_deadline_miss_count,lower,0.0,0.0,0.0,,0
controller_comparison,M6_GP_ENHANCED_ENMPC_ROBUST_TRACKING_030_MINUS_M3_GP_ENHANCED_ROBUST_GEOMETRIC_TRACKING,M6_GP_ENHANCED_ENMPC_ROBUST_TRACKING_030,M3_GP_ENHANCED_ROBUST_GEOMETRIC_TRACKING,MU_CAMBRIDGE_MA_01,P_ENERGY_WIND_PAYLOAD,service_corrected_mission_time_s,lower,597.3179999996637,618.6048230214662,-21.286823021802547,-3.4411020136944312,1
controller_comparison,M6_GP_ENHANCED_ENMPC_ROBUST_TRACKING_030_MINUS_M3_GP_ENHANCED_ROBUST_GEOMETRIC_TRACKING,M6_GP_ENHANCED_ENMPC_ROBUST_TRACKING_030,M3_GP_ENHANCED_ROBUST_GEOMETRIC_TRACKING,MU_CAMBRIDGE_MA_01,P_ENERGY_WIND_PAYLOAD,service_corrected_modeled_energy_j,lower,702676.8655332434,727243.2591915602,-24566.39365831681,-3.378016000536882,1
controller_comparison,M6_GP_ENHANCED_ENMPC_ROBUST_TRACKING_030_MINUS_M3_GP_ENHANCED_ROBUST_GEOMETRIC_TRACKING,M6_GP_ENHANCED_ENMPC_ROBUST_TRACKING_030,M3_GP_ENHANCED_ROBUST_GEOMETRIC_TRACKING,MU_CAMBRIDGE_MA_01,P_ENERGY_WIND_PAYLOAD,flight_time_s,lower,485.34999999966374,506.63682302146617,-21.286823021802434,-4.201594131048882,1
controller_comparison,M6_GP_ENHANCED_ENMPC_ROBUST_TRACKING_030_MINUS_M3_GP_ENHANCED_ROBUST_GEOMETRIC_TRACKING,M6_GP_ENHANCED_ENMPC_ROBUST_TRACKING_030,M3_GP_ENHANCED_ROBUST_GEOMETRIC_TRACKING,MU_CAMBRIDGE_MA_01,P_ENERGY_WIND_PAYLOAD,service_time_s,lower,111.968,111.96800000000006,-5.684341886080802e-14,-5.076755757074163e-14,1
controller_comparison,M6_GP_ENHANCED_ENMPC_ROBUST_TRACKING_030_MINUS_M3_GP_ENHANCED_ROBUST_GEOMETRIC_TRACKING,M6_GP_ENHANCED_ENMPC_ROBUST_TRACKING_030,M3_GP_ENHANCED_ROBUST_GEOMETRIC_TRACKING,MU_CAMBRIDGE_MA_01,P_ENERGY_WIND_PAYLOAD,flight_controller_sensitive_energy_j,lower,595280.2395189939,619846.6331773107,-24566.39365831681,-3.963301943319494,1
controller_comparison,M6_GP_ENHANCED_ENMPC_ROBUST_TRACKING_030_MINUS_M3_GP_ENHANCED_ROBUST_GEOMETRIC_TRACKING,M6_GP_ENHANCED_ENMPC_ROBUST_TRACKING_030,M3_GP_ENHANCED_ROBUST_GEOMETRIC_TRACKING,MU_CAMBRIDGE_MA_01,P_ENERGY_WIND_PAYLOAD,service_energy_j,lower,107396.62601424947,107396.62601424947,0.0,0.0,0
controller_comparison,M6_GP_ENHANCED_ENMPC_ROBUST_TRACKING_030_MINUS_M3_GP_ENHANCED_ROBUST_GEOMETRIC_TRACKING,M6_GP_ENHANCED_ENMPC_ROBUST_TRACKING_030,M3_GP_ENHANCED_ROBUST_GEOMETRIC_TRACKING,MU_CAMBRIDGE_MA_01,P_ENERGY_WIND_PAYLOAD,position_rms_m,lower,0.1620385251716138,0.25806230925548224,-0.09602378408386844,-37.20953453485712,1
controller_comparison,M6_GP_ENHANCED_ENMPC_ROBUST_TRACKING_030_MINUS_M3_GP_ENHANCED_ROBUST_GEOMETRIC_TRACKING,M6_GP_ENHANCED_ENMPC_ROBUST_TRACKING_030,M3_GP_ENHANCED_ROBUST_GEOMETRIC_TRACKING,MU_CAMBRIDGE_MA_01,P_ENERGY_WIND_PAYLOAD,position_p95_m,lower,0.23511604120177063,0.36303324416822463,-0.127917202966454,-35.235671945013095,1
controller_comparison,M6_GP_ENHANCED_ENMPC_ROBUST_TRACKING_030_MINUS_M3_GP_ENHANCED_ROBUST_GEOMETRIC_TRACKING,M6_GP_ENHANCED_ENMPC_ROBUST_TRACKING_030,M3_GP_ENHANCED_ROBUST_GEOMETRIC_TRACKING,MU_CAMBRIDGE_MA_01,P_ENERGY_WIND_PAYLOAD,position_max_m,lower,0.2594145925075157,0.4401512010410483,-0.18073660853353263,-41.06239131145236,1
controller_comparison,M6_GP_ENHANCED_ENMPC_ROBUST_TRACKING_030_MINUS_M3_GP_ENHANCED_ROBUST_GEOMETRIC_TRACKING,M6_GP_ENHANCED_ENMPC_ROBUST_TRACKING_030,M3_GP_ENHANCED_ROBUST_GEOMETRIC_TRACKING,MU_CAMBRIDGE_MA_01,P_ENERGY_WIND_PAYLOAD,vertical_p95_error_m,lower,0.02643405470069915,0.08219198934609473,-0.05575793464539558,-67.83864837558511,1
controller_comparison,M6_GP_ENHANCED_ENMPC_ROBUST_TRACKING_030_MINUS_M3_GP_ENHANCED_ROBUST_GEOMETRIC_TRACKING,M6_GP_ENHANCED_ENMPC_ROBUST_TRACKING_030,M3_GP_ENHANCED_ROBUST_GEOMETRIC_TRACKING,MU_CAMBRIDGE_MA_01,P_ENERGY_WIND_PAYLOAD,attitude_p95_rad,lower,0.0231541187836344,0.03983981624259875,-0.01668569745896435,-41.881963906056264,1
controller_comparison,M6_GP_ENHANCED_ENMPC_ROBUST_TRACKING_030_MINUS_M3_GP_ENHANCED_ROBUST_GEOMETRIC_TRACKING,M6_GP_ENHANCED_ENMPC_ROBUST_TRACKING_030,M3_GP_ENHANCED_ROBUST_GEOMETRIC_TRACKING,MU_CAMBRIDGE_MA_01,P_ENERGY_WIND_PAYLOAD,acceleration_p95_mps2,lower,0.8606444890909306,0.8360578295499774,0.024586659540953182,2.9407845572342017,0
controller_comparison,M6_GP_ENHANCED_ENMPC_ROBUST_TRACKING_030_MINUS_M3_GP_ENHANCED_ROBUST_GEOMETRIC_TRACKING,M6_GP_ENHANCED_ENMPC_ROBUST_TRACKING_030,M3_GP_ENHANCED_ROBUST_GEOMETRIC_TRACKING,MU_CAMBRIDGE_MA_01,P_ENERGY_WIND_PAYLOAD,acceleration_max_mps2,lower,1.2766956886450838,1.320896044142509,-0.04420035549742529,-3.3462402808632077,1
controller_comparison,M6_GP_ENHANCED_ENMPC_ROBUST_TRACKING_030_MINUS_M3_GP_ENHANCED_ROBUST_GEOMETRIC_TRACKING,M6_GP_ENHANCED_ENMPC_ROBUST_TRACKING_030,M3_GP_ENHANCED_ROBUST_GEOMETRIC_TRACKING,MU_CAMBRIDGE_MA_01,P_ENERGY_WIND_PAYLOAD,jerk_p95_mps3,lower,0.3966168092729822,0.5235951095261644,-0.12697830025318219,-24.25123878030358,1
controller_comparison,M6_GP_ENHANCED_ENMPC_ROBUST_TRACKING_030_MINUS_M3_GP_ENHANCED_ROBUST_GEOMETRIC_TRACKING,M6_GP_ENHANCED_ENMPC_ROBUST_TRACKING_030,M3_GP_ENHANCED_ROBUST_GEOMETRIC_TRACKING,MU_CAMBRIDGE_MA_01,P_ENERGY_WIND_PAYLOAD,jerk_max_mps3,lower,2.8007618090319943,1.396821581961521,1.4039402270704733,100.50963166669831,0
controller_comparison,M6_GP_ENHANCED_ENMPC_ROBUST_TRACKING_030_MINUS_M3_GP_ENHANCED_ROBUST_GEOMETRIC_TRACKING,M6_GP_ENHANCED_ENMPC_ROBUST_TRACKING_030,M3_GP_ENHANCED_ROBUST_GEOMETRIC_TRACKING,MU_CAMBRIDGE_MA_01,P_ENERGY_WIND_PAYLOAD,robust_compensation_p95_mps2,lower,0.2855608395719873,0.28343470470496196,0.002126134867025342,0.7501321580356638,0
controller_comparison,M6_GP_ENHANCED_ENMPC_ROBUST_TRACKING_030_MINUS_M3_GP_ENHANCED_ROBUST_GEOMETRIC_TRACKING,M6_GP_ENHANCED_ENMPC_ROBUST_TRACKING_030,M3_GP_ENHANCED_ROBUST_GEOMETRIC_TRACKING,MU_CAMBRIDGE_MA_01,P_ENERGY_WIND_PAYLOAD,rotor_command_total_variation_n,lower,1349.290170637565,646.4324516704646,702.8577189671005,108.7287182366581,0
controller_comparison,M6_GP_ENHANCED_ENMPC_ROBUST_TRACKING_030_MINUS_M3_GP_ENHANCED_ROBUST_GEOMETRIC_TRACKING,M6_GP_ENHANCED_ENMPC_ROBUST_TRACKING_030,M3_GP_ENHANCED_ROBUST_GEOMETRIC_TRACKING,MU_CAMBRIDGE_MA_01,P_ENERGY_WIND_PAYLOAD,minimum_per_rotor_margin_n,higher,10.584404421519764,12.118638388341253,-1.534233966821489,-12.660118386711664,0
controller_comparison,M6_GP_ENHANCED_ENMPC_ROBUST_TRACKING_030_MINUS_M3_GP_ENHANCED_ROBUST_GEOMETRIC_TRACKING,M6_GP_ENHANCED_ENMPC_ROBUST_TRACKING_030,M3_GP_ENHANCED_ROBUST_GEOMETRIC_TRACKING,MU_CAMBRIDGE_MA_01,P_ENERGY_WIND_PAYLOAD,solver_deadline_miss_count,lower,0.0,0.0,0.0,,0
controller_comparison,M6_GP_ENHANCED_ENMPC_ROBUST_TRACKING_030_MINUS_M3_GP_ENHANCED_ROBUST_GEOMETRIC_TRACKING,M6_GP_ENHANCED_ENMPC_ROBUST_TRACKING_030,M3_GP_ENHANCED_ROBUST_GEOMETRIC_TRACKING,MU_CAMBRIDGE_MA_02,P_DIST_FIXED,service_corrected_mission_time_s,lower,734.187999999579,755.2384901027585,-21.050490103179527,-2.7872639409990048,1
controller_comparison,M6_GP_ENHANCED_ENMPC_ROBUST_TRACKING_030_MINUS_M3_GP_ENHANCED_ROBUST_GEOMETRIC_TRACKING,M6_GP_ENHANCED_ENMPC_ROBUST_TRACKING_030,M3_GP_ENHANCED_ROBUST_GEOMETRIC_TRACKING,MU_CAMBRIDGE_MA_02,P_DIST_FIXED,service_corrected_modeled_energy_j,lower,901957.0548662968,926938.6952595626,-24981.640393265756,-2.6950693202283853,1
controller_comparison,M6_GP_ENHANCED_ENMPC_ROBUST_TRACKING_030_MINUS_M3_GP_ENHANCED_ROBUST_GEOMETRIC_TRACKING,M6_GP_ENHANCED_ENMPC_ROBUST_TRACKING_030,M3_GP_ENHANCED_ROBUST_GEOMETRIC_TRACKING,MU_CAMBRIDGE_MA_02,P_DIST_FIXED,flight_time_s,lower,622.219999999579,643.2704901027586,-21.050490103179527,-3.272416569243964,1
controller_comparison,M6_GP_ENHANCED_ENMPC_ROBUST_TRACKING_030_MINUS_M3_GP_ENHANCED_ROBUST_GEOMETRIC_TRACKING,M6_GP_ENHANCED_ENMPC_ROBUST_TRACKING_030,M3_GP_ENHANCED_ROBUST_GEOMETRIC_TRACKING,MU_CAMBRIDGE_MA_02,P_DIST_FIXED,service_time_s,lower,111.968,111.96799999999999,1.4210854715202004e-14,1.2691889392685415e-14,0
controller_comparison,M6_GP_ENHANCED_ENMPC_ROBUST_TRACKING_030_MINUS_M3_GP_ENHANCED_ROBUST_GEOMETRIC_TRACKING,M6_GP_ENHANCED_ENMPC_ROBUST_TRACKING_030,M3_GP_ENHANCED_ROBUST_GEOMETRIC_TRACKING,MU_CAMBRIDGE_MA_02,P_DIST_FIXED,flight_controller_sensitive_energy_j,lower,796615.6418081057,821597.2822013715,-24981.640393265756,-3.0406186746784805,1
controller_comparison,M6_GP_ENHANCED_ENMPC_ROBUST_TRACKING_030_MINUS_M3_GP_ENHANCED_ROBUST_GEOMETRIC_TRACKING,M6_GP_ENHANCED_ENMPC_ROBUST_TRACKING_030,M3_GP_ENHANCED_ROBUST_GEOMETRIC_TRACKING,MU_CAMBRIDGE_MA_02,P_DIST_FIXED,service_energy_j,lower,105341.41305819107,105341.41305819107,0.0,0.0,0
controller_comparison,M6_GP_ENHANCED_ENMPC_ROBUST_TRACKING_030_MINUS_M3_GP_ENHANCED_ROBUST_GEOMETRIC_TRACKING,M6_GP_ENHANCED_ENMPC_ROBUST_TRACKING_030,M3_GP_ENHANCED_ROBUST_GEOMETRIC_TRACKING,MU_CAMBRIDGE_MA_02,P_DIST_FIXED,position_rms_m,lower,0.14161964551335474,0.29799161005635183,-0.1563719645429971,-52.4752910034703,1
controller_comparison,M6_GP_ENHANCED_ENMPC_ROBUST_TRACKING_030_MINUS_M3_GP_ENHANCED_ROBUST_GEOMETRIC_TRACKING,M6_GP_ENHANCED_ENMPC_ROBUST_TRACKING_030,M3_GP_ENHANCED_ROBUST_GEOMETRIC_TRACKING,MU_CAMBRIDGE_MA_02,P_DIST_FIXED,position_p95_m,lower,0.2320289993042513,0.4490225875115387,-0.21699358820728737,-48.32576227620425,1
controller_comparison,M6_GP_ENHANCED_ENMPC_ROBUST_TRACKING_030_MINUS_M3_GP_ENHANCED_ROBUST_GEOMETRIC_TRACKING,M6_GP_ENHANCED_ENMPC_ROBUST_TRACKING_030,M3_GP_ENHANCED_ROBUST_GEOMETRIC_TRACKING,MU_CAMBRIDGE_MA_02,P_DIST_FIXED,position_max_m,lower,0.40090347183658026,0.693456924941042,-0.2925534531044618,-42.18768932610123,1
controller_comparison,M6_GP_ENHANCED_ENMPC_ROBUST_TRACKING_030_MINUS_M3_GP_ENHANCED_ROBUST_GEOMETRIC_TRACKING,M6_GP_ENHANCED_ENMPC_ROBUST_TRACKING_030,M3_GP_ENHANCED_ROBUST_GEOMETRIC_TRACKING,MU_CAMBRIDGE_MA_02,P_DIST_FIXED,vertical_p95_error_m,lower,0.04171826146819768,0.15101132153860775,-0.10929306007041006,-72.37408358317562,1
controller_comparison,M6_GP_ENHANCED_ENMPC_ROBUST_TRACKING_030_MINUS_M3_GP_ENHANCED_ROBUST_GEOMETRIC_TRACKING,M6_GP_ENHANCED_ENMPC_ROBUST_TRACKING_030,M3_GP_ENHANCED_ROBUST_GEOMETRIC_TRACKING,MU_CAMBRIDGE_MA_02,P_DIST_FIXED,attitude_p95_rad,lower,0.017831318339086404,0.05920966609449728,-0.041378347755410876,-69.88444705864744,1
controller_comparison,M6_GP_ENHANCED_ENMPC_ROBUST_TRACKING_030_MINUS_M3_GP_ENHANCED_ROBUST_GEOMETRIC_TRACKING,M6_GP_ENHANCED_ENMPC_ROBUST_TRACKING_030,M3_GP_ENHANCED_ROBUST_GEOMETRIC_TRACKING,MU_CAMBRIDGE_MA_02,P_DIST_FIXED,acceleration_p95_mps2,lower,1.1377719923472378,1.1663223270795435,-0.028550334732305727,-2.44789404004598,1
controller_comparison,M6_GP_ENHANCED_ENMPC_ROBUST_TRACKING_030_MINUS_M3_GP_ENHANCED_ROBUST_GEOMETRIC_TRACKING,M6_GP_ENHANCED_ENMPC_ROBUST_TRACKING_030,M3_GP_ENHANCED_ROBUST_GEOMETRIC_TRACKING,MU_CAMBRIDGE_MA_02,P_DIST_FIXED,acceleration_max_mps2,lower,1.8280950387388741,1.6455002490068644,0.1825947897320097,11.09661270742524,0
controller_comparison,M6_GP_ENHANCED_ENMPC_ROBUST_TRACKING_030_MINUS_M3_GP_ENHANCED_ROBUST_GEOMETRIC_TRACKING,M6_GP_ENHANCED_ENMPC_ROBUST_TRACKING_030,M3_GP_ENHANCED_ROBUST_GEOMETRIC_TRACKING,MU_CAMBRIDGE_MA_02,P_DIST_FIXED,jerk_p95_mps3,lower,0.7640913922679868,0.9820136937980738,-0.21792230153008696,-22.191370945881854,1
controller_comparison,M6_GP_ENHANCED_ENMPC_ROBUST_TRACKING_030_MINUS_M3_GP_ENHANCED_ROBUST_GEOMETRIC_TRACKING,M6_GP_ENHANCED_ENMPC_ROBUST_TRACKING_030,M3_GP_ENHANCED_ROBUST_GEOMETRIC_TRACKING,MU_CAMBRIDGE_MA_02,P_DIST_FIXED,jerk_max_mps3,lower,5.104842282435621,2.5882486237497,2.516593658685921,97.23152697131664,0
controller_comparison,M6_GP_ENHANCED_ENMPC_ROBUST_TRACKING_030_MINUS_M3_GP_ENHANCED_ROBUST_GEOMETRIC_TRACKING,M6_GP_ENHANCED_ENMPC_ROBUST_TRACKING_030,M3_GP_ENHANCED_ROBUST_GEOMETRIC_TRACKING,MU_CAMBRIDGE_MA_02,P_DIST_FIXED,robust_compensation_p95_mps2,lower,0.49152256899091534,0.3950411678488741,0.09648140114204123,24.42312573836631,0
controller_comparison,M6_GP_ENHANCED_ENMPC_ROBUST_TRACKING_030_MINUS_M3_GP_ENHANCED_ROBUST_GEOMETRIC_TRACKING,M6_GP_ENHANCED_ENMPC_ROBUST_TRACKING_030,M3_GP_ENHANCED_ROBUST_GEOMETRIC_TRACKING,MU_CAMBRIDGE_MA_02,P_DIST_FIXED,rotor_command_total_variation_n,lower,4430.328304723927,1647.6597760807424,2782.668528643185,168.886111625682,0
controller_comparison,M6_GP_ENHANCED_ENMPC_ROBUST_TRACKING_030_MINUS_M3_GP_ENHANCED_ROBUST_GEOMETRIC_TRACKING,M6_GP_ENHANCED_ENMPC_ROBUST_TRACKING_030,M3_GP_ENHANCED_ROBUST_GEOMETRIC_TRACKING,MU_CAMBRIDGE_MA_02,P_DIST_FIXED,minimum_per_rotor_margin_n,higher,7.8619305351524,11.651594292638244,-3.789663757485844,-32.524851640948775,0
controller_comparison,M6_GP_ENHANCED_ENMPC_ROBUST_TRACKING_030_MINUS_M3_GP_ENHANCED_ROBUST_GEOMETRIC_TRACKING,M6_GP_ENHANCED_ENMPC_ROBUST_TRACKING_030,M3_GP_ENHANCED_ROBUST_GEOMETRIC_TRACKING,MU_CAMBRIDGE_MA_02,P_DIST_FIXED,solver_deadline_miss_count,lower,0.0,0.0,0.0,,0
controller_comparison,M6_GP_ENHANCED_ENMPC_ROBUST_TRACKING_030_MINUS_M3_GP_ENHANCED_ROBUST_GEOMETRIC_TRACKING,M6_GP_ENHANCED_ENMPC_ROBUST_TRACKING_030,M3_GP_ENHANCED_ROBUST_GEOMETRIC_TRACKING,MU_CAMBRIDGE_MA_02,P_ENERGY_WIND_PAYLOAD,service_corrected_mission_time_s,lower,728.0579999995848,751.2604917699716,-23.202491770386814,-3.0884749064497834,1
controller_comparison,M6_GP_ENHANCED_ENMPC_ROBUST_TRACKING_030_MINUS_M3_GP_ENHANCED_ROBUST_GEOMETRIC_TRACKING,M6_GP_ENHANCED_ENMPC_ROBUST_TRACKING_030,M3_GP_ENHANCED_ROBUST_GEOMETRIC_TRACKING,MU_CAMBRIDGE_MA_02,P_ENERGY_WIND_PAYLOAD,service_corrected_modeled_energy_j,lower,894329.3079114362,921646.9255661975,-27317.6176547613,-2.9640003017401924,1
controller_comparison,M6_GP_ENHANCED_ENMPC_ROBUST_TRACKING_030_MINUS_M3_GP_ENHANCED_ROBUST_GEOMETRIC_TRACKING,M6_GP_ENHANCED_ENMPC_ROBUST_TRACKING_030,M3_GP_ENHANCED_ROBUST_GEOMETRIC_TRACKING,MU_CAMBRIDGE_MA_02,P_ENERGY_WIND_PAYLOAD,flight_time_s,lower,616.0899999995848,639.2924917699717,-23.202491770386814,-3.629401575818204,1
controller_comparison,M6_GP_ENHANCED_ENMPC_ROBUST_TRACKING_030_MINUS_M3_GP_ENHANCED_ROBUST_GEOMETRIC_TRACKING,M6_GP_ENHANCED_ENMPC_ROBUST_TRACKING_030,M3_GP_ENHANCED_ROBUST_GEOMETRIC_TRACKING,MU_CAMBRIDGE_MA_02,P_ENERGY_WIND_PAYLOAD,service_time_s,lower,111.968,111.96799999999999,1.4210854715202004e-14,1.2691889392685415e-14,0
controller_comparison,M6_GP_ENHANCED_ENMPC_ROBUST_TRACKING_030_MINUS_M3_GP_ENHANCED_ROBUST_GEOMETRIC_TRACKING,M6_GP_ENHANCED_ENMPC_ROBUST_TRACKING_030,M3_GP_ENHANCED_ROBUST_GEOMETRIC_TRACKING,MU_CAMBRIDGE_MA_02,P_ENERGY_WIND_PAYLOAD,flight_controller_sensitive_energy_j,lower,788987.8948532451,816305.5125080064,-27317.6176547613,-3.346494325492303,1
controller_comparison,M6_GP_ENHANCED_ENMPC_ROBUST_TRACKING_030_MINUS_M3_GP_ENHANCED_ROBUST_GEOMETRIC_TRACKING,M6_GP_ENHANCED_ENMPC_ROBUST_TRACKING_030,M3_GP_ENHANCED_ROBUST_GEOMETRIC_TRACKING,MU_CAMBRIDGE_MA_02,P_ENERGY_WIND_PAYLOAD,service_energy_j,lower,105341.41305819107,105341.41305819107,0.0,0.0,0
controller_comparison,M6_GP_ENHANCED_ENMPC_ROBUST_TRACKING_030_MINUS_M3_GP_ENHANCED_ROBUST_GEOMETRIC_TRACKING,M6_GP_ENHANCED_ENMPC_ROBUST_TRACKING_030,M3_GP_ENHANCED_ROBUST_GEOMETRIC_TRACKING,MU_CAMBRIDGE_MA_02,P_ENERGY_WIND_PAYLOAD,position_rms_m,lower,0.1370498430640068,0.2880324979355554,-0.1509826548715486,-52.418618021821125,1
controller_comparison,M6_GP_ENHANCED_ENMPC_ROBUST_TRACKING_030_MINUS_M3_GP_ENHANCED_ROBUST_GEOMETRIC_TRACKING,M6_GP_ENHANCED_ENMPC_ROBUST_TRACKING_030,M3_GP_ENHANCED_ROBUST_GEOMETRIC_TRACKING,MU_CAMBRIDGE_MA_02,P_ENERGY_WIND_PAYLOAD,position_p95_m,lower,0.2157140237215875,0.4323849688337285,-0.21667094511214102,-50.11065618135786,1
controller_comparison,M6_GP_ENHANCED_ENMPC_ROBUST_TRACKING_030_MINUS_M3_GP_ENHANCED_ROBUST_GEOMETRIC_TRACKING,M6_GP_ENHANCED_ENMPC_ROBUST_TRACKING_030,M3_GP_ENHANCED_ROBUST_GEOMETRIC_TRACKING,MU_CAMBRIDGE_MA_02,P_ENERGY_WIND_PAYLOAD,position_max_m,lower,0.3107588627432158,0.6934569249413534,-0.38269806219813757,-55.18699841817902,1
controller_comparison,M6_GP_ENHANCED_ENMPC_ROBUST_TRACKING_030_MINUS_M3_GP_ENHANCED_ROBUST_GEOMETRIC_TRACKING,M6_GP_ENHANCED_ENMPC_ROBUST_TRACKING_030,M3_GP_ENHANCED_ROBUST_GEOMETRIC_TRACKING,MU_CAMBRIDGE_MA_02,P_ENERGY_WIND_PAYLOAD,vertical_p95_error_m,lower,0.04294015521889172,0.1509476898861717,-0.10800753466727997,-71.55295635774718,1
controller_comparison,M6_GP_ENHANCED_ENMPC_ROBUST_TRACKING_030_MINUS_M3_GP_ENHANCED_ROBUST_GEOMETRIC_TRACKING,M6_GP_ENHANCED_ENMPC_ROBUST_TRACKING_030,M3_GP_ENHANCED_ROBUST_GEOMETRIC_TRACKING,MU_CAMBRIDGE_MA_02,P_ENERGY_WIND_PAYLOAD,attitude_p95_rad,lower,0.016754844089451982,0.05691641573368041,-0.04016157164422843,-70.56236961960121,1
controller_comparison,M6_GP_ENHANCED_ENMPC_ROBUST_TRACKING_030_MINUS_M3_GP_ENHANCED_ROBUST_GEOMETRIC_TRACKING,M6_GP_ENHANCED_ENMPC_ROBUST_TRACKING_030,M3_GP_ENHANCED_ROBUST_GEOMETRIC_TRACKING,MU_CAMBRIDGE_MA_02,P_ENERGY_WIND_PAYLOAD,acceleration_p95_mps2,lower,1.083306298231429,1.107024528358414,-0.02371823012698493,-2.1425207409050144,1
controller_comparison,M6_GP_ENHANCED_ENMPC_ROBUST_TRACKING_030_MINUS_M3_GP_ENHANCED_ROBUST_GEOMETRIC_TRACKING,M6_GP_ENHANCED_ENMPC_ROBUST_TRACKING_030,M3_GP_ENHANCED_ROBUST_GEOMETRIC_TRACKING,MU_CAMBRIDGE_MA_02,P_ENERGY_WIND_PAYLOAD,acceleration_max_mps2,lower,1.5774741088346411,1.6369331469959296,-0.0594590381612885,-3.6323437075244436,1
controller_comparison,M6_GP_ENHANCED_ENMPC_ROBUST_TRACKING_030_MINUS_M3_GP_ENHANCED_ROBUST_GEOMETRIC_TRACKING,M6_GP_ENHANCED_ENMPC_ROBUST_TRACKING_030,M3_GP_ENHANCED_ROBUST_GEOMETRIC_TRACKING,MU_CAMBRIDGE_MA_02,P_ENERGY_WIND_PAYLOAD,jerk_p95_mps3,lower,0.5864325484409393,0.936338027969291,-0.3499054795283517,-37.36956836915178,1
controller_comparison,M6_GP_ENHANCED_ENMPC_ROBUST_TRACKING_030_MINUS_M3_GP_ENHANCED_ROBUST_GEOMETRIC_TRACKING,M6_GP_ENHANCED_ENMPC_ROBUST_TRACKING_030,M3_GP_ENHANCED_ROBUST_GEOMETRIC_TRACKING,MU_CAMBRIDGE_MA_02,P_ENERGY_WIND_PAYLOAD,jerk_max_mps3,lower,4.317380807227982,2.935568189870788,1.3818126173571943,47.071385434859074,0
controller_comparison,M6_GP_ENHANCED_ENMPC_ROBUST_TRACKING_030_MINUS_M3_GP_ENHANCED_ROBUST_GEOMETRIC_TRACKING,M6_GP_ENHANCED_ENMPC_ROBUST_TRACKING_030,M3_GP_ENHANCED_ROBUST_GEOMETRIC_TRACKING,MU_CAMBRIDGE_MA_02,P_ENERGY_WIND_PAYLOAD,robust_compensation_p95_mps2,lower,0.49421869653996164,0.3953452591292597,0.09887343741070193,25.009389926280832,0
controller_comparison,M6_GP_ENHANCED_ENMPC_ROBUST_TRACKING_030_MINUS_M3_GP_ENHANCED_ROBUST_GEOMETRIC_TRACKING,M6_GP_ENHANCED_ENMPC_ROBUST_TRACKING_030,M3_GP_ENHANCED_ROBUST_GEOMETRIC_TRACKING,MU_CAMBRIDGE_MA_02,P_ENERGY_WIND_PAYLOAD,rotor_command_total_variation_n,lower,3320.5533445535234,1624.9868647213925,1695.5664798321309,104.34339603864056,0
controller_comparison,M6_GP_ENHANCED_ENMPC_ROBUST_TRACKING_030_MINUS_M3_GP_ENHANCED_ROBUST_GEOMETRIC_TRACKING,M6_GP_ENHANCED_ENMPC_ROBUST_TRACKING_030,M3_GP_ENHANCED_ROBUST_GEOMETRIC_TRACKING,MU_CAMBRIDGE_MA_02,P_ENERGY_WIND_PAYLOAD,minimum_per_rotor_margin_n,higher,10.231483657186576,11.65424800827791,-1.4227643510913346,-12.2081180191185,0
controller_comparison,M6_GP_ENHANCED_ENMPC_ROBUST_TRACKING_030_MINUS_M3_GP_ENHANCED_ROBUST_GEOMETRIC_TRACKING,M6_GP_ENHANCED_ENMPC_ROBUST_TRACKING_030,M3_GP_ENHANCED_ROBUST_GEOMETRIC_TRACKING,MU_CAMBRIDGE_MA_02,P_ENERGY_WIND_PAYLOAD,solver_deadline_miss_count,lower,0.0,0.0,0.0,,0
controller_comparison,M6_GP_ENHANCED_ENMPC_ROBUST_TRACKING_030_MINUS_M3_GP_ENHANCED_ROBUST_GEOMETRIC_TRACKING,M6_GP_ENHANCED_ENMPC_ROBUST_TRACKING_030,M3_GP_ENHANCED_ROBUST_GEOMETRIC_TRACKING,MU_MANHATTAN_NY_01,P_DIST_FIXED,service_corrected_mission_time_s,lower,737.8579999995757,755.283454868684,-17.425454869108307,-2.307141081507995,1
controller_comparison,M6_GP_ENHANCED_ENMPC_ROBUST_TRACKING_030_MINUS_M3_GP_ENHANCED_ROBUST_GEOMETRIC_TRACKING,M6_GP_ENHANCED_ENMPC_ROBUST_TRACKING_030,M3_GP_ENHANCED_ROBUST_GEOMETRIC_TRACKING,MU_MANHATTAN_NY_01,P_DIST_FIXED,service_corrected_modeled_energy_j,lower,909089.2269692628,931452.4448120504,-22363.21784278762,-2.4008974336097317,1
controller_comparison,M6_GP_ENHANCED_ENMPC_ROBUST_TRACKING_030_MINUS_M3_GP_ENHANCED_ROBUST_GEOMETRIC_TRACKING,M6_GP_ENHANCED_ENMPC_ROBUST_TRACKING_030,M3_GP_ENHANCED_ROBUST_GEOMETRIC_TRACKING,MU_MANHATTAN_NY_01,P_DIST_FIXED,flight_time_s,lower,625.8899999995757,643.315454868684,-17.425454869108307,-2.708695203454308,1
controller_comparison,M6_GP_ENHANCED_ENMPC_ROBUST_TRACKING_030_MINUS_M3_GP_ENHANCED_ROBUST_GEOMETRIC_TRACKING,M6_GP_ENHANCED_ENMPC_ROBUST_TRACKING_030,M3_GP_ENHANCED_ROBUST_GEOMETRIC_TRACKING,MU_MANHATTAN_NY_01,P_DIST_FIXED,service_time_s,lower,111.968,111.96799999999993,7.105427357601002e-14,6.34594469634271e-14,0
controller_comparison,M6_GP_ENHANCED_ENMPC_ROBUST_TRACKING_030_MINUS_M3_GP_ENHANCED_ROBUST_GEOMETRIC_TRACKING,M6_GP_ENHANCED_ENMPC_ROBUST_TRACKING_030,M3_GP_ENHANCED_ROBUST_GEOMETRIC_TRACKING,MU_MANHATTAN_NY_01,P_DIST_FIXED,flight_controller_sensitive_energy_j,lower,802492.7355870141,824855.9534298019,-22363.217842787737,-2.7111664466747314,1
controller_comparison,M6_GP_ENHANCED_ENMPC_ROBUST_TRACKING_030_MINUS_M3_GP_ENHANCED_ROBUST_GEOMETRIC_TRACKING,M6_GP_ENHANCED_ENMPC_ROBUST_TRACKING_030,M3_GP_ENHANCED_ROBUST_GEOMETRIC_TRACKING,MU_MANHATTAN_NY_01,P_DIST_FIXED,service_energy_j,lower,106596.49138224864,106596.49138224864,0.0,0.0,0
controller_comparison,M6_GP_ENHANCED_ENMPC_ROBUST_TRACKING_030_MINUS_M3_GP_ENHANCED_ROBUST_GEOMETRIC_TRACKING,M6_GP_ENHANCED_ENMPC_ROBUST_TRACKING_030,M3_GP_ENHANCED_ROBUST_GEOMETRIC_TRACKING,MU_MANHATTAN_NY_01,P_DIST_FIXED,position_rms_m,lower,0.08390302482653064,0.23212378848929807,-0.14822076366276743,-63.85418945098816,1
controller_comparison,M6_GP_ENHANCED_ENMPC_ROBUST_TRACKING_030_MINUS_M3_GP_ENHANCED_ROBUST_GEOMETRIC_TRACKING,M6_GP_ENHANCED_ENMPC_ROBUST_TRACKING_030,M3_GP_ENHANCED_ROBUST_GEOMETRIC_TRACKING,MU_MANHATTAN_NY_01,P_DIST_FIXED,position_p95_m,lower,0.15963727883619674,0.39759108580286157,-0.23795380696666482,-59.84887877608251,1
controller_comparison,M6_GP_ENHANCED_ENMPC_ROBUST_TRACKING_030_MINUS_M3_GP_ENHANCED_ROBUST_GEOMETRIC_TRACKING,M6_GP_ENHANCED_ENMPC_ROBUST_TRACKING_030,M3_GP_ENHANCED_ROBUST_GEOMETRIC_TRACKING,MU_MANHATTAN_NY_01,P_DIST_FIXED,position_max_m,lower,0.34444032064096736,0.7080809854876368,-0.3636406648466694,-51.35580142661784,1
controller_comparison,M6_GP_ENHANCED_ENMPC_ROBUST_TRACKING_030_MINUS_M3_GP_ENHANCED_ROBUST_GEOMETRIC_TRACKING,M6_GP_ENHANCED_ENMPC_ROBUST_TRACKING_030,M3_GP_ENHANCED_ROBUST_GEOMETRIC_TRACKING,MU_MANHATTAN_NY_01,P_DIST_FIXED,vertical_p95_error_m,lower,0.0352660725695042,0.1295971444751931,-0.0943310719056889,-72.78792467819021,1
controller_comparison,M6_GP_ENHANCED_ENMPC_ROBUST_TRACKING_030_MINUS_M3_GP_ENHANCED_ROBUST_GEOMETRIC_TRACKING,M6_GP_ENHANCED_ENMPC_ROBUST_TRACKING_030,M3_GP_ENHANCED_ROBUST_GEOMETRIC_TRACKING,MU_MANHATTAN_NY_01,P_DIST_FIXED,attitude_p95_rad,lower,0.010875525437395719,0.06027915193391794,-0.04940362649652222,-81.9580649553295,1
controller_comparison,M6_GP_ENHANCED_ENMPC_ROBUST_TRACKING_030_MINUS_M3_GP_ENHANCED_ROBUST_GEOMETRIC_TRACKING,M6_GP_ENHANCED_ENMPC_ROBUST_TRACKING_030,M3_GP_ENHANCED_ROBUST_GEOMETRIC_TRACKING,MU_MANHATTAN_NY_01,P_DIST_FIXED,acceleration_p95_mps2,lower,1.2597552373968979,1.3160495549870015,-0.056294317590103615,-4.277522634066742,1
controller_comparison,M6_GP_ENHANCED_ENMPC_ROBUST_TRACKING_030_MINUS_M3_GP_ENHANCED_ROBUST_GEOMETRIC_TRACKING,M6_GP_ENHANCED_ENMPC_ROBUST_TRACKING_030,M3_GP_ENHANCED_ROBUST_GEOMETRIC_TRACKING,MU_MANHATTAN_NY_01,P_DIST_FIXED,acceleration_max_mps2,lower,1.6569630657754129,1.9457368547133493,-0.2887737889379365,-14.841358852735477,1
controller_comparison,M6_GP_ENHANCED_ENMPC_ROBUST_TRACKING_030_MINUS_M3_GP_ENHANCED_ROBUST_GEOMETRIC_TRACKING,M6_GP_ENHANCED_ENMPC_ROBUST_TRACKING_030,M3_GP_ENHANCED_ROBUST_GEOMETRIC_TRACKING,MU_MANHATTAN_NY_01,P_DIST_FIXED,jerk_p95_mps3,lower,0.7607780904670164,0.9921644732686273,-0.23138638280161095,-23.321373525835103,1
controller_comparison,M6_GP_ENHANCED_ENMPC_ROBUST_TRACKING_030_MINUS_M3_GP_ENHANCED_ROBUST_GEOMETRIC_TRACKING,M6_GP_ENHANCED_ENMPC_ROBUST_TRACKING_030,M3_GP_ENHANCED_ROBUST_GEOMETRIC_TRACKING,MU_MANHATTAN_NY_01,P_DIST_FIXED,jerk_max_mps3,lower,5.376329784087543,2.0420628308361333,3.3342669532514093,163.27935178596715,0
controller_comparison,M6_GP_ENHANCED_ENMPC_ROBUST_TRACKING_030_MINUS_M3_GP_ENHANCED_ROBUST_GEOMETRIC_TRACKING,M6_GP_ENHANCED_ENMPC_ROBUST_TRACKING_030,M3_GP_ENHANCED_ROBUST_GEOMETRIC_TRACKING,MU_MANHATTAN_NY_01,P_DIST_FIXED,robust_compensation_p95_mps2,lower,0.3718895113317886,0.3698061182400339,0.002083393091754704,0.5633744248661712,0
controller_comparison,M6_GP_ENHANCED_ENMPC_ROBUST_TRACKING_030_MINUS_M3_GP_ENHANCED_ROBUST_GEOMETRIC_TRACKING,M6_GP_ENHANCED_ENMPC_ROBUST_TRACKING_030,M3_GP_ENHANCED_ROBUST_GEOMETRIC_TRACKING,MU_MANHATTAN_NY_01,P_DIST_FIXED,rotor_command_total_variation_n,lower,4301.228988491993,1323.5555136243092,2977.6734748676836,224.9753368269293,0
controller_comparison,M6_GP_ENHANCED_ENMPC_ROBUST_TRACKING_030_MINUS_M3_GP_ENHANCED_ROBUST_GEOMETRIC_TRACKING,M6_GP_ENHANCED_ENMPC_ROBUST_TRACKING_030,M3_GP_ENHANCED_ROBUST_GEOMETRIC_TRACKING,MU_MANHATTAN_NY_01,P_DIST_FIXED,minimum_per_rotor_margin_n,higher,9.166218615856732,11.822985597543614,-2.656766981686882,-22.471202047635597,0
controller_comparison,M6_GP_ENHANCED_ENMPC_ROBUST_TRACKING_030_MINUS_M3_GP_ENHANCED_ROBUST_GEOMETRIC_TRACKING,M6_GP_ENHANCED_ENMPC_ROBUST_TRACKING_030,M3_GP_ENHANCED_ROBUST_GEOMETRIC_TRACKING,MU_MANHATTAN_NY_01,P_DIST_FIXED,solver_deadline_miss_count,lower,0.0,0.0,0.0,,0
controller_comparison,M6_GP_ENHANCED_ENMPC_ROBUST_TRACKING_030_MINUS_M3_GP_ENHANCED_ROBUST_GEOMETRIC_TRACKING,M6_GP_ENHANCED_ENMPC_ROBUST_TRACKING_030,M3_GP_ENHANCED_ROBUST_GEOMETRIC_TRACKING,MU_MANHATTAN_NY_01,P_ENERGY_WIND_PAYLOAD,service_corrected_mission_time_s,lower,732.7079999995406,753.1084112331683,-20.40041123362778,-2.7088279627926832,1
controller_comparison,M6_GP_ENHANCED_ENMPC_ROBUST_TRACKING_030_MINUS_M3_GP_ENHANCED_ROBUST_GEOMETRIC_TRACKING,M6_GP_ENHANCED_ENMPC_ROBUST_TRACKING_030,M3_GP_ENHANCED_ROBUST_GEOMETRIC_TRACKING,MU_MANHATTAN_NY_01,P_ENERGY_WIND_PAYLOAD,service_corrected_modeled_energy_j,lower,861646.0967496748,886113.7667033839,-24467.66995370912,-2.7612334751029075,1
controller_comparison,M6_GP_ENHANCED_ENMPC_ROBUST_TRACKING_030_MINUS_M3_GP_ENHANCED_ROBUST_GEOMETRIC_TRACKING,M6_GP_ENHANCED_ENMPC_ROBUST_TRACKING_030,M3_GP_ENHANCED_ROBUST_GEOMETRIC_TRACKING,MU_MANHATTAN_NY_01,P_ENERGY_WIND_PAYLOAD,flight_time_s,lower,620.7399999995406,641.1404112331684,-20.40041123362778,-3.1818944612132096,1
controller_comparison,M6_GP_ENHANCED_ENMPC_ROBUST_TRACKING_030_MINUS_M3_GP_ENHANCED_ROBUST_GEOMETRIC_TRACKING,M6_GP_ENHANCED_ENMPC_ROBUST_TRACKING_030,M3_GP_ENHANCED_ROBUST_GEOMETRIC_TRACKING,MU_MANHATTAN_NY_01,P_ENERGY_WIND_PAYLOAD,service_time_s,lower,111.968,111.968,0.0,0.0,0
controller_comparison,M6_GP_ENHANCED_ENMPC_ROBUST_TRACKING_030_MINUS_M3_GP_ENHANCED_ROBUST_GEOMETRIC_TRACKING,M6_GP_ENHANCED_ENMPC_ROBUST_TRACKING_030,M3_GP_ENHANCED_ROBUST_GEOMETRIC_TRACKING,MU_MANHATTAN_NY_01,P_ENERGY_WIND_PAYLOAD,flight_controller_sensitive_energy_j,lower,754249.4707354252,778717.1406891344,-24467.66995370912,-3.14204846345827,1
controller_comparison,M6_GP_ENHANCED_ENMPC_ROBUST_TRACKING_030_MINUS_M3_GP_ENHANCED_ROBUST_GEOMETRIC_TRACKING,M6_GP_ENHANCED_ENMPC_ROBUST_TRACKING_030,M3_GP_ENHANCED_ROBUST_GEOMETRIC_TRACKING,MU_MANHATTAN_NY_01,P_ENERGY_WIND_PAYLOAD,service_energy_j,lower,107396.62601424947,107396.62601424947,0.0,0.0,0
controller_comparison,M6_GP_ENHANCED_ENMPC_ROBUST_TRACKING_030_MINUS_M3_GP_ENHANCED_ROBUST_GEOMETRIC_TRACKING,M6_GP_ENHANCED_ENMPC_ROBUST_TRACKING_030,M3_GP_ENHANCED_ROBUST_GEOMETRIC_TRACKING,MU_MANHATTAN_NY_01,P_ENERGY_WIND_PAYLOAD,position_rms_m,lower,0.08638250544532103,0.21626293028527915,-0.12988042483995813,-60.05672107958068,1
controller_comparison,M6_GP_ENHANCED_ENMPC_ROBUST_TRACKING_030_MINUS_M3_GP_ENHANCED_ROBUST_GEOMETRIC_TRACKING,M6_GP_ENHANCED_ENMPC_ROBUST_TRACKING_030,M3_GP_ENHANCED_ROBUST_GEOMETRIC_TRACKING,MU_MANHATTAN_NY_01,P_ENERGY_WIND_PAYLOAD,position_p95_m,lower,0.1665252754114613,0.3728916736945526,-0.2063663982830913,-55.342184564875154,1
controller_comparison,M6_GP_ENHANCED_ENMPC_ROBUST_TRACKING_030_MINUS_M3_GP_ENHANCED_ROBUST_GEOMETRIC_TRACKING,M6_GP_ENHANCED_ENMPC_ROBUST_TRACKING_030,M3_GP_ENHANCED_ROBUST_GEOMETRIC_TRACKING,MU_MANHATTAN_NY_01,P_ENERGY_WIND_PAYLOAD,position_max_m,lower,0.30885619388645325,0.6353953639202775,-0.32653917003382427,-51.391493954116235,1
controller_comparison,M6_GP_ENHANCED_ENMPC_ROBUST_TRACKING_030_MINUS_M3_GP_ENHANCED_ROBUST_GEOMETRIC_TRACKING,M6_GP_ENHANCED_ENMPC_ROBUST_TRACKING_030,M3_GP_ENHANCED_ROBUST_GEOMETRIC_TRACKING,MU_MANHATTAN_NY_01,P_ENERGY_WIND_PAYLOAD,vertical_p95_error_m,lower,0.043798253162094625,0.12081644592659124,-0.07701819276449662,-63.74810330978723,1
controller_comparison,M6_GP_ENHANCED_ENMPC_ROBUST_TRACKING_030_MINUS_M3_GP_ENHANCED_ROBUST_GEOMETRIC_TRACKING,M6_GP_ENHANCED_ENMPC_ROBUST_TRACKING_030,M3_GP_ENHANCED_ROBUST_GEOMETRIC_TRACKING,MU_MANHATTAN_NY_01,P_ENERGY_WIND_PAYLOAD,attitude_p95_rad,lower,0.009258071433298688,0.05905709632535998,-0.04979902489206129,-84.32352416669166,1
controller_comparison,M6_GP_ENHANCED_ENMPC_ROBUST_TRACKING_030_MINUS_M3_GP_ENHANCED_ROBUST_GEOMETRIC_TRACKING,M6_GP_ENHANCED_ENMPC_ROBUST_TRACKING_030,M3_GP_ENHANCED_ROBUST_GEOMETRIC_TRACKING,MU_MANHATTAN_NY_01,P_ENERGY_WIND_PAYLOAD,acceleration_p95_mps2,lower,1.1262577934359317,1.1593837114287229,-0.03312591799279119,-2.85720056839247,1
controller_comparison,M6_GP_ENHANCED_ENMPC_ROBUST_TRACKING_030_MINUS_M3_GP_ENHANCED_ROBUST_GEOMETRIC_TRACKING,M6_GP_ENHANCED_ENMPC_ROBUST_TRACKING_030,M3_GP_ENHANCED_ROBUST_GEOMETRIC_TRACKING,MU_MANHATTAN_NY_01,P_ENERGY_WIND_PAYLOAD,acceleration_max_mps2,lower,1.533205979503515,1.8385933851471763,-0.3053874056436614,-16.60983924508222,1
controller_comparison,M6_GP_ENHANCED_ENMPC_ROBUST_TRACKING_030_MINUS_M3_GP_ENHANCED_ROBUST_GEOMETRIC_TRACKING,M6_GP_ENHANCED_ENMPC_ROBUST_TRACKING_030,M3_GP_ENHANCED_ROBUST_GEOMETRIC_TRACKING,MU_MANHATTAN_NY_01,P_ENERGY_WIND_PAYLOAD,jerk_p95_mps3,lower,0.6141371103045807,0.9972311451733322,-0.3830940348687515,-38.415771180327965,1
controller_comparison,M6_GP_ENHANCED_ENMPC_ROBUST_TRACKING_030_MINUS_M3_GP_ENHANCED_ROBUST_GEOMETRIC_TRACKING,M6_GP_ENHANCED_ENMPC_ROBUST_TRACKING_030,M3_GP_ENHANCED_ROBUST_GEOMETRIC_TRACKING,MU_MANHATTAN_NY_01,P_ENERGY_WIND_PAYLOAD,jerk_max_mps3,lower,3.177506372295117,2.0753757872849024,1.1021305850102148,53.105109530648924,0
controller_comparison,M6_GP_ENHANCED_ENMPC_ROBUST_TRACKING_030_MINUS_M3_GP_ENHANCED_ROBUST_GEOMETRIC_TRACKING,M6_GP_ENHANCED_ENMPC_ROBUST_TRACKING_030,M3_GP_ENHANCED_ROBUST_GEOMETRIC_TRACKING,MU_MANHATTAN_NY_01,P_ENERGY_WIND_PAYLOAD,robust_compensation_p95_mps2,lower,0.3748912698936149,0.3600673430417628,0.014823926851852076,4.1169873187118515,0
controller_comparison,M6_GP_ENHANCED_ENMPC_ROBUST_TRACKING_030_MINUS_M3_GP_ENHANCED_ROBUST_GEOMETRIC_TRACKING,M6_GP_ENHANCED_ENMPC_ROBUST_TRACKING_030,M3_GP_ENHANCED_ROBUST_GEOMETRIC_TRACKING,MU_MANHATTAN_NY_01,P_ENERGY_WIND_PAYLOAD,rotor_command_total_variation_n,lower,3562.7991719976853,1252.0438542620568,2310.7553177356285,184.55865662130236,0
controller_comparison,M6_GP_ENHANCED_ENMPC_ROBUST_TRACKING_030_MINUS_M3_GP_ENHANCED_ROBUST_GEOMETRIC_TRACKING,M6_GP_ENHANCED_ENMPC_ROBUST_TRACKING_030,M3_GP_ENHANCED_ROBUST_GEOMETRIC_TRACKING,MU_MANHATTAN_NY_01,P_ENERGY_WIND_PAYLOAD,minimum_per_rotor_margin_n,higher,9.08466255015908,11.857490597142885,-2.772828046983804,-23.384610970317187,0
controller_comparison,M6_GP_ENHANCED_ENMPC_ROBUST_TRACKING_030_MINUS_M3_GP_ENHANCED_ROBUST_GEOMETRIC_TRACKING,M6_GP_ENHANCED_ENMPC_ROBUST_TRACKING_030,M3_GP_ENHANCED_ROBUST_GEOMETRIC_TRACKING,MU_MANHATTAN_NY_01,P_ENERGY_WIND_PAYLOAD,solver_deadline_miss_count,lower,0.0,0.0,0.0,,0
controller_comparison,M6_GP_ENHANCED_ENMPC_ROBUST_TRACKING_030_MINUS_M3_GP_ENHANCED_ROBUST_GEOMETRIC_TRACKING,M6_GP_ENHANCED_ENMPC_ROBUST_TRACKING_030,M3_GP_ENHANCED_ROBUST_GEOMETRIC_TRACKING,MU_MANHATTAN_NY_02,P_DIST_FIXED,service_corrected_mission_time_s,lower,667.1079999996047,689.958965886621,-22.850965887016287,-3.3119311461736007,1
controller_comparison,M6_GP_ENHANCED_ENMPC_ROBUST_TRACKING_030_MINUS_M3_GP_ENHANCED_ROBUST_GEOMETRIC_TRACKING,M6_GP_ENHANCED_ENMPC_ROBUST_TRACKING_030,M3_GP_ENHANCED_ROBUST_GEOMETRIC_TRACKING,MU_MANHATTAN_NY_02,P_DIST_FIXED,service_corrected_modeled_energy_j,lower,803085.4027978649,830474.2034844238,-27388.80068655894,-3.2979712761267774,1
controller_comparison,M6_GP_ENHANCED_ENMPC_ROBUST_TRACKING_030_MINUS_M3_GP_ENHANCED_ROBUST_GEOMETRIC_TRACKING,M6_GP_ENHANCED_ENMPC_ROBUST_TRACKING_030,M3_GP_ENHANCED_ROBUST_GEOMETRIC_TRACKING,MU_MANHATTAN_NY_02,P_DIST_FIXED,flight_time_s,lower,555.1399999996047,577.990965886621,-22.850965887016287,-3.9535160989867,1
controller_comparison,M6_GP_ENHANCED_ENMPC_ROBUST_TRACKING_030_MINUS_M3_GP_ENHANCED_ROBUST_GEOMETRIC_TRACKING,M6_GP_ENHANCED_ENMPC_ROBUST_TRACKING_030,M3_GP_ENHANCED_ROBUST_GEOMETRIC_TRACKING,MU_MANHATTAN_NY_02,P_DIST_FIXED,service_time_s,lower,111.968,111.96799999999996,4.263256414560601e-14,3.8075668178056254e-14,0
controller_comparison,M6_GP_ENHANCED_ENMPC_ROBUST_TRACKING_030_MINUS_M3_GP_ENHANCED_ROBUST_GEOMETRIC_TRACKING,M6_GP_ENHANCED_ENMPC_ROBUST_TRACKING_030,M3_GP_ENHANCED_ROBUST_GEOMETRIC_TRACKING,MU_MANHATTAN_NY_02,P_DIST_FIXED,flight_controller_sensitive_energy_j,lower,696060.2580375683,723449.0587241272,-27388.80068655894,-3.7858644442584186,1
controller_comparison,M6_GP_ENHANCED_ENMPC_ROBUST_TRACKING_030_MINUS_M3_GP_ENHANCED_ROBUST_GEOMETRIC_TRACKING,M6_GP_ENHANCED_ENMPC_ROBUST_TRACKING_030,M3_GP_ENHANCED_ROBUST_GEOMETRIC_TRACKING,MU_MANHATTAN_NY_02,P_DIST_FIXED,service_energy_j,lower,107025.1447602966,107025.1447602966,0.0,0.0,0
controller_comparison,M6_GP_ENHANCED_ENMPC_ROBUST_TRACKING_030_MINUS_M3_GP_ENHANCED_ROBUST_GEOMETRIC_TRACKING,M6_GP_ENHANCED_ENMPC_ROBUST_TRACKING_030,M3_GP_ENHANCED_ROBUST_GEOMETRIC_TRACKING,MU_MANHATTAN_NY_02,P_DIST_FIXED,position_rms_m,lower,0.08570524081209668,0.2114628133620889,-0.1257575725499922,-59.47030144475419,1
controller_comparison,M6_GP_ENHANCED_ENMPC_ROBUST_TRACKING_030_MINUS_M3_GP_ENHANCED_ROBUST_GEOMETRIC_TRACKING,M6_GP_ENHANCED_ENMPC_ROBUST_TRACKING_030,M3_GP_ENHANCED_ROBUST_GEOMETRIC_TRACKING,MU_MANHATTAN_NY_02,P_DIST_FIXED,position_p95_m,lower,0.13396481832004348,0.36518107273844624,-0.23121625441840277,-63.315508847307335,1
controller_comparison,M6_GP_ENHANCED_ENMPC_ROBUST_TRACKING_030_MINUS_M3_GP_ENHANCED_ROBUST_GEOMETRIC_TRACKING,M6_GP_ENHANCED_ENMPC_ROBUST_TRACKING_030,M3_GP_ENHANCED_ROBUST_GEOMETRIC_TRACKING,MU_MANHATTAN_NY_02,P_DIST_FIXED,position_max_m,lower,0.18574482607937973,0.6404443690786815,-0.4546995429993018,-70.9975081291471,1
controller_comparison,M6_GP_ENHANCED_ENMPC_ROBUST_TRACKING_030_MINUS_M3_GP_ENHANCED_ROBUST_GEOMETRIC_TRACKING,M6_GP_ENHANCED_ENMPC_ROBUST_TRACKING_030,M3_GP_ENHANCED_ROBUST_GEOMETRIC_TRACKING,MU_MANHATTAN_NY_02,P_DIST_FIXED,vertical_p95_error_m,lower,0.038736148991590724,0.11530918360721287,-0.07657303461562215,-66.40670952667496,1
controller_comparison,M6_GP_ENHANCED_ENMPC_ROBUST_TRACKING_030_MINUS_M3_GP_ENHANCED_ROBUST_GEOMETRIC_TRACKING,M6_GP_ENHANCED_ENMPC_ROBUST_TRACKING_030,M3_GP_ENHANCED_ROBUST_GEOMETRIC_TRACKING,MU_MANHATTAN_NY_02,P_DIST_FIXED,attitude_p95_rad,lower,0.015659213957980762,0.05662168295001423,-0.040962468992033464,-72.3441389550276,1
controller_comparison,M6_GP_ENHANCED_ENMPC_ROBUST_TRACKING_030_MINUS_M3_GP_ENHANCED_ROBUST_GEOMETRIC_TRACKING,M6_GP_ENHANCED_ENMPC_ROBUST_TRACKING_030,M3_GP_ENHANCED_ROBUST_GEOMETRIC_TRACKING,MU_MANHATTAN_NY_02,P_DIST_FIXED,acceleration_p95_mps2,lower,1.0252723562669805,1.0451761288163117,-0.019903772549331178,-1.904346262851669,1
controller_comparison,M6_GP_ENHANCED_ENMPC_ROBUST_TRACKING_030_MINUS_M3_GP_ENHANCED_ROBUST_GEOMETRIC_TRACKING,M6_GP_ENHANCED_ENMPC_ROBUST_TRACKING_030,M3_GP_ENHANCED_ROBUST_GEOMETRIC_TRACKING,MU_MANHATTAN_NY_02,P_DIST_FIXED,acceleration_max_mps2,lower,1.5892598752756102,1.74936765731717,-0.16010778204155973,-9.152323205008889,1
controller_comparison,M6_GP_ENHANCED_ENMPC_ROBUST_TRACKING_030_MINUS_M3_GP_ENHANCED_ROBUST_GEOMETRIC_TRACKING,M6_GP_ENHANCED_ENMPC_ROBUST_TRACKING_030,M3_GP_ENHANCED_ROBUST_GEOMETRIC_TRACKING,MU_MANHATTAN_NY_02,P_DIST_FIXED,jerk_p95_mps3,lower,0.6208785525460682,0.9074949896870497,-0.2866164371409815,-31.583252844164065,1
controller_comparison,M6_GP_ENHANCED_ENMPC_ROBUST_TRACKING_030_MINUS_M3_GP_ENHANCED_ROBUST_GEOMETRIC_TRACKING,M6_GP_ENHANCED_ENMPC_ROBUST_TRACKING_030,M3_GP_ENHANCED_ROBUST_GEOMETRIC_TRACKING,MU_MANHATTAN_NY_02,P_DIST_FIXED,jerk_max_mps3,lower,3.165848171947883,2.4344363196569176,0.7314118522909654,30.044402738537947,0
controller_comparison,M6_GP_ENHANCED_ENMPC_ROBUST_TRACKING_030_MINUS_M3_GP_ENHANCED_ROBUST_GEOMETRIC_TRACKING,M6_GP_ENHANCED_ENMPC_ROBUST_TRACKING_030,M3_GP_ENHANCED_ROBUST_GEOMETRIC_TRACKING,MU_MANHATTAN_NY_02,P_DIST_FIXED,robust_compensation_p95_mps2,lower,0.3930408022169485,0.3619784360852824,0.031062366131666075,8.581275301257934,0
controller_comparison,M6_GP_ENHANCED_ENMPC_ROBUST_TRACKING_030_MINUS_M3_GP_ENHANCED_ROBUST_GEOMETRIC_TRACKING,M6_GP_ENHANCED_ENMPC_ROBUST_TRACKING_030,M3_GP_ENHANCED_ROBUST_GEOMETRIC_TRACKING,MU_MANHATTAN_NY_02,P_DIST_FIXED,rotor_command_total_variation_n,lower,3981.5939233443196,1526.6539390835808,2454.939984260739,160.80526970862758,0
controller_comparison,M6_GP_ENHANCED_ENMPC_ROBUST_TRACKING_030_MINUS_M3_GP_ENHANCED_ROBUST_GEOMETRIC_TRACKING,M6_GP_ENHANCED_ENMPC_ROBUST_TRACKING_030,M3_GP_ENHANCED_ROBUST_GEOMETRIC_TRACKING,MU_MANHATTAN_NY_02,P_DIST_FIXED,minimum_per_rotor_margin_n,higher,8.317334558066062,11.95229453576263,-3.6349599776965675,-30.412235632416458,0
controller_comparison,M6_GP_ENHANCED_ENMPC_ROBUST_TRACKING_030_MINUS_M3_GP_ENHANCED_ROBUST_GEOMETRIC_TRACKING,M6_GP_ENHANCED_ENMPC_ROBUST_TRACKING_030,M3_GP_ENHANCED_ROBUST_GEOMETRIC_TRACKING,MU_MANHATTAN_NY_02,P_DIST_FIXED,solver_deadline_miss_count,lower,0.0,0.0,0.0,,0
controller_comparison,M6_GP_ENHANCED_ENMPC_ROBUST_TRACKING_030_MINUS_M3_GP_ENHANCED_ROBUST_GEOMETRIC_TRACKING,M6_GP_ENHANCED_ENMPC_ROBUST_TRACKING_030,M3_GP_ENHANCED_ROBUST_GEOMETRIC_TRACKING,MU_MANHATTAN_NY_02,P_ENERGY_WIND_PAYLOAD,service_corrected_mission_time_s,lower,685.0879999995883,708.1480057482586,-23.060005748670278,-3.256382219745732,1
controller_comparison,M6_GP_ENHANCED_ENMPC_ROBUST_TRACKING_030_MINUS_M3_GP_ENHANCED_ROBUST_GEOMETRIC_TRACKING,M6_GP_ENHANCED_ENMPC_ROBUST_TRACKING_030,M3_GP_ENHANCED_ROBUST_GEOMETRIC_TRACKING,MU_MANHATTAN_NY_02,P_ENERGY_WIND_PAYLOAD,service_corrected_modeled_energy_j,lower,807469.870194841,834286.5472215846,-26816.67702674365,-3.214324516684458,1
controller_comparison,M6_GP_ENHANCED_ENMPC_ROBUST_TRACKING_030_MINUS_M3_GP_ENHANCED_ROBUST_GEOMETRIC_TRACKING,M6_GP_ENHANCED_ENMPC_ROBUST_TRACKING_030,M3_GP_ENHANCED_ROBUST_GEOMETRIC_TRACKING,MU_MANHATTAN_NY_02,P_ENERGY_WIND_PAYLOAD,flight_time_s,lower,573.1199999995883,596.1800057482586,-23.060005748670278,-3.8679602680951923,1
controller_comparison,M6_GP_ENHANCED_ENMPC_ROBUST_TRACKING_030_MINUS_M3_GP_ENHANCED_ROBUST_GEOMETRIC_TRACKING,M6_GP_ENHANCED_ENMPC_ROBUST_TRACKING_030,M3_GP_ENHANCED_ROBUST_GEOMETRIC_TRACKING,MU_MANHATTAN_NY_02,P_ENERGY_WIND_PAYLOAD,service_time_s,lower,111.968,111.968,0.0,0.0,0
controller_comparison,M6_GP_ENHANCED_ENMPC_ROBUST_TRACKING_030_MINUS_M3_GP_ENHANCED_ROBUST_GEOMETRIC_TRACKING,M6_GP_ENHANCED_ENMPC_ROBUST_TRACKING_030,M3_GP_ENHANCED_ROBUST_GEOMETRIC_TRACKING,MU_MANHATTAN_NY_02,P_ENERGY_WIND_PAYLOAD,flight_controller_sensitive_energy_j,lower,699381.9946686216,726198.6716953652,-26816.67702674365,-3.6927466369689315,1
controller_comparison,M6_GP_ENHANCED_ENMPC_ROBUST_TRACKING_030_MINUS_M3_GP_ENHANCED_ROBUST_GEOMETRIC_TRACKING,M6_GP_ENHANCED_ENMPC_ROBUST_TRACKING_030,M3_GP_ENHANCED_ROBUST_GEOMETRIC_TRACKING,MU_MANHATTAN_NY_02,P_ENERGY_WIND_PAYLOAD,service_energy_j,lower,108087.87552621937,108087.87552621937,0.0,0.0,0
controller_comparison,M6_GP_ENHANCED_ENMPC_ROBUST_TRACKING_030_MINUS_M3_GP_ENHANCED_ROBUST_GEOMETRIC_TRACKING,M6_GP_ENHANCED_ENMPC_ROBUST_TRACKING_030,M3_GP_ENHANCED_ROBUST_GEOMETRIC_TRACKING,MU_MANHATTAN_NY_02,P_ENERGY_WIND_PAYLOAD,position_rms_m,lower,0.07748390174738826,0.19007252137339792,-0.11258861962600966,-59.23455890019423,1
controller_comparison,M6_GP_ENHANCED_ENMPC_ROBUST_TRACKING_030_MINUS_M3_GP_ENHANCED_ROBUST_GEOMETRIC_TRACKING,M6_GP_ENHANCED_ENMPC_ROBUST_TRACKING_030,M3_GP_ENHANCED_ROBUST_GEOMETRIC_TRACKING,MU_MANHATTAN_NY_02,P_ENERGY_WIND_PAYLOAD,position_p95_m,lower,0.11899040652962763,0.29698183236433057,-0.17799142583470295,-59.933439166186815,1
controller_comparison,M6_GP_ENHANCED_ENMPC_ROBUST_TRACKING_030_MINUS_M3_GP_ENHANCED_ROBUST_GEOMETRIC_TRACKING,M6_GP_ENHANCED_ENMPC_ROBUST_TRACKING_030,M3_GP_ENHANCED_ROBUST_GEOMETRIC_TRACKING,MU_MANHATTAN_NY_02,P_ENERGY_WIND_PAYLOAD,position_max_m,lower,0.17327853173216734,0.43327572505358775,-0.2599971933214204,-60.00732981042587,1
controller_comparison,M6_GP_ENHANCED_ENMPC_ROBUST_TRACKING_030_MINUS_M3_GP_ENHANCED_ROBUST_GEOMETRIC_TRACKING,M6_GP_ENHANCED_ENMPC_ROBUST_TRACKING_030,M3_GP_ENHANCED_ROBUST_GEOMETRIC_TRACKING,MU_MANHATTAN_NY_02,P_ENERGY_WIND_PAYLOAD,vertical_p95_error_m,lower,0.041236448487453004,0.10655814141527742,-0.06532169292782442,-61.301456707332484,1
controller_comparison,M6_GP_ENHANCED_ENMPC_ROBUST_TRACKING_030_MINUS_M3_GP_ENHANCED_ROBUST_GEOMETRIC_TRACKING,M6_GP_ENHANCED_ENMPC_ROBUST_TRACKING_030,M3_GP_ENHANCED_ROBUST_GEOMETRIC_TRACKING,MU_MANHATTAN_NY_02,P_ENERGY_WIND_PAYLOAD,attitude_p95_rad,lower,0.015391101859985103,0.053257038704666,-0.0378659368446809,-71.10034235035933,1
controller_comparison,M6_GP_ENHANCED_ENMPC_ROBUST_TRACKING_030_MINUS_M3_GP_ENHANCED_ROBUST_GEOMETRIC_TRACKING,M6_GP_ENHANCED_ENMPC_ROBUST_TRACKING_030,M3_GP_ENHANCED_ROBUST_GEOMETRIC_TRACKING,MU_MANHATTAN_NY_02,P_ENERGY_WIND_PAYLOAD,acceleration_p95_mps2,lower,0.7956627047057199,0.8243204638300385,-0.02865775912431867,-3.476531322680767,1
controller_comparison,M6_GP_ENHANCED_ENMPC_ROBUST_TRACKING_030_MINUS_M3_GP_ENHANCED_ROBUST_GEOMETRIC_TRACKING,M6_GP_ENHANCED_ENMPC_ROBUST_TRACKING_030,M3_GP_ENHANCED_ROBUST_GEOMETRIC_TRACKING,MU_MANHATTAN_NY_02,P_ENERGY_WIND_PAYLOAD,acceleration_max_mps2,lower,1.3377678639403985,1.227537699349121,0.11023016459127755,8.979778352202548,0
controller_comparison,M6_GP_ENHANCED_ENMPC_ROBUST_TRACKING_030_MINUS_M3_GP_ENHANCED_ROBUST_GEOMETRIC_TRACKING,M6_GP_ENHANCED_ENMPC_ROBUST_TRACKING_030,M3_GP_ENHANCED_ROBUST_GEOMETRIC_TRACKING,MU_MANHATTAN_NY_02,P_ENERGY_WIND_PAYLOAD,jerk_p95_mps3,lower,0.5786196317560958,0.8427345244768875,-0.2641148927207917,-31.34022459620203,1
controller_comparison,M6_GP_ENHANCED_ENMPC_ROBUST_TRACKING_030_MINUS_M3_GP_ENHANCED_ROBUST_GEOMETRIC_TRACKING,M6_GP_ENHANCED_ENMPC_ROBUST_TRACKING_030,M3_GP_ENHANCED_ROBUST_GEOMETRIC_TRACKING,MU_MANHATTAN_NY_02,P_ENERGY_WIND_PAYLOAD,jerk_max_mps3,lower,3.59972018429216,2.9597918308825193,0.6399283534096405,21.620721657942866,0
controller_comparison,M6_GP_ENHANCED_ENMPC_ROBUST_TRACKING_030_MINUS_M3_GP_ENHANCED_ROBUST_GEOMETRIC_TRACKING,M6_GP_ENHANCED_ENMPC_ROBUST_TRACKING_030,M3_GP_ENHANCED_ROBUST_GEOMETRIC_TRACKING,MU_MANHATTAN_NY_02,P_ENERGY_WIND_PAYLOAD,robust_compensation_p95_mps2,lower,0.38938402308751335,0.3585175591480134,0.030866463939499933,8.609470624772596,0
controller_comparison,M6_GP_ENHANCED_ENMPC_ROBUST_TRACKING_030_MINUS_M3_GP_ENHANCED_ROBUST_GEOMETRIC_TRACKING,M6_GP_ENHANCED_ENMPC_ROBUST_TRACKING_030,M3_GP_ENHANCED_ROBUST_GEOMETRIC_TRACKING,MU_MANHATTAN_NY_02,P_ENERGY_WIND_PAYLOAD,rotor_command_total_variation_n,lower,3540.2159550196534,1600.9675438195973,1939.2484112000561,121.12977672073143,0
controller_comparison,M6_GP_ENHANCED_ENMPC_ROBUST_TRACKING_030_MINUS_M3_GP_ENHANCED_ROBUST_GEOMETRIC_TRACKING,M6_GP_ENHANCED_ENMPC_ROBUST_TRACKING_030,M3_GP_ENHANCED_ROBUST_GEOMETRIC_TRACKING,MU_MANHATTAN_NY_02,P_ENERGY_WIND_PAYLOAD,minimum_per_rotor_margin_n,higher,11.077726480437999,11.9522945335768,-0.8745680531388018,-7.317156138362679,0
controller_comparison,M6_GP_ENHANCED_ENMPC_ROBUST_TRACKING_030_MINUS_M3_GP_ENHANCED_ROBUST_GEOMETRIC_TRACKING,M6_GP_ENHANCED_ENMPC_ROBUST_TRACKING_030,M3_GP_ENHANCED_ROBUST_GEOMETRIC_TRACKING,MU_MANHATTAN_NY_02,P_ENERGY_WIND_PAYLOAD,solver_deadline_miss_count,lower,0.0,0.0,0.0,,0
controller_comparison,M6_GP_ENHANCED_ENMPC_ROBUST_TRACKING_030_MINUS_M3_GP_ENHANCED_ROBUST_GEOMETRIC_TRACKING,M6_GP_ENHANCED_ENMPC_ROBUST_TRACKING_030,M3_GP_ENHANCED_ROBUST_GEOMETRIC_TRACKING,MU_SEATTLE_WA_01,P_DIST_FIXED,service_corrected_mission_time_s,lower,559.607999999698,577.3333729966346,-17.725372996936585,-3.070214511406724,1
controller_comparison,M6_GP_ENHANCED_ENMPC_ROBUST_TRACKING_030_MINUS_M3_GP_ENHANCED_ROBUST_GEOMETRIC_TRACKING,M6_GP_ENHANCED_ENMPC_ROBUST_TRACKING_030,M3_GP_ENHANCED_ROBUST_GEOMETRIC_TRACKING,MU_SEATTLE_WA_01,P_DIST_FIXED,service_corrected_modeled_energy_j,lower,661886.7816674354,683477.2627522355,-21590.481084800093,-3.15891724003506,1
controller_comparison,M6_GP_ENHANCED_ENMPC_ROBUST_TRACKING_030_MINUS_M3_GP_ENHANCED_ROBUST_GEOMETRIC_TRACKING,M6_GP_ENHANCED_ENMPC_ROBUST_TRACKING_030,M3_GP_ENHANCED_ROBUST_GEOMETRIC_TRACKING,MU_SEATTLE_WA_01,P_DIST_FIXED,flight_time_s,lower,447.63999999969803,465.3653729966345,-17.72537299693647,-3.8089153223406376,1
controller_comparison,M6_GP_ENHANCED_ENMPC_ROBUST_TRACKING_030_MINUS_M3_GP_ENHANCED_ROBUST_GEOMETRIC_TRACKING,M6_GP_ENHANCED_ENMPC_ROBUST_TRACKING_030,M3_GP_ENHANCED_ROBUST_GEOMETRIC_TRACKING,MU_SEATTLE_WA_01,P_DIST_FIXED,service_time_s,lower,111.968,111.96800000000006,-5.684341886080802e-14,-5.076755757074163e-14,1
controller_comparison,M6_GP_ENHANCED_ENMPC_ROBUST_TRACKING_030_MINUS_M3_GP_ENHANCED_ROBUST_GEOMETRIC_TRACKING,M6_GP_ENHANCED_ENMPC_ROBUST_TRACKING_030,M3_GP_ENHANCED_ROBUST_GEOMETRIC_TRACKING,MU_SEATTLE_WA_01,P_DIST_FIXED,flight_controller_sensitive_energy_j,lower,554129.0644986331,575719.5455834332,-21590.481084800093,-3.7501733700773237,1
controller_comparison,M6_GP_ENHANCED_ENMPC_ROBUST_TRACKING_030_MINUS_M3_GP_ENHANCED_ROBUST_GEOMETRIC_TRACKING,M6_GP_ENHANCED_ENMPC_ROBUST_TRACKING_030,M3_GP_ENHANCED_ROBUST_GEOMETRIC_TRACKING,MU_SEATTLE_WA_01,P_DIST_FIXED,service_energy_j,lower,107757.71716880225,107757.71716880225,0.0,0.0,0
controller_comparison,M6_GP_ENHANCED_ENMPC_ROBUST_TRACKING_030_MINUS_M3_GP_ENHANCED_ROBUST_GEOMETRIC_TRACKING,M6_GP_ENHANCED_ENMPC_ROBUST_TRACKING_030,M3_GP_ENHANCED_ROBUST_GEOMETRIC_TRACKING,MU_SEATTLE_WA_01,P_DIST_FIXED,position_rms_m,lower,0.08520259730540276,0.20601269158885738,-0.12081009428345461,-58.642063919322574,1
controller_comparison,M6_GP_ENHANCED_ENMPC_ROBUST_TRACKING_030_MINUS_M3_GP_ENHANCED_ROBUST_GEOMETRIC_TRACKING,M6_GP_ENHANCED_ENMPC_ROBUST_TRACKING_030,M3_GP_ENHANCED_ROBUST_GEOMETRIC_TRACKING,MU_SEATTLE_WA_01,P_DIST_FIXED,position_p95_m,lower,0.12930932946954393,0.33286910425299315,-0.20355977478344922,-61.1530995765639,1
controller_comparison,M6_GP_ENHANCED_ENMPC_ROBUST_TRACKING_030_MINUS_M3_GP_ENHANCED_ROBUST_GEOMETRIC_TRACKING,M6_GP_ENHANCED_ENMPC_ROBUST_TRACKING_030,M3_GP_ENHANCED_ROBUST_GEOMETRIC_TRACKING,MU_SEATTLE_WA_01,P_DIST_FIXED,position_max_m,lower,0.16948571257973372,0.5549679803661322,-0.38548226778639844,-69.46027183984238,1
controller_comparison,M6_GP_ENHANCED_ENMPC_ROBUST_TRACKING_030_MINUS_M3_GP_ENHANCED_ROBUST_GEOMETRIC_TRACKING,M6_GP_ENHANCED_ENMPC_ROBUST_TRACKING_030,M3_GP_ENHANCED_ROBUST_GEOMETRIC_TRACKING,MU_SEATTLE_WA_01,P_DIST_FIXED,vertical_p95_error_m,lower,0.04919078430151025,0.08079279518886828,-0.031602010887358034,-39.114887427130625,1
controller_comparison,M6_GP_ENHANCED_ENMPC_ROBUST_TRACKING_030_MINUS_M3_GP_ENHANCED_ROBUST_GEOMETRIC_TRACKING,M6_GP_ENHANCED_ENMPC_ROBUST_TRACKING_030,M3_GP_ENHANCED_ROBUST_GEOMETRIC_TRACKING,MU_SEATTLE_WA_01,P_DIST_FIXED,attitude_p95_rad,lower,0.014827751621772982,0.05266310963100445,-0.03783535800923147,-71.84413961563065,1
controller_comparison,M6_GP_ENHANCED_ENMPC_ROBUST_TRACKING_030_MINUS_M3_GP_ENHANCED_ROBUST_GEOMETRIC_TRACKING,M6_GP_ENHANCED_ENMPC_ROBUST_TRACKING_030,M3_GP_ENHANCED_ROBUST_GEOMETRIC_TRACKING,MU_SEATTLE_WA_01,P_DIST_FIXED,acceleration_p95_mps2,lower,1.121770694431689,1.1375577834150594,-0.015787088983370445,-1.3878054559985573,1
controller_comparison,M6_GP_ENHANCED_ENMPC_ROBUST_TRACKING_030_MINUS_M3_GP_ENHANCED_ROBUST_GEOMETRIC_TRACKING,M6_GP_ENHANCED_ENMPC_ROBUST_TRACKING_030,M3_GP_ENHANCED_ROBUST_GEOMETRIC_TRACKING,MU_SEATTLE_WA_01,P_DIST_FIXED,acceleration_max_mps2,lower,1.4796591215397572,1.514627566846523,-0.034968445306765794,-2.308715757733805,1
controller_comparison,M6_GP_ENHANCED_ENMPC_ROBUST_TRACKING_030_MINUS_M3_GP_ENHANCED_ROBUST_GEOMETRIC_TRACKING,M6_GP_ENHANCED_ENMPC_ROBUST_TRACKING_030,M3_GP_ENHANCED_ROBUST_GEOMETRIC_TRACKING,MU_SEATTLE_WA_01,P_DIST_FIXED,jerk_p95_mps3,lower,0.5511479852900442,0.8664310646460366,-0.3152830793559924,-36.38870906421103,1
controller_comparison,M6_GP_ENHANCED_ENMPC_ROBUST_TRACKING_030_MINUS_M3_GP_ENHANCED_ROBUST_GEOMETRIC_TRACKING,M6_GP_ENHANCED_ENMPC_ROBUST_TRACKING_030,M3_GP_ENHANCED_ROBUST_GEOMETRIC_TRACKING,MU_SEATTLE_WA_01,P_DIST_FIXED,jerk_max_mps3,lower,2.1690935001939082,1.6583128015537643,0.510780698640144,30.80122749830825,0
controller_comparison,M6_GP_ENHANCED_ENMPC_ROBUST_TRACKING_030_MINUS_M3_GP_ENHANCED_ROBUST_GEOMETRIC_TRACKING,M6_GP_ENHANCED_ENMPC_ROBUST_TRACKING_030,M3_GP_ENHANCED_ROBUST_GEOMETRIC_TRACKING,MU_SEATTLE_WA_01,P_DIST_FIXED,robust_compensation_p95_mps2,lower,0.3009978607866941,0.3205795011508442,-0.01958164036415011,-6.108201021541999,1
controller_comparison,M6_GP_ENHANCED_ENMPC_ROBUST_TRACKING_030_MINUS_M3_GP_ENHANCED_ROBUST_GEOMETRIC_TRACKING,M6_GP_ENHANCED_ENMPC_ROBUST_TRACKING_030,M3_GP_ENHANCED_ROBUST_GEOMETRIC_TRACKING,MU_SEATTLE_WA_01,P_DIST_FIXED,rotor_command_total_variation_n,lower,2679.8598205607723,1210.2235683643034,1469.6362521964688,121.43510427439274,0
controller_comparison,M6_GP_ENHANCED_ENMPC_ROBUST_TRACKING_030_MINUS_M3_GP_ENHANCED_ROBUST_GEOMETRIC_TRACKING,M6_GP_ENHANCED_ENMPC_ROBUST_TRACKING_030,M3_GP_ENHANCED_ROBUST_GEOMETRIC_TRACKING,MU_SEATTLE_WA_01,P_DIST_FIXED,minimum_per_rotor_margin_n,higher,9.678320219772605,11.970816454704547,-2.292496234931942,-19.150709089946726,0
controller_comparison,M6_GP_ENHANCED_ENMPC_ROBUST_TRACKING_030_MINUS_M3_GP_ENHANCED_ROBUST_GEOMETRIC_TRACKING,M6_GP_ENHANCED_ENMPC_ROBUST_TRACKING_030,M3_GP_ENHANCED_ROBUST_GEOMETRIC_TRACKING,MU_SEATTLE_WA_01,P_DIST_FIXED,solver_deadline_miss_count,lower,0.0,0.0,0.0,,0
controller_comparison,M6_GP_ENHANCED_ENMPC_ROBUST_TRACKING_030_MINUS_M3_GP_ENHANCED_ROBUST_GEOMETRIC_TRACKING,M6_GP_ENHANCED_ENMPC_ROBUST_TRACKING_030,M3_GP_ENHANCED_ROBUST_GEOMETRIC_TRACKING,MU_SEATTLE_WA_01,P_ENERGY_WIND_PAYLOAD,service_corrected_mission_time_s,lower,553.7879999997033,573.4335403604537,-19.645540360750374,-3.425948951015564,1
controller_comparison,M6_GP_ENHANCED_ENMPC_ROBUST_TRACKING_030_MINUS_M3_GP_ENHANCED_ROBUST_GEOMETRIC_TRACKING,M6_GP_ENHANCED_ENMPC_ROBUST_TRACKING_030,M3_GP_ENHANCED_ROBUST_GEOMETRIC_TRACKING,MU_SEATTLE_WA_01,P_ENERGY_WIND_PAYLOAD,service_corrected_modeled_energy_j,lower,654445.7500484717,678293.2907113369,-23847.540662865154,-3.5158155018540524,1
controller_comparison,M6_GP_ENHANCED_ENMPC_ROBUST_TRACKING_030_MINUS_M3_GP_ENHANCED_ROBUST_GEOMETRIC_TRACKING,M6_GP_ENHANCED_ENMPC_ROBUST_TRACKING_030,M3_GP_ENHANCED_ROBUST_GEOMETRIC_TRACKING,MU_SEATTLE_WA_01,P_ENERGY_WIND_PAYLOAD,flight_time_s,lower,441.8199999997033,461.4655403604536,-19.64554036075026,-4.257206365919545,1
controller_comparison,M6_GP_ENHANCED_ENMPC_ROBUST_TRACKING_030_MINUS_M3_GP_ENHANCED_ROBUST_GEOMETRIC_TRACKING,M6_GP_ENHANCED_ENMPC_ROBUST_TRACKING_030,M3_GP_ENHANCED_ROBUST_GEOMETRIC_TRACKING,MU_SEATTLE_WA_01,P_ENERGY_WIND_PAYLOAD,service_time_s,lower,111.968,111.96800000000006,-5.684341886080802e-14,-5.076755757074163e-14,1
controller_comparison,M6_GP_ENHANCED_ENMPC_ROBUST_TRACKING_030_MINUS_M3_GP_ENHANCED_ROBUST_GEOMETRIC_TRACKING,M6_GP_ENHANCED_ENMPC_ROBUST_TRACKING_030,M3_GP_ENHANCED_ROBUST_GEOMETRIC_TRACKING,MU_SEATTLE_WA_01,P_ENERGY_WIND_PAYLOAD,flight_controller_sensitive_energy_j,lower,546688.0328796695,570535.5735425346,-23847.540662865154,-4.179851663725797,1
controller_comparison,M6_GP_ENHANCED_ENMPC_ROBUST_TRACKING_030_MINUS_M3_GP_ENHANCED_ROBUST_GEOMETRIC_TRACKING,M6_GP_ENHANCED_ENMPC_ROBUST_TRACKING_030,M3_GP_ENHANCED_ROBUST_GEOMETRIC_TRACKING,MU_SEATTLE_WA_01,P_ENERGY_WIND_PAYLOAD,service_energy_j,lower,107757.71716880225,107757.71716880225,0.0,0.0,0
controller_comparison,M6_GP_ENHANCED_ENMPC_ROBUST_TRACKING_030_MINUS_M3_GP_ENHANCED_ROBUST_GEOMETRIC_TRACKING,M6_GP_ENHANCED_ENMPC_ROBUST_TRACKING_030,M3_GP_ENHANCED_ROBUST_GEOMETRIC_TRACKING,MU_SEATTLE_WA_01,P_ENERGY_WIND_PAYLOAD,position_rms_m,lower,0.08611098399395539,0.19728663049655876,-0.11117564650260336,-56.35234694960366,1
controller_comparison,M6_GP_ENHANCED_ENMPC_ROBUST_TRACKING_030_MINUS_M3_GP_ENHANCED_ROBUST_GEOMETRIC_TRACKING,M6_GP_ENHANCED_ENMPC_ROBUST_TRACKING_030,M3_GP_ENHANCED_ROBUST_GEOMETRIC_TRACKING,MU_SEATTLE_WA_01,P_ENERGY_WIND_PAYLOAD,position_p95_m,lower,0.13505743720936272,0.3176372460858457,-0.18257980887648298,-57.480604408444705,1
controller_comparison,M6_GP_ENHANCED_ENMPC_ROBUST_TRACKING_030_MINUS_M3_GP_ENHANCED_ROBUST_GEOMETRIC_TRACKING,M6_GP_ENHANCED_ENMPC_ROBUST_TRACKING_030,M3_GP_ENHANCED_ROBUST_GEOMETRIC_TRACKING,MU_SEATTLE_WA_01,P_ENERGY_WIND_PAYLOAD,position_max_m,lower,0.19804930222833267,0.5353168052401223,-0.3372675030117896,-63.00334674912822,1
controller_comparison,M6_GP_ENHANCED_ENMPC_ROBUST_TRACKING_030_MINUS_M3_GP_ENHANCED_ROBUST_GEOMETRIC_TRACKING,M6_GP_ENHANCED_ENMPC_ROBUST_TRACKING_030,M3_GP_ENHANCED_ROBUST_GEOMETRIC_TRACKING,MU_SEATTLE_WA_01,P_ENERGY_WIND_PAYLOAD,vertical_p95_error_m,lower,0.04457216418751209,0.08079837313248817,-0.03622620894497608,-44.83531974780555,1
controller_comparison,M6_GP_ENHANCED_ENMPC_ROBUST_TRACKING_030_MINUS_M3_GP_ENHANCED_ROBUST_GEOMETRIC_TRACKING,M6_GP_ENHANCED_ENMPC_ROBUST_TRACKING_030,M3_GP_ENHANCED_ROBUST_GEOMETRIC_TRACKING,MU_SEATTLE_WA_01,P_ENERGY_WIND_PAYLOAD,attitude_p95_rad,lower,0.014887763520907206,0.04935526489539562,-0.03446750137448842,-69.83551085692564,1
controller_comparison,M6_GP_ENHANCED_ENMPC_ROBUST_TRACKING_030_MINUS_M3_GP_ENHANCED_ROBUST_GEOMETRIC_TRACKING,M6_GP_ENHANCED_ENMPC_ROBUST_TRACKING_030,M3_GP_ENHANCED_ROBUST_GEOMETRIC_TRACKING,MU_SEATTLE_WA_01,P_ENERGY_WIND_PAYLOAD,acceleration_p95_mps2,lower,1.0606014643276054,1.0514070157689686,0.009194448558636825,0.8744899378393697,0
controller_comparison,M6_GP_ENHANCED_ENMPC_ROBUST_TRACKING_030_MINUS_M3_GP_ENHANCED_ROBUST_GEOMETRIC_TRACKING,M6_GP_ENHANCED_ENMPC_ROBUST_TRACKING_030,M3_GP_ENHANCED_ROBUST_GEOMETRIC_TRACKING,MU_SEATTLE_WA_01,P_ENERGY_WIND_PAYLOAD,acceleration_max_mps2,lower,1.3759799295180404,1.5531682808012306,-0.17718835128319022,-11.408187604229486,1
controller_comparison,M6_GP_ENHANCED_ENMPC_ROBUST_TRACKING_030_MINUS_M3_GP_ENHANCED_ROBUST_GEOMETRIC_TRACKING,M6_GP_ENHANCED_ENMPC_ROBUST_TRACKING_030,M3_GP_ENHANCED_ROBUST_GEOMETRIC_TRACKING,MU_SEATTLE_WA_01,P_ENERGY_WIND_PAYLOAD,jerk_p95_mps3,lower,0.5399841069343269,0.8213027472810924,-0.28131864034676557,-34.252733389491965,1
controller_comparison,M6_GP_ENHANCED_ENMPC_ROBUST_TRACKING_030_MINUS_M3_GP_ENHANCED_ROBUST_GEOMETRIC_TRACKING,M6_GP_ENHANCED_ENMPC_ROBUST_TRACKING_030,M3_GP_ENHANCED_ROBUST_GEOMETRIC_TRACKING,MU_SEATTLE_WA_01,P_ENERGY_WIND_PAYLOAD,jerk_max_mps3,lower,2.3783510555898157,1.789382511203267,0.5889685443865487,32.91462505635521,0
controller_comparison,M6_GP_ENHANCED_ENMPC_ROBUST_TRACKING_030_MINUS_M3_GP_ENHANCED_ROBUST_GEOMETRIC_TRACKING,M6_GP_ENHANCED_ENMPC_ROBUST_TRACKING_030,M3_GP_ENHANCED_ROBUST_GEOMETRIC_TRACKING,MU_SEATTLE_WA_01,P_ENERGY_WIND_PAYLOAD,robust_compensation_p95_mps2,lower,0.2998671471445268,0.31640508217334173,-0.016537935028814954,-5.226823448984517,1
controller_comparison,M6_GP_ENHANCED_ENMPC_ROBUST_TRACKING_030_MINUS_M3_GP_ENHANCED_ROBUST_GEOMETRIC_TRACKING,M6_GP_ENHANCED_ENMPC_ROBUST_TRACKING_030,M3_GP_ENHANCED_ROBUST_GEOMETRIC_TRACKING,MU_SEATTLE_WA_01,P_ENERGY_WIND_PAYLOAD,rotor_command_total_variation_n,lower,2570.771626033286,1196.5469958737697,1374.2246301595162,114.84919814252667,0
controller_comparison,M6_GP_ENHANCED_ENMPC_ROBUST_TRACKING_030_MINUS_M3_GP_ENHANCED_ROBUST_GEOMETRIC_TRACKING,M6_GP_ENHANCED_ENMPC_ROBUST_TRACKING_030,M3_GP_ENHANCED_ROBUST_GEOMETRIC_TRACKING,MU_SEATTLE_WA_01,P_ENERGY_WIND_PAYLOAD,minimum_per_rotor_margin_n,higher,11.262569858311466,11.956656087184609,-0.6940862288731431,-5.805019595880817,0
controller_comparison,M6_GP_ENHANCED_ENMPC_ROBUST_TRACKING_030_MINUS_M3_GP_ENHANCED_ROBUST_GEOMETRIC_TRACKING,M6_GP_ENHANCED_ENMPC_ROBUST_TRACKING_030,M3_GP_ENHANCED_ROBUST_GEOMETRIC_TRACKING,MU_SEATTLE_WA_01,P_ENERGY_WIND_PAYLOAD,solver_deadline_miss_count,lower,0.0,0.0,0.0,,0
controller_comparison,M6_GP_ENHANCED_ENMPC_ROBUST_TRACKING_030_MINUS_M3_GP_ENHANCED_ROBUST_GEOMETRIC_TRACKING,M6_GP_ENHANCED_ENMPC_ROBUST_TRACKING_030,M3_GP_ENHANCED_ROBUST_GEOMETRIC_TRACKING,MU_SEATTLE_WA_02,P_DIST_FIXED,service_corrected_mission_time_s,lower,729.1879999995534,754.7362498260645,-25.548249826511096,-3.3850566780645437,1
controller_comparison,M6_GP_ENHANCED_ENMPC_ROBUST_TRACKING_030_MINUS_M3_GP_ENHANCED_ROBUST_GEOMETRIC_TRACKING,M6_GP_ENHANCED_ENMPC_ROBUST_TRACKING_030,M3_GP_ENHANCED_ROBUST_GEOMETRIC_TRACKING,MU_SEATTLE_WA_02,P_DIST_FIXED,service_corrected_modeled_energy_j,lower,873842.2440328405,904667.460503955,-30825.216471114545,-3.4073532891238307,1
controller_comparison,M6_GP_ENHANCED_ENMPC_ROBUST_TRACKING_030_MINUS_M3_GP_ENHANCED_ROBUST_GEOMETRIC_TRACKING,M6_GP_ENHANCED_ENMPC_ROBUST_TRACKING_030,M3_GP_ENHANCED_ROBUST_GEOMETRIC_TRACKING,MU_SEATTLE_WA_02,P_DIST_FIXED,flight_time_s,lower,617.2199999995535,642.7682498260646,-25.548249826511096,-3.9747218120099346,1
controller_comparison,M6_GP_ENHANCED_ENMPC_ROBUST_TRACKING_030_MINUS_M3_GP_ENHANCED_ROBUST_GEOMETRIC_TRACKING,M6_GP_ENHANCED_ENMPC_ROBUST_TRACKING_030,M3_GP_ENHANCED_ROBUST_GEOMETRIC_TRACKING,MU_SEATTLE_WA_02,P_DIST_FIXED,service_time_s,lower,111.968,111.96799999999998,2.842170943040401e-14,2.5383778785370833e-14,0
controller_comparison,M6_GP_ENHANCED_ENMPC_ROBUST_TRACKING_030_MINUS_M3_GP_ENHANCED_ROBUST_GEOMETRIC_TRACKING,M6_GP_ENHANCED_ENMPC_ROBUST_TRACKING_030,M3_GP_ENHANCED_ROBUST_GEOMETRIC_TRACKING,MU_SEATTLE_WA_02,P_DIST_FIXED,flight_controller_sensitive_energy_j,lower,766209.8392717263,797035.0557428409,-30825.216471114545,-3.867485658128962,1
controller_comparison,M6_GP_ENHANCED_ENMPC_ROBUST_TRACKING_030_MINUS_M3_GP_ENHANCED_ROBUST_GEOMETRIC_TRACKING,M6_GP_ENHANCED_ENMPC_ROBUST_TRACKING_030,M3_GP_ENHANCED_ROBUST_GEOMETRIC_TRACKING,MU_SEATTLE_WA_02,P_DIST_FIXED,service_energy_j,lower,107632.40476111413,107632.40476111413,0.0,0.0,0
controller_comparison,M6_GP_ENHANCED_ENMPC_ROBUST_TRACKING_030_MINUS_M3_GP_ENHANCED_ROBUST_GEOMETRIC_TRACKING,M6_GP_ENHANCED_ENMPC_ROBUST_TRACKING_030,M3_GP_ENHANCED_ROBUST_GEOMETRIC_TRACKING,MU_SEATTLE_WA_02,P_DIST_FIXED,position_rms_m,lower,0.14443929398524588,0.2843878360297934,-0.1399485420445475,-49.210452879526834,1
controller_comparison,M6_GP_ENHANCED_ENMPC_ROBUST_TRACKING_030_MINUS_M3_GP_ENHANCED_ROBUST_GEOMETRIC_TRACKING,M6_GP_ENHANCED_ENMPC_ROBUST_TRACKING_030,M3_GP_ENHANCED_ROBUST_GEOMETRIC_TRACKING,MU_SEATTLE_WA_02,P_DIST_FIXED,position_p95_m,lower,0.20594752107765418,0.4826952838803336,-0.27674776280267943,-57.33384436200308,1
controller_comparison,M6_GP_ENHANCED_ENMPC_ROBUST_TRACKING_030_MINUS_M3_GP_ENHANCED_ROBUST_GEOMETRIC_TRACKING,M6_GP_ENHANCED_ENMPC_ROBUST_TRACKING_030,M3_GP_ENHANCED_ROBUST_GEOMETRIC_TRACKING,MU_SEATTLE_WA_02,P_DIST_FIXED,position_max_m,lower,0.4695109618136482,0.7715527767101987,-0.3020418148965505,-39.147265619912325,1
controller_comparison,M6_GP_ENHANCED_ENMPC_ROBUST_TRACKING_030_MINUS_M3_GP_ENHANCED_ROBUST_GEOMETRIC_TRACKING,M6_GP_ENHANCED_ENMPC_ROBUST_TRACKING_030,M3_GP_ENHANCED_ROBUST_GEOMETRIC_TRACKING,MU_SEATTLE_WA_02,P_DIST_FIXED,vertical_p95_error_m,lower,0.04007483772733522,0.10956348719832398,-0.06948864947098876,-63.42318161634029,1
controller_comparison,M6_GP_ENHANCED_ENMPC_ROBUST_TRACKING_030_MINUS_M3_GP_ENHANCED_ROBUST_GEOMETRIC_TRACKING,M6_GP_ENHANCED_ENMPC_ROBUST_TRACKING_030,M3_GP_ENHANCED_ROBUST_GEOMETRIC_TRACKING,MU_SEATTLE_WA_02,P_DIST_FIXED,attitude_p95_rad,lower,0.02190515981548231,0.06025930322642218,-0.03835414341093987,-63.64850132240253,1
controller_comparison,M6_GP_ENHANCED_ENMPC_ROBUST_TRACKING_030_MINUS_M3_GP_ENHANCED_ROBUST_GEOMETRIC_TRACKING,M6_GP_ENHANCED_ENMPC_ROBUST_TRACKING_030,M3_GP_ENHANCED_ROBUST_GEOMETRIC_TRACKING,MU_SEATTLE_WA_02,P_DIST_FIXED,acceleration_p95_mps2,lower,1.2049017548335577,1.1984652436507948,0.006436511182762894,0.5370628157021753,0
controller_comparison,M6_GP_ENHANCED_ENMPC_ROBUST_TRACKING_030_MINUS_M3_GP_ENHANCED_ROBUST_GEOMETRIC_TRACKING,M6_GP_ENHANCED_ENMPC_ROBUST_TRACKING_030,M3_GP_ENHANCED_ROBUST_GEOMETRIC_TRACKING,MU_SEATTLE_WA_02,P_DIST_FIXED,acceleration_max_mps2,lower,1.817371717195426,2.0266038169771394,-0.20923209978171342,-10.324272461590533,1
controller_comparison,M6_GP_ENHANCED_ENMPC_ROBUST_TRACKING_030_MINUS_M3_GP_ENHANCED_ROBUST_GEOMETRIC_TRACKING,M6_GP_ENHANCED_ENMPC_ROBUST_TRACKING_030,M3_GP_ENHANCED_ROBUST_GEOMETRIC_TRACKING,MU_SEATTLE_WA_02,P_DIST_FIXED,jerk_p95_mps3,lower,0.7568764793380227,0.961612280390748,-0.20473580105272526,-21.290888773751053,1
controller_comparison,M6_GP_ENHANCED_ENMPC_ROBUST_TRACKING_030_MINUS_M3_GP_ENHANCED_ROBUST_GEOMETRIC_TRACKING,M6_GP_ENHANCED_ENMPC_ROBUST_TRACKING_030,M3_GP_ENHANCED_ROBUST_GEOMETRIC_TRACKING,MU_SEATTLE_WA_02,P_DIST_FIXED,jerk_max_mps3,lower,6.439206475791178,2.243826097826958,4.19538037796422,186.9743997552775,0
controller_comparison,M6_GP_ENHANCED_ENMPC_ROBUST_TRACKING_030_MINUS_M3_GP_ENHANCED_ROBUST_GEOMETRIC_TRACKING,M6_GP_ENHANCED_ENMPC_ROBUST_TRACKING_030,M3_GP_ENHANCED_ROBUST_GEOMETRIC_TRACKING,MU_SEATTLE_WA_02,P_DIST_FIXED,robust_compensation_p95_mps2,lower,0.3550533350750655,0.3573406657199928,-0.00228733064492731,-0.6400980533012246,1
controller_comparison,M6_GP_ENHANCED_ENMPC_ROBUST_TRACKING_030_MINUS_M3_GP_ENHANCED_ROBUST_GEOMETRIC_TRACKING,M6_GP_ENHANCED_ENMPC_ROBUST_TRACKING_030,M3_GP_ENHANCED_ROBUST_GEOMETRIC_TRACKING,MU_SEATTLE_WA_02,P_DIST_FIXED,rotor_command_total_variation_n,lower,4332.196959172315,1612.4727639420864,2719.7241952302284,168.66791526953878,0
controller_comparison,M6_GP_ENHANCED_ENMPC_ROBUST_TRACKING_030_MINUS_M3_GP_ENHANCED_ROBUST_GEOMETRIC_TRACKING,M6_GP_ENHANCED_ENMPC_ROBUST_TRACKING_030,M3_GP_ENHANCED_ROBUST_GEOMETRIC_TRACKING,MU_SEATTLE_WA_02,P_DIST_FIXED,minimum_per_rotor_margin_n,higher,5.302170951396313,11.495817569674752,-6.193646618278439,-53.877391327232715,0
controller_comparison,M6_GP_ENHANCED_ENMPC_ROBUST_TRACKING_030_MINUS_M3_GP_ENHANCED_ROBUST_GEOMETRIC_TRACKING,M6_GP_ENHANCED_ENMPC_ROBUST_TRACKING_030,M3_GP_ENHANCED_ROBUST_GEOMETRIC_TRACKING,MU_SEATTLE_WA_02,P_DIST_FIXED,solver_deadline_miss_count,lower,0.0,0.0,0.0,,0
controller_comparison,M6_GP_ENHANCED_ENMPC_ROBUST_TRACKING_030_MINUS_M3_GP_ENHANCED_ROBUST_GEOMETRIC_TRACKING,M6_GP_ENHANCED_ENMPC_ROBUST_TRACKING_030,M3_GP_ENHANCED_ROBUST_GEOMETRIC_TRACKING,MU_SEATTLE_WA_02,P_ENERGY_WIND_PAYLOAD,service_corrected_mission_time_s,lower,716.3979999995653,741.5338824861113,-25.135882486546052,-3.389714628045582,1
controller_comparison,M6_GP_ENHANCED_ENMPC_ROBUST_TRACKING_030_MINUS_M3_GP_ENHANCED_ROBUST_GEOMETRIC_TRACKING,M6_GP_ENHANCED_ENMPC_ROBUST_TRACKING_030,M3_GP_ENHANCED_ROBUST_GEOMETRIC_TRACKING,MU_SEATTLE_WA_02,P_ENERGY_WIND_PAYLOAD,service_corrected_modeled_energy_j,lower,858139.1922346294,888232.3983006143,-30093.20606598491,-3.387987887354693,1
controller_comparison,M6_GP_ENHANCED_ENMPC_ROBUST_TRACKING_030_MINUS_M3_GP_ENHANCED_ROBUST_GEOMETRIC_TRACKING,M6_GP_ENHANCED_ENMPC_ROBUST_TRACKING_030,M3_GP_ENHANCED_ROBUST_GEOMETRIC_TRACKING,MU_SEATTLE_WA_02,P_ENERGY_WIND_PAYLOAD,flight_time_s,lower,604.4299999995653,629.5658824861114,-25.135882486546052,-3.992573801376628,1
controller_comparison,M6_GP_ENHANCED_ENMPC_ROBUST_TRACKING_030_MINUS_M3_GP_ENHANCED_ROBUST_GEOMETRIC_TRACKING,M6_GP_ENHANCED_ENMPC_ROBUST_TRACKING_030,M3_GP_ENHANCED_ROBUST_GEOMETRIC_TRACKING,MU_SEATTLE_WA_02,P_ENERGY_WIND_PAYLOAD,service_time_s,lower,111.968,111.96799999999998,2.842170943040401e-14,2.5383778785370833e-14,0
controller_comparison,M6_GP_ENHANCED_ENMPC_ROBUST_TRACKING_030_MINUS_M3_GP_ENHANCED_ROBUST_GEOMETRIC_TRACKING,M6_GP_ENHANCED_ENMPC_ROBUST_TRACKING_030,M3_GP_ENHANCED_ROBUST_GEOMETRIC_TRACKING,MU_SEATTLE_WA_02,P_ENERGY_WIND_PAYLOAD,flight_controller_sensitive_energy_j,lower,750506.7874735153,780599.9935395002,-30093.20606598491,-3.855137883044592,1
controller_comparison,M6_GP_ENHANCED_ENMPC_ROBUST_TRACKING_030_MINUS_M3_GP_ENHANCED_ROBUST_GEOMETRIC_TRACKING,M6_GP_ENHANCED_ENMPC_ROBUST_TRACKING_030,M3_GP_ENHANCED_ROBUST_GEOMETRIC_TRACKING,MU_SEATTLE_WA_02,P_ENERGY_WIND_PAYLOAD,service_energy_j,lower,107632.40476111413,107632.40476111413,0.0,0.0,0
controller_comparison,M6_GP_ENHANCED_ENMPC_ROBUST_TRACKING_030_MINUS_M3_GP_ENHANCED_ROBUST_GEOMETRIC_TRACKING,M6_GP_ENHANCED_ENMPC_ROBUST_TRACKING_030,M3_GP_ENHANCED_ROBUST_GEOMETRIC_TRACKING,MU_SEATTLE_WA_02,P_ENERGY_WIND_PAYLOAD,position_rms_m,lower,0.14427695169036833,0.28049994199612466,-0.13622299030575633,-48.5643559625543,1
controller_comparison,M6_GP_ENHANCED_ENMPC_ROBUST_TRACKING_030_MINUS_M3_GP_ENHANCED_ROBUST_GEOMETRIC_TRACKING,M6_GP_ENHANCED_ENMPC_ROBUST_TRACKING_030,M3_GP_ENHANCED_ROBUST_GEOMETRIC_TRACKING,MU_SEATTLE_WA_02,P_ENERGY_WIND_PAYLOAD,position_p95_m,lower,0.24900838760057306,0.4595454537127796,-0.21053706611220654,-45.814198445708975,1
controller_comparison,M6_GP_ENHANCED_ENMPC_ROBUST_TRACKING_030_MINUS_M3_GP_ENHANCED_ROBUST_GEOMETRIC_TRACKING,M6_GP_ENHANCED_ENMPC_ROBUST_TRACKING_030,M3_GP_ENHANCED_ROBUST_GEOMETRIC_TRACKING,MU_SEATTLE_WA_02,P_ENERGY_WIND_PAYLOAD,position_max_m,lower,0.3590578062798806,0.7715527767101987,-0.41249497043031813,-53.4629623379937,1
controller_comparison,M6_GP_ENHANCED_ENMPC_ROBUST_TRACKING_030_MINUS_M3_GP_ENHANCED_ROBUST_GEOMETRIC_TRACKING,M6_GP_ENHANCED_ENMPC_ROBUST_TRACKING_030,M3_GP_ENHANCED_ROBUST_GEOMETRIC_TRACKING,MU_SEATTLE_WA_02,P_ENERGY_WIND_PAYLOAD,vertical_p95_error_m,lower,0.034511983096301435,0.10984273734506012,-0.07533075424875868,-68.58055076697019,1
controller_comparison,M6_GP_ENHANCED_ENMPC_ROBUST_TRACKING_030_MINUS_M3_GP_ENHANCED_ROBUST_GEOMETRIC_TRACKING,M6_GP_ENHANCED_ENMPC_ROBUST_TRACKING_030,M3_GP_ENHANCED_ROBUST_GEOMETRIC_TRACKING,MU_SEATTLE_WA_02,P_ENERGY_WIND_PAYLOAD,attitude_p95_rad,lower,0.020993663061681756,0.05737312132633336,-0.03637945826465161,-63.408539440844415,1
controller_comparison,M6_GP_ENHANCED_ENMPC_ROBUST_TRACKING_030_MINUS_M3_GP_ENHANCED_ROBUST_GEOMETRIC_TRACKING,M6_GP_ENHANCED_ENMPC_ROBUST_TRACKING_030,M3_GP_ENHANCED_ROBUST_GEOMETRIC_TRACKING,MU_SEATTLE_WA_02,P_ENERGY_WIND_PAYLOAD,acceleration_p95_mps2,lower,1.1232603621486381,1.1223390048741768,0.0009213572744612986,0.0820926004050434,0
controller_comparison,M6_GP_ENHANCED_ENMPC_ROBUST_TRACKING_030_MINUS_M3_GP_ENHANCED_ROBUST_GEOMETRIC_TRACKING,M6_GP_ENHANCED_ENMPC_ROBUST_TRACKING_030,M3_GP_ENHANCED_ROBUST_GEOMETRIC_TRACKING,MU_SEATTLE_WA_02,P_ENERGY_WIND_PAYLOAD,acceleration_max_mps2,lower,1.7972773639740085,2.0266038169771394,-0.22932645300313093,-11.315800902082174,1
controller_comparison,M6_GP_ENHANCED_ENMPC_ROBUST_TRACKING_030_MINUS_M3_GP_ENHANCED_ROBUST_GEOMETRIC_TRACKING,M6_GP_ENHANCED_ENMPC_ROBUST_TRACKING_030,M3_GP_ENHANCED_ROBUST_GEOMETRIC_TRACKING,MU_SEATTLE_WA_02,P_ENERGY_WIND_PAYLOAD,jerk_p95_mps3,lower,0.6123648108031953,0.9280212791836713,-0.315656468380476,-34.013925699865574,1
controller_comparison,M6_GP_ENHANCED_ENMPC_ROBUST_TRACKING_030_MINUS_M3_GP_ENHANCED_ROBUST_GEOMETRIC_TRACKING,M6_GP_ENHANCED_ENMPC_ROBUST_TRACKING_030,M3_GP_ENHANCED_ROBUST_GEOMETRIC_TRACKING,MU_SEATTLE_WA_02,P_ENERGY_WIND_PAYLOAD,jerk_max_mps3,lower,4.93423491129846,2.228109890275122,2.706125021023338,121.45383999391483,0
controller_comparison,M6_GP_ENHANCED_ENMPC_ROBUST_TRACKING_030_MINUS_M3_GP_ENHANCED_ROBUST_GEOMETRIC_TRACKING,M6_GP_ENHANCED_ENMPC_ROBUST_TRACKING_030,M3_GP_ENHANCED_ROBUST_GEOMETRIC_TRACKING,MU_SEATTLE_WA_02,P_ENERGY_WIND_PAYLOAD,robust_compensation_p95_mps2,lower,0.3553057120871946,0.35735381720821136,-0.0020481051210167744,-0.5731308922393435,1
controller_comparison,M6_GP_ENHANCED_ENMPC_ROBUST_TRACKING_030_MINUS_M3_GP_ENHANCED_ROBUST_GEOMETRIC_TRACKING,M6_GP_ENHANCED_ENMPC_ROBUST_TRACKING_030,M3_GP_ENHANCED_ROBUST_GEOMETRIC_TRACKING,MU_SEATTLE_WA_02,P_ENERGY_WIND_PAYLOAD,rotor_command_total_variation_n,lower,3527.439110733483,1581.0309573648742,1946.408153368609,123.11005956598812,0
controller_comparison,M6_GP_ENHANCED_ENMPC_ROBUST_TRACKING_030_MINUS_M3_GP_ENHANCED_ROBUST_GEOMETRIC_TRACKING,M6_GP_ENHANCED_ENMPC_ROBUST_TRACKING_030,M3_GP_ENHANCED_ROBUST_GEOMETRIC_TRACKING,MU_SEATTLE_WA_02,P_ENERGY_WIND_PAYLOAD,minimum_per_rotor_margin_n,higher,5.302170951396313,11.495817569674752,-6.193646618278439,-53.877391327232715,0
controller_comparison,M6_GP_ENHANCED_ENMPC_ROBUST_TRACKING_030_MINUS_M3_GP_ENHANCED_ROBUST_GEOMETRIC_TRACKING,M6_GP_ENHANCED_ENMPC_ROBUST_TRACKING_030,M3_GP_ENHANCED_ROBUST_GEOMETRIC_TRACKING,MU_SEATTLE_WA_02,P_ENERGY_WIND_PAYLOAD,solver_deadline_miss_count,lower,0.0,0.0,0.0,,0
controller_comparison,M6_GP_ENHANCED_ENMPC_ROBUST_TRACKING_030_MINUS_M5_ENMPC_ROBUST_TRACKING_030,M6_GP_ENHANCED_ENMPC_ROBUST_TRACKING_030,M5_ENMPC_ROBUST_TRACKING_030,MU_CAMBRIDGE_MA_01,P_DIST_FIXED,service_corrected_mission_time_s,lower,601.1079999996805,595.8679999996821,5.2399999999984175,0.8793893949668741,0
controller_comparison,M6_GP_ENHANCED_ENMPC_ROBUST_TRACKING_030_MINUS_M5_ENMPC_ROBUST_TRACKING_030,M6_GP_ENHANCED_ENMPC_ROBUST_TRACKING_030,M5_ENMPC_ROBUST_TRACKING_030,MU_CAMBRIDGE_MA_01,P_DIST_FIXED,service_corrected_modeled_energy_j,lower,709597.9482928197,703060.2204820922,6537.727810727432,0.9298958496392352,0
controller_comparison,M6_GP_ENHANCED_ENMPC_ROBUST_TRACKING_030_MINUS_M5_ENMPC_ROBUST_TRACKING_030,M6_GP_ENHANCED_ENMPC_ROBUST_TRACKING_030,M5_ENMPC_ROBUST_TRACKING_030,MU_CAMBRIDGE_MA_01,P_DIST_FIXED,flight_time_s,lower,489.1399999996805,483.8999999996821,5.2399999999984175,1.0828683612320438,0
controller_comparison,M6_GP_ENHANCED_ENMPC_ROBUST_TRACKING_030_MINUS_M5_ENMPC_ROBUST_TRACKING_030,M6_GP_ENHANCED_ENMPC_ROBUST_TRACKING_030,M5_ENMPC_ROBUST_TRACKING_030,MU_CAMBRIDGE_MA_01,P_DIST_FIXED,service_time_s,lower,111.968,111.968,0.0,0.0,0
controller_comparison,M6_GP_ENHANCED_ENMPC_ROBUST_TRACKING_030_MINUS_M5_ENMPC_ROBUST_TRACKING_030,M6_GP_ENHANCED_ENMPC_ROBUST_TRACKING_030,M5_ENMPC_ROBUST_TRACKING_030,MU_CAMBRIDGE_MA_01,P_DIST_FIXED,flight_controller_sensitive_energy_j,lower,604433.5096512033,597895.7818404759,6537.727810727432,1.0934560853737147,0
controller_comparison,M6_GP_ENHANCED_ENMPC_ROBUST_TRACKING_030_MINUS_M5_ENMPC_ROBUST_TRACKING_030,M6_GP_ENHANCED_ENMPC_ROBUST_TRACKING_030,M5_ENMPC_ROBUST_TRACKING_030,MU_CAMBRIDGE_MA_01,P_DIST_FIXED,service_energy_j,lower,105164.43864161639,105164.43864161639,0.0,0.0,0
controller_comparison,M6_GP_ENHANCED_ENMPC_ROBUST_TRACKING_030_MINUS_M5_ENMPC_ROBUST_TRACKING_030,M6_GP_ENHANCED_ENMPC_ROBUST_TRACKING_030,M5_ENMPC_ROBUST_TRACKING_030,MU_CAMBRIDGE_MA_01,P_DIST_FIXED,position_rms_m,lower,0.15864834861809868,0.1850315993454338,-0.026383250727335134,-14.258781105858834,1
controller_comparison,M6_GP_ENHANCED_ENMPC_ROBUST_TRACKING_030_MINUS_M5_ENMPC_ROBUST_TRACKING_030,M6_GP_ENHANCED_ENMPC_ROBUST_TRACKING_030,M5_ENMPC_ROBUST_TRACKING_030,MU_CAMBRIDGE_MA_01,P_DIST_FIXED,position_p95_m,lower,0.21189780522358173,0.2706875095250141,-0.05878970430143235,-21.71866164219876,1
controller_comparison,M6_GP_ENHANCED_ENMPC_ROBUST_TRACKING_030_MINUS_M5_ENMPC_ROBUST_TRACKING_030,M6_GP_ENHANCED_ENMPC_ROBUST_TRACKING_030,M5_ENMPC_ROBUST_TRACKING_030,MU_CAMBRIDGE_MA_01,P_DIST_FIXED,position_max_m,lower,0.29355945677213674,0.3318320066057164,-0.03827254983357964,-11.533712562891855,1
controller_comparison,M6_GP_ENHANCED_ENMPC_ROBUST_TRACKING_030_MINUS_M5_ENMPC_ROBUST_TRACKING_030,M6_GP_ENHANCED_ENMPC_ROBUST_TRACKING_030,M5_ENMPC_ROBUST_TRACKING_030,MU_CAMBRIDGE_MA_01,P_DIST_FIXED,vertical_p95_error_m,lower,0.033328915039485096,0.013626524612760704,0.019702390426724392,144.58852118664123,0
controller_comparison,M6_GP_ENHANCED_ENMPC_ROBUST_TRACKING_030_MINUS_M5_ENMPC_ROBUST_TRACKING_030,M6_GP_ENHANCED_ENMPC_ROBUST_TRACKING_030,M5_ENMPC_ROBUST_TRACKING_030,MU_CAMBRIDGE_MA_01,P_DIST_FIXED,attitude_p95_rad,lower,0.024717069192215918,0.023900721214365882,0.0008163479778500356,3.415578846044853,0
controller_comparison,M6_GP_ENHANCED_ENMPC_ROBUST_TRACKING_030_MINUS_M5_ENMPC_ROBUST_TRACKING_030,M6_GP_ENHANCED_ENMPC_ROBUST_TRACKING_030,M5_ENMPC_ROBUST_TRACKING_030,MU_CAMBRIDGE_MA_01,P_DIST_FIXED,acceleration_p95_mps2,lower,1.091918217970648,1.1405877451411204,-0.04866952717047246,-4.267056820293188,1
controller_comparison,M6_GP_ENHANCED_ENMPC_ROBUST_TRACKING_030_MINUS_M5_ENMPC_ROBUST_TRACKING_030,M6_GP_ENHANCED_ENMPC_ROBUST_TRACKING_030,M5_ENMPC_ROBUST_TRACKING_030,MU_CAMBRIDGE_MA_01,P_DIST_FIXED,acceleration_max_mps2,lower,1.6599460799687762,1.7127498684078133,-0.0528037884390371,-3.082983067931802,1
controller_comparison,M6_GP_ENHANCED_ENMPC_ROBUST_TRACKING_030_MINUS_M5_ENMPC_ROBUST_TRACKING_030,M6_GP_ENHANCED_ENMPC_ROBUST_TRACKING_030,M5_ENMPC_ROBUST_TRACKING_030,MU_CAMBRIDGE_MA_01,P_DIST_FIXED,jerk_p95_mps3,lower,0.6533688940936362,0.5615423738545108,0.09182652023912541,16.352554057285907,0
controller_comparison,M6_GP_ENHANCED_ENMPC_ROBUST_TRACKING_030_MINUS_M5_ENMPC_ROBUST_TRACKING_030,M6_GP_ENHANCED_ENMPC_ROBUST_TRACKING_030,M5_ENMPC_ROBUST_TRACKING_030,MU_CAMBRIDGE_MA_01,P_DIST_FIXED,jerk_max_mps3,lower,4.861933846486981,4.02162366584971,0.8403101806372701,20.894798978156622,0
controller_comparison,M6_GP_ENHANCED_ENMPC_ROBUST_TRACKING_030_MINUS_M5_ENMPC_ROBUST_TRACKING_030,M6_GP_ENHANCED_ENMPC_ROBUST_TRACKING_030,M5_ENMPC_ROBUST_TRACKING_030,MU_CAMBRIDGE_MA_01,P_DIST_FIXED,robust_compensation_p95_mps2,lower,0.2797329964941522,0.29483769437067625,-0.015104697876524076,-5.123055214756268,1
controller_comparison,M6_GP_ENHANCED_ENMPC_ROBUST_TRACKING_030_MINUS_M5_ENMPC_ROBUST_TRACKING_030,M6_GP_ENHANCED_ENMPC_ROBUST_TRACKING_030,M5_ENMPC_ROBUST_TRACKING_030,MU_CAMBRIDGE_MA_01,P_DIST_FIXED,rotor_command_total_variation_n,lower,2246.963253181582,1433.931975673385,813.0312775081968,56.699431444534966,0
controller_comparison,M6_GP_ENHANCED_ENMPC_ROBUST_TRACKING_030_MINUS_M5_ENMPC_ROBUST_TRACKING_030,M6_GP_ENHANCED_ENMPC_ROBUST_TRACKING_030,M5_ENMPC_ROBUST_TRACKING_030,MU_CAMBRIDGE_MA_01,P_DIST_FIXED,minimum_per_rotor_margin_n,higher,8.025827106664327,8.079346137593156,-0.053519030928828926,-0.6624178493827013,0
controller_comparison,M6_GP_ENHANCED_ENMPC_ROBUST_TRACKING_030_MINUS_M5_ENMPC_ROBUST_TRACKING_030,M6_GP_ENHANCED_ENMPC_ROBUST_TRACKING_030,M5_ENMPC_ROBUST_TRACKING_030,MU_CAMBRIDGE_MA_01,P_DIST_FIXED,solver_deadline_miss_count,lower,0.0,1.0,-1.0,-100.0,1
controller_comparison,M6_GP_ENHANCED_ENMPC_ROBUST_TRACKING_030_MINUS_M5_ENMPC_ROBUST_TRACKING_030,M6_GP_ENHANCED_ENMPC_ROBUST_TRACKING_030,M5_ENMPC_ROBUST_TRACKING_030,MU_CAMBRIDGE_MA_01,P_ENERGY_WIND_PAYLOAD,service_corrected_mission_time_s,lower,597.3179999996637,591.8279999996687,5.489999999995007,0.927634380258805,0
controller_comparison,M6_GP_ENHANCED_ENMPC_ROBUST_TRACKING_030_MINUS_M5_ENMPC_ROBUST_TRACKING_030,M6_GP_ENHANCED_ENMPC_ROBUST_TRACKING_030,M5_ENMPC_ROBUST_TRACKING_030,MU_CAMBRIDGE_MA_01,P_ENERGY_WIND_PAYLOAD,service_corrected_modeled_energy_j,lower,702676.8655332434,695683.4942680394,6993.371265204041,1.0052518599082316,0
controller_comparison,M6_GP_ENHANCED_ENMPC_ROBUST_TRACKING_030_MINUS_M5_ENMPC_ROBUST_TRACKING_030,M6_GP_ENHANCED_ENMPC_ROBUST_TRACKING_030,M5_ENMPC_ROBUST_TRACKING_030,MU_CAMBRIDGE_MA_01,P_ENERGY_WIND_PAYLOAD,flight_time_s,lower,485.34999999966374,479.85999999966873,5.489999999995007,1.1440836910763132,0
controller_comparison,M6_GP_ENHANCED_ENMPC_ROBUST_TRACKING_030_MINUS_M5_ENMPC_ROBUST_TRACKING_030,M6_GP_ENHANCED_ENMPC_ROBUST_TRACKING_030,M5_ENMPC_ROBUST_TRACKING_030,MU_CAMBRIDGE_MA_01,P_ENERGY_WIND_PAYLOAD,service_time_s,lower,111.968,111.968,0.0,0.0,0
controller_comparison,M6_GP_ENHANCED_ENMPC_ROBUST_TRACKING_030_MINUS_M5_ENMPC_ROBUST_TRACKING_030,M6_GP_ENHANCED_ENMPC_ROBUST_TRACKING_030,M5_ENMPC_ROBUST_TRACKING_030,MU_CAMBRIDGE_MA_01,P_ENERGY_WIND_PAYLOAD,flight_controller_sensitive_energy_j,lower,595280.2395189939,588286.8682537898,6993.371265204041,1.1887688885462366,0
controller_comparison,M6_GP_ENHANCED_ENMPC_ROBUST_TRACKING_030_MINUS_M5_ENMPC_ROBUST_TRACKING_030,M6_GP_ENHANCED_ENMPC_ROBUST_TRACKING_030,M5_ENMPC_ROBUST_TRACKING_030,MU_CAMBRIDGE_MA_01,P_ENERGY_WIND_PAYLOAD,service_energy_j,lower,107396.62601424947,107396.62601424947,0.0,0.0,0
controller_comparison,M6_GP_ENHANCED_ENMPC_ROBUST_TRACKING_030_MINUS_M5_ENMPC_ROBUST_TRACKING_030,M6_GP_ENHANCED_ENMPC_ROBUST_TRACKING_030,M5_ENMPC_ROBUST_TRACKING_030,MU_CAMBRIDGE_MA_01,P_ENERGY_WIND_PAYLOAD,position_rms_m,lower,0.1620385251716138,0.1822682749386174,-0.02022974976700359,-11.098886942237414,1
controller_comparison,M6_GP_ENHANCED_ENMPC_ROBUST_TRACKING_030_MINUS_M5_ENMPC_ROBUST_TRACKING_030,M6_GP_ENHANCED_ENMPC_ROBUST_TRACKING_030,M5_ENMPC_ROBUST_TRACKING_030,MU_CAMBRIDGE_MA_01,P_ENERGY_WIND_PAYLOAD,position_p95_m,lower,0.23511604120177063,0.28432217230792006,-0.04920613110614944,-17.306469877720033,1
controller_comparison,M6_GP_ENHANCED_ENMPC_ROBUST_TRACKING_030_MINUS_M5_ENMPC_ROBUST_TRACKING_030,M6_GP_ENHANCED_ENMPC_ROBUST_TRACKING_030,M5_ENMPC_ROBUST_TRACKING_030,MU_CAMBRIDGE_MA_01,P_ENERGY_WIND_PAYLOAD,position_max_m,lower,0.2594145925075157,0.3661931123753898,-0.10677851986787412,-29.159073794488503,1
controller_comparison,M6_GP_ENHANCED_ENMPC_ROBUST_TRACKING_030_MINUS_M5_ENMPC_ROBUST_TRACKING_030,M6_GP_ENHANCED_ENMPC_ROBUST_TRACKING_030,M5_ENMPC_ROBUST_TRACKING_030,MU_CAMBRIDGE_MA_01,P_ENERGY_WIND_PAYLOAD,vertical_p95_error_m,lower,0.02643405470069915,0.013363657015158736,0.013070397685540414,97.8055458226317,0
controller_comparison,M6_GP_ENHANCED_ENMPC_ROBUST_TRACKING_030_MINUS_M5_ENMPC_ROBUST_TRACKING_030,M6_GP_ENHANCED_ENMPC_ROBUST_TRACKING_030,M5_ENMPC_ROBUST_TRACKING_030,MU_CAMBRIDGE_MA_01,P_ENERGY_WIND_PAYLOAD,attitude_p95_rad,lower,0.0231541187836344,0.023003782725934303,0.00015033605770009562,0.6535275501911597,0
controller_comparison,M6_GP_ENHANCED_ENMPC_ROBUST_TRACKING_030_MINUS_M5_ENMPC_ROBUST_TRACKING_030,M6_GP_ENHANCED_ENMPC_ROBUST_TRACKING_030,M5_ENMPC_ROBUST_TRACKING_030,MU_CAMBRIDGE_MA_01,P_ENERGY_WIND_PAYLOAD,acceleration_p95_mps2,lower,0.8606444890909306,0.872491704760502,-0.011847215669571365,-1.3578599779150236,1
controller_comparison,M6_GP_ENHANCED_ENMPC_ROBUST_TRACKING_030_MINUS_M5_ENMPC_ROBUST_TRACKING_030,M6_GP_ENHANCED_ENMPC_ROBUST_TRACKING_030,M5_ENMPC_ROBUST_TRACKING_030,MU_CAMBRIDGE_MA_01,P_ENERGY_WIND_PAYLOAD,acceleration_max_mps2,lower,1.2766956886450838,1.2538981126691946,0.02279757597588916,1.8181362381477366,0
controller_comparison,M6_GP_ENHANCED_ENMPC_ROBUST_TRACKING_030_MINUS_M5_ENMPC_ROBUST_TRACKING_030,M6_GP_ENHANCED_ENMPC_ROBUST_TRACKING_030,M5_ENMPC_ROBUST_TRACKING_030,MU_CAMBRIDGE_MA_01,P_ENERGY_WIND_PAYLOAD,jerk_p95_mps3,lower,0.3966168092729822,0.31813421165256195,0.07848259762042026,24.669650338056698,0
controller_comparison,M6_GP_ENHANCED_ENMPC_ROBUST_TRACKING_030_MINUS_M5_ENMPC_ROBUST_TRACKING_030,M6_GP_ENHANCED_ENMPC_ROBUST_TRACKING_030,M5_ENMPC_ROBUST_TRACKING_030,MU_CAMBRIDGE_MA_01,P_ENERGY_WIND_PAYLOAD,jerk_max_mps3,lower,2.8007618090319943,1.6169029501182615,1.1838588589137329,73.21768191635401,0
controller_comparison,M6_GP_ENHANCED_ENMPC_ROBUST_TRACKING_030_MINUS_M5_ENMPC_ROBUST_TRACKING_030,M6_GP_ENHANCED_ENMPC_ROBUST_TRACKING_030,M5_ENMPC_ROBUST_TRACKING_030,MU_CAMBRIDGE_MA_01,P_ENERGY_WIND_PAYLOAD,robust_compensation_p95_mps2,lower,0.2855608395719873,0.290483835750433,-0.0049229961784457155,-1.694757357402589,1
controller_comparison,M6_GP_ENHANCED_ENMPC_ROBUST_TRACKING_030_MINUS_M5_ENMPC_ROBUST_TRACKING_030,M6_GP_ENHANCED_ENMPC_ROBUST_TRACKING_030,M5_ENMPC_ROBUST_TRACKING_030,MU_CAMBRIDGE_MA_01,P_ENERGY_WIND_PAYLOAD,rotor_command_total_variation_n,lower,1349.290170637565,929.8836000014658,419.40657063609933,45.10312587892057,0
controller_comparison,M6_GP_ENHANCED_ENMPC_ROBUST_TRACKING_030_MINUS_M5_ENMPC_ROBUST_TRACKING_030,M6_GP_ENHANCED_ENMPC_ROBUST_TRACKING_030,M5_ENMPC_ROBUST_TRACKING_030,MU_CAMBRIDGE_MA_01,P_ENERGY_WIND_PAYLOAD,minimum_per_rotor_margin_n,higher,10.584404421519764,11.494625942994585,-0.9102215214748206,-7.918670220230666,0
controller_comparison,M6_GP_ENHANCED_ENMPC_ROBUST_TRACKING_030_MINUS_M5_ENMPC_ROBUST_TRACKING_030,M6_GP_ENHANCED_ENMPC_ROBUST_TRACKING_030,M5_ENMPC_ROBUST_TRACKING_030,MU_CAMBRIDGE_MA_01,P_ENERGY_WIND_PAYLOAD,solver_deadline_miss_count,lower,0.0,0.0,0.0,,0
controller_comparison,M6_GP_ENHANCED_ENMPC_ROBUST_TRACKING_030_MINUS_M5_ENMPC_ROBUST_TRACKING_030,M6_GP_ENHANCED_ENMPC_ROBUST_TRACKING_030,M5_ENMPC_ROBUST_TRACKING_030,MU_CAMBRIDGE_MA_02,P_DIST_FIXED,service_corrected_mission_time_s,lower,734.187999999579,723.437999999589,10.749999999989996,1.4859600960961552,0
controller_comparison,M6_GP_ENHANCED_ENMPC_ROBUST_TRACKING_030_MINUS_M5_ENMPC_ROBUST_TRACKING_030,M6_GP_ENHANCED_ENMPC_ROBUST_TRACKING_030,M5_ENMPC_ROBUST_TRACKING_030,MU_CAMBRIDGE_MA_02,P_DIST_FIXED,service_corrected_modeled_energy_j,lower,901957.0548662968,887533.5305595153,14423.524306781474,1.6251244387002093,0
controller_comparison,M6_GP_ENHANCED_ENMPC_ROBUST_TRACKING_030_MINUS_M5_ENMPC_ROBUST_TRACKING_030,M6_GP_ENHANCED_ENMPC_ROBUST_TRACKING_030,M5_ENMPC_ROBUST_TRACKING_030,MU_CAMBRIDGE_MA_02,P_DIST_FIXED,flight_time_s,lower,622.219999999579,611.469999999589,10.749999999989996,1.758058449310223,0
controller_comparison,M6_GP_ENHANCED_ENMPC_ROBUST_TRACKING_030_MINUS_M5_ENMPC_ROBUST_TRACKING_030,M6_GP_ENHANCED_ENMPC_ROBUST_TRACKING_030,M5_ENMPC_ROBUST_TRACKING_030,MU_CAMBRIDGE_MA_02,P_DIST_FIXED,service_time_s,lower,111.968,111.968,0.0,0.0,0
controller_comparison,M6_GP_ENHANCED_ENMPC_ROBUST_TRACKING_030_MINUS_M5_ENMPC_ROBUST_TRACKING_030,M6_GP_ENHANCED_ENMPC_ROBUST_TRACKING_030,M5_ENMPC_ROBUST_TRACKING_030,MU_CAMBRIDGE_MA_02,P_DIST_FIXED,flight_controller_sensitive_energy_j,lower,796615.6418081057,782192.1175013243,14423.524306781474,1.8439874276484325,0
controller_comparison,M6_GP_ENHANCED_ENMPC_ROBUST_TRACKING_030_MINUS_M5_ENMPC_ROBUST_TRACKING_030,M6_GP_ENHANCED_ENMPC_ROBUST_TRACKING_030,M5_ENMPC_ROBUST_TRACKING_030,MU_CAMBRIDGE_MA_02,P_DIST_FIXED,service_energy_j,lower,105341.41305819107,105341.41305819107,0.0,0.0,0
controller_comparison,M6_GP_ENHANCED_ENMPC_ROBUST_TRACKING_030_MINUS_M5_ENMPC_ROBUST_TRACKING_030,M6_GP_ENHANCED_ENMPC_ROBUST_TRACKING_030,M5_ENMPC_ROBUST_TRACKING_030,MU_CAMBRIDGE_MA_02,P_DIST_FIXED,position_rms_m,lower,0.14161964551335474,0.1817564935908704,-0.04013684807751566,-22.082758796977437,1
controller_comparison,M6_GP_ENHANCED_ENMPC_ROBUST_TRACKING_030_MINUS_M5_ENMPC_ROBUST_TRACKING_030,M6_GP_ENHANCED_ENMPC_ROBUST_TRACKING_030,M5_ENMPC_ROBUST_TRACKING_030,MU_CAMBRIDGE_MA_02,P_DIST_FIXED,position_p95_m,lower,0.2320289993042513,0.27030333503116155,-0.03827433572691025,-14.15977191790765,1
controller_comparison,M6_GP_ENHANCED_ENMPC_ROBUST_TRACKING_030_MINUS_M5_ENMPC_ROBUST_TRACKING_030,M6_GP_ENHANCED_ENMPC_ROBUST_TRACKING_030,M5_ENMPC_ROBUST_TRACKING_030,MU_CAMBRIDGE_MA_02,P_DIST_FIXED,position_max_m,lower,0.40090347183658026,0.3935594802465745,0.007343991590005761,1.8660436245633247,0
controller_comparison,M6_GP_ENHANCED_ENMPC_ROBUST_TRACKING_030_MINUS_M5_ENMPC_ROBUST_TRACKING_030,M6_GP_ENHANCED_ENMPC_ROBUST_TRACKING_030,M5_ENMPC_ROBUST_TRACKING_030,MU_CAMBRIDGE_MA_02,P_DIST_FIXED,vertical_p95_error_m,lower,0.04171826146819768,0.021783953678049528,0.019934307790148154,91.50913596660298,0
controller_comparison,M6_GP_ENHANCED_ENMPC_ROBUST_TRACKING_030_MINUS_M5_ENMPC_ROBUST_TRACKING_030,M6_GP_ENHANCED_ENMPC_ROBUST_TRACKING_030,M5_ENMPC_ROBUST_TRACKING_030,MU_CAMBRIDGE_MA_02,P_DIST_FIXED,attitude_p95_rad,lower,0.017831318339086404,0.01642312670466422,0.0014081916344221845,8.574442977549785,0
controller_comparison,M6_GP_ENHANCED_ENMPC_ROBUST_TRACKING_030_MINUS_M5_ENMPC_ROBUST_TRACKING_030,M6_GP_ENHANCED_ENMPC_ROBUST_TRACKING_030,M5_ENMPC_ROBUST_TRACKING_030,MU_CAMBRIDGE_MA_02,P_DIST_FIXED,acceleration_p95_mps2,lower,1.1377719923472378,1.1660223011689266,-0.028250308821688774,-2.422793182717698,1
controller_comparison,M6_GP_ENHANCED_ENMPC_ROBUST_TRACKING_030_MINUS_M5_ENMPC_ROBUST_TRACKING_030,M6_GP_ENHANCED_ENMPC_ROBUST_TRACKING_030,M5_ENMPC_ROBUST_TRACKING_030,MU_CAMBRIDGE_MA_02,P_DIST_FIXED,acceleration_max_mps2,lower,1.8280950387388741,1.5180872971684998,0.31000774157037436,20.420942995082918,0
controller_comparison,M6_GP_ENHANCED_ENMPC_ROBUST_TRACKING_030_MINUS_M5_ENMPC_ROBUST_TRACKING_030,M6_GP_ENHANCED_ENMPC_ROBUST_TRACKING_030,M5_ENMPC_ROBUST_TRACKING_030,MU_CAMBRIDGE_MA_02,P_DIST_FIXED,jerk_p95_mps3,lower,0.7640913922679868,0.5867746121546958,0.177316780113291,30.218890940452553,0
controller_comparison,M6_GP_ENHANCED_ENMPC_ROBUST_TRACKING_030_MINUS_M5_ENMPC_ROBUST_TRACKING_030,M6_GP_ENHANCED_ENMPC_ROBUST_TRACKING_030,M5_ENMPC_ROBUST_TRACKING_030,MU_CAMBRIDGE_MA_02,P_DIST_FIXED,jerk_max_mps3,lower,5.104842282435621,3.521648330335669,1.5831939520999523,44.95604908821344,0
controller_comparison,M6_GP_ENHANCED_ENMPC_ROBUST_TRACKING_030_MINUS_M5_ENMPC_ROBUST_TRACKING_030,M6_GP_ENHANCED_ENMPC_ROBUST_TRACKING_030,M5_ENMPC_ROBUST_TRACKING_030,MU_CAMBRIDGE_MA_02,P_DIST_FIXED,robust_compensation_p95_mps2,lower,0.49152256899091534,0.4685085322977433,0.023014036693172035,4.912191583854937,0
controller_comparison,M6_GP_ENHANCED_ENMPC_ROBUST_TRACKING_030_MINUS_M5_ENMPC_ROBUST_TRACKING_030,M6_GP_ENHANCED_ENMPC_ROBUST_TRACKING_030,M5_ENMPC_ROBUST_TRACKING_030,MU_CAMBRIDGE_MA_02,P_DIST_FIXED,rotor_command_total_variation_n,lower,4430.328304723927,2722.9276440843387,1707.4006606395888,62.70459166805185,0
controller_comparison,M6_GP_ENHANCED_ENMPC_ROBUST_TRACKING_030_MINUS_M5_ENMPC_ROBUST_TRACKING_030,M6_GP_ENHANCED_ENMPC_ROBUST_TRACKING_030,M5_ENMPC_ROBUST_TRACKING_030,MU_CAMBRIDGE_MA_02,P_DIST_FIXED,minimum_per_rotor_margin_n,higher,7.8619305351524,9.589976006109698,-1.7280454709572979,-18.01928878504361,0
controller_comparison,M6_GP_ENHANCED_ENMPC_ROBUST_TRACKING_030_MINUS_M5_ENMPC_ROBUST_TRACKING_030,M6_GP_ENHANCED_ENMPC_ROBUST_TRACKING_030,M5_ENMPC_ROBUST_TRACKING_030,MU_CAMBRIDGE_MA_02,P_DIST_FIXED,solver_deadline_miss_count,lower,0.0,0.0,0.0,,0
controller_comparison,M6_GP_ENHANCED_ENMPC_ROBUST_TRACKING_030_MINUS_M5_ENMPC_ROBUST_TRACKING_030,M6_GP_ENHANCED_ENMPC_ROBUST_TRACKING_030,M5_ENMPC_ROBUST_TRACKING_030,MU_CAMBRIDGE_MA_02,P_ENERGY_WIND_PAYLOAD,service_corrected_mission_time_s,lower,728.0579999995848,716.7779999995951,11.279999999989741,1.5737090145060413,0
controller_comparison,M6_GP_ENHANCED_ENMPC_ROBUST_TRACKING_030_MINUS_M5_ENMPC_ROBUST_TRACKING_030,M6_GP_ENHANCED_ENMPC_ROBUST_TRACKING_030,M5_ENMPC_ROBUST_TRACKING_030,MU_CAMBRIDGE_MA_02,P_ENERGY_WIND_PAYLOAD,service_corrected_modeled_energy_j,lower,894329.3079114362,878077.2804120663,16252.027499369928,1.8508652782524035,0
controller_comparison,M6_GP_ENHANCED_ENMPC_ROBUST_TRACKING_030_MINUS_M5_ENMPC_ROBUST_TRACKING_030,M6_GP_ENHANCED_ENMPC_ROBUST_TRACKING_030,M5_ENMPC_ROBUST_TRACKING_030,MU_CAMBRIDGE_MA_02,P_ENERGY_WIND_PAYLOAD,flight_time_s,lower,616.0899999995848,604.8099999995951,11.279999999989741,1.8650485276363309,0
controller_comparison,M6_GP_ENHANCED_ENMPC_ROBUST_TRACKING_030_MINUS_M5_ENMPC_ROBUST_TRACKING_030,M6_GP_ENHANCED_ENMPC_ROBUST_TRACKING_030,M5_ENMPC_ROBUST_TRACKING_030,MU_CAMBRIDGE_MA_02,P_ENERGY_WIND_PAYLOAD,service_time_s,lower,111.968,111.968,0.0,0.0,0
controller_comparison,M6_GP_ENHANCED_ENMPC_ROBUST_TRACKING_030_MINUS_M5_ENMPC_ROBUST_TRACKING_030,M6_GP_ENHANCED_ENMPC_ROBUST_TRACKING_030,M5_ENMPC_ROBUST_TRACKING_030,MU_CAMBRIDGE_MA_02,P_ENERGY_WIND_PAYLOAD,flight_controller_sensitive_energy_j,lower,788987.8948532451,772735.8673538752,16252.027499369928,2.1031801662090177,0
controller_comparison,M6_GP_ENHANCED_ENMPC_ROBUST_TRACKING_030_MINUS_M5_ENMPC_ROBUST_TRACKING_030,M6_GP_ENHANCED_ENMPC_ROBUST_TRACKING_030,M5_ENMPC_ROBUST_TRACKING_030,MU_CAMBRIDGE_MA_02,P_ENERGY_WIND_PAYLOAD,service_energy_j,lower,105341.41305819107,105341.41305819107,0.0,0.0,0
controller_comparison,M6_GP_ENHANCED_ENMPC_ROBUST_TRACKING_030_MINUS_M5_ENMPC_ROBUST_TRACKING_030,M6_GP_ENHANCED_ENMPC_ROBUST_TRACKING_030,M5_ENMPC_ROBUST_TRACKING_030,MU_CAMBRIDGE_MA_02,P_ENERGY_WIND_PAYLOAD,position_rms_m,lower,0.1370498430640068,0.18104611500540627,-0.04399627194139946,-24.301141143009716,1
controller_comparison,M6_GP_ENHANCED_ENMPC_ROBUST_TRACKING_030_MINUS_M5_ENMPC_ROBUST_TRACKING_030,M6_GP_ENHANCED_ENMPC_ROBUST_TRACKING_030,M5_ENMPC_ROBUST_TRACKING_030,MU_CAMBRIDGE_MA_02,P_ENERGY_WIND_PAYLOAD,position_p95_m,lower,0.2157140237215875,0.26158661658485155,-0.04587259286326406,-17.53629197936594,1
controller_comparison,M6_GP_ENHANCED_ENMPC_ROBUST_TRACKING_030_MINUS_M5_ENMPC_ROBUST_TRACKING_030,M6_GP_ENHANCED_ENMPC_ROBUST_TRACKING_030,M5_ENMPC_ROBUST_TRACKING_030,MU_CAMBRIDGE_MA_02,P_ENERGY_WIND_PAYLOAD,position_max_m,lower,0.3107588627432158,0.3617344674981051,-0.050975604754889325,-14.09199546492106,1
controller_comparison,M6_GP_ENHANCED_ENMPC_ROBUST_TRACKING_030_MINUS_M5_ENMPC_ROBUST_TRACKING_030,M6_GP_ENHANCED_ENMPC_ROBUST_TRACKING_030,M5_ENMPC_ROBUST_TRACKING_030,MU_CAMBRIDGE_MA_02,P_ENERGY_WIND_PAYLOAD,vertical_p95_error_m,lower,0.04294015521889172,0.03545415592967949,0.007485999289212231,21.1145889470902,0
controller_comparison,M6_GP_ENHANCED_ENMPC_ROBUST_TRACKING_030_MINUS_M5_ENMPC_ROBUST_TRACKING_030,M6_GP_ENHANCED_ENMPC_ROBUST_TRACKING_030,M5_ENMPC_ROBUST_TRACKING_030,MU_CAMBRIDGE_MA_02,P_ENERGY_WIND_PAYLOAD,attitude_p95_rad,lower,0.016754844089451982,0.01651322955504406,0.0002416145344079218,1.4631573648421745,0
controller_comparison,M6_GP_ENHANCED_ENMPC_ROBUST_TRACKING_030_MINUS_M5_ENMPC_ROBUST_TRACKING_030,M6_GP_ENHANCED_ENMPC_ROBUST_TRACKING_030,M5_ENMPC_ROBUST_TRACKING_030,MU_CAMBRIDGE_MA_02,P_ENERGY_WIND_PAYLOAD,acceleration_p95_mps2,lower,1.083306298231429,1.1196642877369365,-0.036357989505507504,-3.2472223954730404,1
controller_comparison,M6_GP_ENHANCED_ENMPC_ROBUST_TRACKING_030_MINUS_M5_ENMPC_ROBUST_TRACKING_030,M6_GP_ENHANCED_ENMPC_ROBUST_TRACKING_030,M5_ENMPC_ROBUST_TRACKING_030,MU_CAMBRIDGE_MA_02,P_ENERGY_WIND_PAYLOAD,acceleration_max_mps2,lower,1.5774741088346411,1.6221330414952981,-0.044658932660657014,-2.7530992537757553,1
controller_comparison,M6_GP_ENHANCED_ENMPC_ROBUST_TRACKING_030_MINUS_M5_ENMPC_ROBUST_TRACKING_030,M6_GP_ENHANCED_ENMPC_ROBUST_TRACKING_030,M5_ENMPC_ROBUST_TRACKING_030,MU_CAMBRIDGE_MA_02,P_ENERGY_WIND_PAYLOAD,jerk_p95_mps3,lower,0.5864325484409393,0.5825204926297342,0.0039120558112051285,0.6715739378617427,0
controller_comparison,M6_GP_ENHANCED_ENMPC_ROBUST_TRACKING_030_MINUS_M5_ENMPC_ROBUST_TRACKING_030,M6_GP_ENHANCED_ENMPC_ROBUST_TRACKING_030,M5_ENMPC_ROBUST_TRACKING_030,MU_CAMBRIDGE_MA_02,P_ENERGY_WIND_PAYLOAD,jerk_max_mps3,lower,4.317380807227982,3.9167075315146174,0.40067327571336486,10.22984924172834,0
controller_comparison,M6_GP_ENHANCED_ENMPC_ROBUST_TRACKING_030_MINUS_M5_ENMPC_ROBUST_TRACKING_030,M6_GP_ENHANCED_ENMPC_ROBUST_TRACKING_030,M5_ENMPC_ROBUST_TRACKING_030,MU_CAMBRIDGE_MA_02,P_ENERGY_WIND_PAYLOAD,robust_compensation_p95_mps2,lower,0.49421869653996164,0.46746268593207824,0.026756010607883407,5.7236676665506145,0
controller_comparison,M6_GP_ENHANCED_ENMPC_ROBUST_TRACKING_030_MINUS_M5_ENMPC_ROBUST_TRACKING_030,M6_GP_ENHANCED_ENMPC_ROBUST_TRACKING_030,M5_ENMPC_ROBUST_TRACKING_030,MU_CAMBRIDGE_MA_02,P_ENERGY_WIND_PAYLOAD,rotor_command_total_variation_n,lower,3320.5533445535234,2581.8390631510256,738.7142814024978,28.61194146241355,0
controller_comparison,M6_GP_ENHANCED_ENMPC_ROBUST_TRACKING_030_MINUS_M5_ENMPC_ROBUST_TRACKING_030,M6_GP_ENHANCED_ENMPC_ROBUST_TRACKING_030,M5_ENMPC_ROBUST_TRACKING_030,MU_CAMBRIDGE_MA_02,P_ENERGY_WIND_PAYLOAD,minimum_per_rotor_margin_n,higher,10.231483657186576,9.579443660889392,0.6520399962971837,6.806658292269196,1
controller_comparison,M6_GP_ENHANCED_ENMPC_ROBUST_TRACKING_030_MINUS_M5_ENMPC_ROBUST_TRACKING_030,M6_GP_ENHANCED_ENMPC_ROBUST_TRACKING_030,M5_ENMPC_ROBUST_TRACKING_030,MU_CAMBRIDGE_MA_02,P_ENERGY_WIND_PAYLOAD,solver_deadline_miss_count,lower,0.0,0.0,0.0,,0
controller_comparison,M6_GP_ENHANCED_ENMPC_ROBUST_TRACKING_030_MINUS_M5_ENMPC_ROBUST_TRACKING_030,M6_GP_ENHANCED_ENMPC_ROBUST_TRACKING_030,M5_ENMPC_ROBUST_TRACKING_030,MU_MANHATTAN_NY_01,P_DIST_FIXED,service_corrected_mission_time_s,lower,737.8579999995757,722.1679999995899,15.68999999998573,2.172624652434702,0
controller_comparison,M6_GP_ENHANCED_ENMPC_ROBUST_TRACKING_030_MINUS_M5_ENMPC_ROBUST_TRACKING_030,M6_GP_ENHANCED_ENMPC_ROBUST_TRACKING_030,M5_ENMPC_ROBUST_TRACKING_030,MU_MANHATTAN_NY_01,P_DIST_FIXED,service_corrected_modeled_energy_j,lower,909089.2269692628,889713.2352011472,19375.991768115666,2.177779423921363,0
controller_comparison,M6_GP_ENHANCED_ENMPC_ROBUST_TRACKING_030_MINUS_M5_ENMPC_ROBUST_TRACKING_030,M6_GP_ENHANCED_ENMPC_ROBUST_TRACKING_030,M5_ENMPC_ROBUST_TRACKING_030,MU_MANHATTAN_NY_01,P_DIST_FIXED,flight_time_s,lower,625.8899999995757,610.19999999959,15.68999999998573,2.571288102260943,0
controller_comparison,M6_GP_ENHANCED_ENMPC_ROBUST_TRACKING_030_MINUS_M5_ENMPC_ROBUST_TRACKING_030,M6_GP_ENHANCED_ENMPC_ROBUST_TRACKING_030,M5_ENMPC_ROBUST_TRACKING_030,MU_MANHATTAN_NY_01,P_DIST_FIXED,service_time_s,lower,111.968,111.968,0.0,0.0,0
controller_comparison,M6_GP_ENHANCED_ENMPC_ROBUST_TRACKING_030_MINUS_M5_ENMPC_ROBUST_TRACKING_030,M6_GP_ENHANCED_ENMPC_ROBUST_TRACKING_030,M5_ENMPC_ROBUST_TRACKING_030,MU_MANHATTAN_NY_01,P_DIST_FIXED,flight_controller_sensitive_energy_j,lower,802492.7355870141,783116.7438188985,19375.991768115666,2.4742149776581086,0
controller_comparison,M6_GP_ENHANCED_ENMPC_ROBUST_TRACKING_030_MINUS_M5_ENMPC_ROBUST_TRACKING_030,M6_GP_ENHANCED_ENMPC_ROBUST_TRACKING_030,M5_ENMPC_ROBUST_TRACKING_030,MU_MANHATTAN_NY_01,P_DIST_FIXED,service_energy_j,lower,106596.49138224864,106596.49138224864,0.0,0.0,0
controller_comparison,M6_GP_ENHANCED_ENMPC_ROBUST_TRACKING_030_MINUS_M5_ENMPC_ROBUST_TRACKING_030,M6_GP_ENHANCED_ENMPC_ROBUST_TRACKING_030,M5_ENMPC_ROBUST_TRACKING_030,MU_MANHATTAN_NY_01,P_DIST_FIXED,position_rms_m,lower,0.08390302482653064,0.1299353881146075,-0.04603236328807686,-35.42711801305024,1
controller_comparison,M6_GP_ENHANCED_ENMPC_ROBUST_TRACKING_030_MINUS_M5_ENMPC_ROBUST_TRACKING_030,M6_GP_ENHANCED_ENMPC_ROBUST_TRACKING_030,M5_ENMPC_ROBUST_TRACKING_030,MU_MANHATTAN_NY_01,P_DIST_FIXED,position_p95_m,lower,0.15963727883619674,0.21377815209152987,-0.05414087325533312,-25.32572796875544,1
controller_comparison,M6_GP_ENHANCED_ENMPC_ROBUST_TRACKING_030_MINUS_M5_ENMPC_ROBUST_TRACKING_030,M6_GP_ENHANCED_ENMPC_ROBUST_TRACKING_030,M5_ENMPC_ROBUST_TRACKING_030,MU_MANHATTAN_NY_01,P_DIST_FIXED,position_max_m,lower,0.34444032064096736,0.35766340532308977,-0.01322308468212241,-3.6970750949981976,1
controller_comparison,M6_GP_ENHANCED_ENMPC_ROBUST_TRACKING_030_MINUS_M5_ENMPC_ROBUST_TRACKING_030,M6_GP_ENHANCED_ENMPC_ROBUST_TRACKING_030,M5_ENMPC_ROBUST_TRACKING_030,MU_MANHATTAN_NY_01,P_DIST_FIXED,vertical_p95_error_m,lower,0.0352660725695042,0.01572256498171498,0.01954350758778922,124.30228534922844,0
controller_comparison,M6_GP_ENHANCED_ENMPC_ROBUST_TRACKING_030_MINUS_M5_ENMPC_ROBUST_TRACKING_030,M6_GP_ENHANCED_ENMPC_ROBUST_TRACKING_030,M5_ENMPC_ROBUST_TRACKING_030,MU_MANHATTAN_NY_01,P_DIST_FIXED,attitude_p95_rad,lower,0.010875525437395719,0.010276657450235848,0.0005988679871598707,5.8274588800868,0
controller_comparison,M6_GP_ENHANCED_ENMPC_ROBUST_TRACKING_030_MINUS_M5_ENMPC_ROBUST_TRACKING_030,M6_GP_ENHANCED_ENMPC_ROBUST_TRACKING_030,M5_ENMPC_ROBUST_TRACKING_030,MU_MANHATTAN_NY_01,P_DIST_FIXED,acceleration_p95_mps2,lower,1.2597552373968979,1.295826614347381,-0.036071376950483014,-2.783657670794923,1
controller_comparison,M6_GP_ENHANCED_ENMPC_ROBUST_TRACKING_030_MINUS_M5_ENMPC_ROBUST_TRACKING_030,M6_GP_ENHANCED_ENMPC_ROBUST_TRACKING_030,M5_ENMPC_ROBUST_TRACKING_030,MU_MANHATTAN_NY_01,P_DIST_FIXED,acceleration_max_mps2,lower,1.6569630657754129,1.6855049981647208,-0.02854193238930791,-1.6933757194660404,1
controller_comparison,M6_GP_ENHANCED_ENMPC_ROBUST_TRACKING_030_MINUS_M5_ENMPC_ROBUST_TRACKING_030,M6_GP_ENHANCED_ENMPC_ROBUST_TRACKING_030,M5_ENMPC_ROBUST_TRACKING_030,MU_MANHATTAN_NY_01,P_DIST_FIXED,jerk_p95_mps3,lower,0.7607780904670164,0.7332096892148199,0.027568401252196506,3.75996139408891,0
controller_comparison,M6_GP_ENHANCED_ENMPC_ROBUST_TRACKING_030_MINUS_M5_ENMPC_ROBUST_TRACKING_030,M6_GP_ENHANCED_ENMPC_ROBUST_TRACKING_030,M5_ENMPC_ROBUST_TRACKING_030,MU_MANHATTAN_NY_01,P_DIST_FIXED,jerk_max_mps3,lower,5.376329784087543,4.330634712046842,1.0456950720407008,24.146462160195934,0
controller_comparison,M6_GP_ENHANCED_ENMPC_ROBUST_TRACKING_030_MINUS_M5_ENMPC_ROBUST_TRACKING_030,M6_GP_ENHANCED_ENMPC_ROBUST_TRACKING_030,M5_ENMPC_ROBUST_TRACKING_030,MU_MANHATTAN_NY_01,P_DIST_FIXED,robust_compensation_p95_mps2,lower,0.3718895113317886,0.3977954288711112,-0.025905917539322587,-6.51237185224577,1
controller_comparison,M6_GP_ENHANCED_ENMPC_ROBUST_TRACKING_030_MINUS_M5_ENMPC_ROBUST_TRACKING_030,M6_GP_ENHANCED_ENMPC_ROBUST_TRACKING_030,M5_ENMPC_ROBUST_TRACKING_030,MU_MANHATTAN_NY_01,P_DIST_FIXED,rotor_command_total_variation_n,lower,4301.228988491993,2902.686514252174,1398.5424742398186,48.18096847086253,0
controller_comparison,M6_GP_ENHANCED_ENMPC_ROBUST_TRACKING_030_MINUS_M5_ENMPC_ROBUST_TRACKING_030,M6_GP_ENHANCED_ENMPC_ROBUST_TRACKING_030,M5_ENMPC_ROBUST_TRACKING_030,MU_MANHATTAN_NY_01,P_DIST_FIXED,minimum_per_rotor_margin_n,higher,9.166218615856732,7.5792769311664046,1.586941684690327,20.937903431984857,1
controller_comparison,M6_GP_ENHANCED_ENMPC_ROBUST_TRACKING_030_MINUS_M5_ENMPC_ROBUST_TRACKING_030,M6_GP_ENHANCED_ENMPC_ROBUST_TRACKING_030,M5_ENMPC_ROBUST_TRACKING_030,MU_MANHATTAN_NY_01,P_DIST_FIXED,solver_deadline_miss_count,lower,0.0,0.0,0.0,,0
controller_comparison,M6_GP_ENHANCED_ENMPC_ROBUST_TRACKING_030_MINUS_M5_ENMPC_ROBUST_TRACKING_030,M6_GP_ENHANCED_ENMPC_ROBUST_TRACKING_030,M5_ENMPC_ROBUST_TRACKING_030,MU_MANHATTAN_NY_01,P_ENERGY_WIND_PAYLOAD,service_corrected_mission_time_s,lower,732.7079999995406,720.5379999995516,12.169999999988931,1.6890157077068113,0
controller_comparison,M6_GP_ENHANCED_ENMPC_ROBUST_TRACKING_030_MINUS_M5_ENMPC_ROBUST_TRACKING_030,M6_GP_ENHANCED_ENMPC_ROBUST_TRACKING_030,M5_ENMPC_ROBUST_TRACKING_030,MU_MANHATTAN_NY_01,P_ENERGY_WIND_PAYLOAD,service_corrected_modeled_energy_j,lower,861646.0967496748,847525.8755190508,14120.22123062401,1.6660519328659265,0
controller_comparison,M6_GP_ENHANCED_ENMPC_ROBUST_TRACKING_030_MINUS_M5_ENMPC_ROBUST_TRACKING_030,M6_GP_ENHANCED_ENMPC_ROBUST_TRACKING_030,M5_ENMPC_ROBUST_TRACKING_030,MU_MANHATTAN_NY_01,P_ENERGY_WIND_PAYLOAD,flight_time_s,lower,620.7399999995406,608.5699999995517,12.169999999988931,1.99976995251128,0
controller_comparison,M6_GP_ENHANCED_ENMPC_ROBUST_TRACKING_030_MINUS_M5_ENMPC_ROBUST_TRACKING_030,M6_GP_ENHANCED_ENMPC_ROBUST_TRACKING_030,M5_ENMPC_ROBUST_TRACKING_030,MU_MANHATTAN_NY_01,P_ENERGY_WIND_PAYLOAD,service_time_s,lower,111.968,111.968,0.0,0.0,0
controller_comparison,M6_GP_ENHANCED_ENMPC_ROBUST_TRACKING_030_MINUS_M5_ENMPC_ROBUST_TRACKING_030,M6_GP_ENHANCED_ENMPC_ROBUST_TRACKING_030,M5_ENMPC_ROBUST_TRACKING_030,MU_MANHATTAN_NY_01,P_ENERGY_WIND_PAYLOAD,flight_controller_sensitive_energy_j,lower,754249.4707354252,740129.2495048012,14120.22123062401,1.9078047841064836,0
controller_comparison,M6_GP_ENHANCED_ENMPC_ROBUST_TRACKING_030_MINUS_M5_ENMPC_ROBUST_TRACKING_030,M6_GP_ENHANCED_ENMPC_ROBUST_TRACKING_030,M5_ENMPC_ROBUST_TRACKING_030,MU_MANHATTAN_NY_01,P_ENERGY_WIND_PAYLOAD,service_energy_j,lower,107396.62601424947,107396.62601424947,0.0,0.0,0
controller_comparison,M6_GP_ENHANCED_ENMPC_ROBUST_TRACKING_030_MINUS_M5_ENMPC_ROBUST_TRACKING_030,M6_GP_ENHANCED_ENMPC_ROBUST_TRACKING_030,M5_ENMPC_ROBUST_TRACKING_030,MU_MANHATTAN_NY_01,P_ENERGY_WIND_PAYLOAD,position_rms_m,lower,0.08638250544532103,0.12070009835917496,-0.03431759291385393,-28.432116775690513,1
controller_comparison,M6_GP_ENHANCED_ENMPC_ROBUST_TRACKING_030_MINUS_M5_ENMPC_ROBUST_TRACKING_030,M6_GP_ENHANCED_ENMPC_ROBUST_TRACKING_030,M5_ENMPC_ROBUST_TRACKING_030,MU_MANHATTAN_NY_01,P_ENERGY_WIND_PAYLOAD,position_p95_m,lower,0.1665252754114613,0.21223749296603736,-0.04571221755457605,-21.538238562726995,1
controller_comparison,M6_GP_ENHANCED_ENMPC_ROBUST_TRACKING_030_MINUS_M5_ENMPC_ROBUST_TRACKING_030,M6_GP_ENHANCED_ENMPC_ROBUST_TRACKING_030,M5_ENMPC_ROBUST_TRACKING_030,MU_MANHATTAN_NY_01,P_ENERGY_WIND_PAYLOAD,position_max_m,lower,0.30885619388645325,0.35705520614992103,-0.04819901226346779,-13.499036404815758,1
controller_comparison,M6_GP_ENHANCED_ENMPC_ROBUST_TRACKING_030_MINUS_M5_ENMPC_ROBUST_TRACKING_030,M6_GP_ENHANCED_ENMPC_ROBUST_TRACKING_030,M5_ENMPC_ROBUST_TRACKING_030,MU_MANHATTAN_NY_01,P_ENERGY_WIND_PAYLOAD,vertical_p95_error_m,lower,0.043798253162094625,0.015270525820058722,0.028527727342035902,186.81561904412666,0
controller_comparison,M6_GP_ENHANCED_ENMPC_ROBUST_TRACKING_030_MINUS_M5_ENMPC_ROBUST_TRACKING_030,M6_GP_ENHANCED_ENMPC_ROBUST_TRACKING_030,M5_ENMPC_ROBUST_TRACKING_030,MU_MANHATTAN_NY_01,P_ENERGY_WIND_PAYLOAD,attitude_p95_rad,lower,0.009258071433298688,0.008294718027015703,0.0009633534062829848,11.614058526707783,0
controller_comparison,M6_GP_ENHANCED_ENMPC_ROBUST_TRACKING_030_MINUS_M5_ENMPC_ROBUST_TRACKING_030,M6_GP_ENHANCED_ENMPC_ROBUST_TRACKING_030,M5_ENMPC_ROBUST_TRACKING_030,MU_MANHATTAN_NY_01,P_ENERGY_WIND_PAYLOAD,acceleration_p95_mps2,lower,1.1262577934359317,1.1612918897170197,-0.035034096281088,-3.016820886403074,1
controller_comparison,M6_GP_ENHANCED_ENMPC_ROBUST_TRACKING_030_MINUS_M5_ENMPC_ROBUST_TRACKING_030,M6_GP_ENHANCED_ENMPC_ROBUST_TRACKING_030,M5_ENMPC_ROBUST_TRACKING_030,MU_MANHATTAN_NY_01,P_ENERGY_WIND_PAYLOAD,acceleration_max_mps2,lower,1.533205979503515,1.671794442307954,-0.13858846280443915,-8.28980281888689,1
controller_comparison,M6_GP_ENHANCED_ENMPC_ROBUST_TRACKING_030_MINUS_M5_ENMPC_ROBUST_TRACKING_030,M6_GP_ENHANCED_ENMPC_ROBUST_TRACKING_030,M5_ENMPC_ROBUST_TRACKING_030,MU_MANHATTAN_NY_01,P_ENERGY_WIND_PAYLOAD,jerk_p95_mps3,lower,0.6141371103045807,0.6012682933927597,0.012868816911821068,2.140278649853056,0
controller_comparison,M6_GP_ENHANCED_ENMPC_ROBUST_TRACKING_030_MINUS_M5_ENMPC_ROBUST_TRACKING_030,M6_GP_ENHANCED_ENMPC_ROBUST_TRACKING_030,M5_ENMPC_ROBUST_TRACKING_030,MU_MANHATTAN_NY_01,P_ENERGY_WIND_PAYLOAD,jerk_max_mps3,lower,3.177506372295117,3.5368058996764553,-0.3592995273813382,-10.15887039246928,1
controller_comparison,M6_GP_ENHANCED_ENMPC_ROBUST_TRACKING_030_MINUS_M5_ENMPC_ROBUST_TRACKING_030,M6_GP_ENHANCED_ENMPC_ROBUST_TRACKING_030,M5_ENMPC_ROBUST_TRACKING_030,MU_MANHATTAN_NY_01,P_ENERGY_WIND_PAYLOAD,robust_compensation_p95_mps2,lower,0.3748912698936149,0.38616465913625064,-0.011273389242635767,-2.9193218426179626,1
controller_comparison,M6_GP_ENHANCED_ENMPC_ROBUST_TRACKING_030_MINUS_M5_ENMPC_ROBUST_TRACKING_030,M6_GP_ENHANCED_ENMPC_ROBUST_TRACKING_030,M5_ENMPC_ROBUST_TRACKING_030,MU_MANHATTAN_NY_01,P_ENERGY_WIND_PAYLOAD,rotor_command_total_variation_n,lower,3562.7991719976853,2249.734061012826,1313.0651109848595,58.36534787554936,0
controller_comparison,M6_GP_ENHANCED_ENMPC_ROBUST_TRACKING_030_MINUS_M5_ENMPC_ROBUST_TRACKING_030,M6_GP_ENHANCED_ENMPC_ROBUST_TRACKING_030,M5_ENMPC_ROBUST_TRACKING_030,MU_MANHATTAN_NY_01,P_ENERGY_WIND_PAYLOAD,minimum_per_rotor_margin_n,higher,9.08466255015908,9.863701815130096,-0.7790392649710149,-7.898041522058521,0
controller_comparison,M6_GP_ENHANCED_ENMPC_ROBUST_TRACKING_030_MINUS_M5_ENMPC_ROBUST_TRACKING_030,M6_GP_ENHANCED_ENMPC_ROBUST_TRACKING_030,M5_ENMPC_ROBUST_TRACKING_030,MU_MANHATTAN_NY_01,P_ENERGY_WIND_PAYLOAD,solver_deadline_miss_count,lower,0.0,0.0,0.0,,0
controller_comparison,M6_GP_ENHANCED_ENMPC_ROBUST_TRACKING_030_MINUS_M5_ENMPC_ROBUST_TRACKING_030,M6_GP_ENHANCED_ENMPC_ROBUST_TRACKING_030,M5_ENMPC_ROBUST_TRACKING_030,MU_MANHATTAN_NY_02,P_DIST_FIXED,service_corrected_mission_time_s,lower,667.1079999996047,660.2679999996111,6.839999999993552,1.0359429807286709,0
controller_comparison,M6_GP_ENHANCED_ENMPC_ROBUST_TRACKING_030_MINUS_M5_ENMPC_ROBUST_TRACKING_030,M6_GP_ENHANCED_ENMPC_ROBUST_TRACKING_030,M5_ENMPC_ROBUST_TRACKING_030,MU_MANHATTAN_NY_02,P_DIST_FIXED,service_corrected_modeled_energy_j,lower,803085.4027978649,794528.8862063347,8556.516591530177,1.0769295792863216,0
controller_comparison,M6_GP_ENHANCED_ENMPC_ROBUST_TRACKING_030_MINUS_M5_ENMPC_ROBUST_TRACKING_030,M6_GP_ENHANCED_ENMPC_ROBUST_TRACKING_030,M5_ENMPC_ROBUST_TRACKING_030,MU_MANHATTAN_NY_02,P_DIST_FIXED,flight_time_s,lower,555.1399999996047,548.2999999996111,6.839999999993552,1.2474922487686309,0
controller_comparison,M6_GP_ENHANCED_ENMPC_ROBUST_TRACKING_030_MINUS_M5_ENMPC_ROBUST_TRACKING_030,M6_GP_ENHANCED_ENMPC_ROBUST_TRACKING_030,M5_ENMPC_ROBUST_TRACKING_030,MU_MANHATTAN_NY_02,P_DIST_FIXED,service_time_s,lower,111.968,111.968,0.0,0.0,0
controller_comparison,M6_GP_ENHANCED_ENMPC_ROBUST_TRACKING_030_MINUS_M5_ENMPC_ROBUST_TRACKING_030,M6_GP_ENHANCED_ENMPC_ROBUST_TRACKING_030,M5_ENMPC_ROBUST_TRACKING_030,MU_MANHATTAN_NY_02,P_DIST_FIXED,flight_controller_sensitive_energy_j,lower,696060.2580375683,687503.7414460381,8556.516591530177,1.24457745837617,0
controller_comparison,M6_GP_ENHANCED_ENMPC_ROBUST_TRACKING_030_MINUS_M5_ENMPC_ROBUST_TRACKING_030,M6_GP_ENHANCED_ENMPC_ROBUST_TRACKING_030,M5_ENMPC_ROBUST_TRACKING_030,MU_MANHATTAN_NY_02,P_DIST_FIXED,service_energy_j,lower,107025.1447602966,107025.1447602966,0.0,0.0,0
controller_comparison,M6_GP_ENHANCED_ENMPC_ROBUST_TRACKING_030_MINUS_M5_ENMPC_ROBUST_TRACKING_030,M6_GP_ENHANCED_ENMPC_ROBUST_TRACKING_030,M5_ENMPC_ROBUST_TRACKING_030,MU_MANHATTAN_NY_02,P_DIST_FIXED,position_rms_m,lower,0.08570524081209668,0.12329004916714209,-0.03758480835504541,-30.48486768311071,1
controller_comparison,M6_GP_ENHANCED_ENMPC_ROBUST_TRACKING_030_MINUS_M5_ENMPC_ROBUST_TRACKING_030,M6_GP_ENHANCED_ENMPC_ROBUST_TRACKING_030,M5_ENMPC_ROBUST_TRACKING_030,MU_MANHATTAN_NY_02,P_DIST_FIXED,position_p95_m,lower,0.13396481832004348,0.18353136157169644,-0.04956654325165297,-27.007124464823317,1
controller_comparison,M6_GP_ENHANCED_ENMPC_ROBUST_TRACKING_030_MINUS_M5_ENMPC_ROBUST_TRACKING_030,M6_GP_ENHANCED_ENMPC_ROBUST_TRACKING_030,M5_ENMPC_ROBUST_TRACKING_030,MU_MANHATTAN_NY_02,P_DIST_FIXED,position_max_m,lower,0.18574482607937973,0.24404312605031625,-0.058298299970936523,-23.88852368614419,1
controller_comparison,M6_GP_ENHANCED_ENMPC_ROBUST_TRACKING_030_MINUS_M5_ENMPC_ROBUST_TRACKING_030,M6_GP_ENHANCED_ENMPC_ROBUST_TRACKING_030,M5_ENMPC_ROBUST_TRACKING_030,MU_MANHATTAN_NY_02,P_DIST_FIXED,vertical_p95_error_m,lower,0.038736148991590724,0.020445380582915007,0.018290768408675717,89.46161865023059,0
controller_comparison,M6_GP_ENHANCED_ENMPC_ROBUST_TRACKING_030_MINUS_M5_ENMPC_ROBUST_TRACKING_030,M6_GP_ENHANCED_ENMPC_ROBUST_TRACKING_030,M5_ENMPC_ROBUST_TRACKING_030,MU_MANHATTAN_NY_02,P_DIST_FIXED,attitude_p95_rad,lower,0.015659213957980762,0.014435458588126298,0.0012237553698544647,8.477426348346489,0
controller_comparison,M6_GP_ENHANCED_ENMPC_ROBUST_TRACKING_030_MINUS_M5_ENMPC_ROBUST_TRACKING_030,M6_GP_ENHANCED_ENMPC_ROBUST_TRACKING_030,M5_ENMPC_ROBUST_TRACKING_030,MU_MANHATTAN_NY_02,P_DIST_FIXED,acceleration_p95_mps2,lower,1.0252723562669805,1.0794202154573411,-0.05414785919036058,-5.016383648829348,1
controller_comparison,M6_GP_ENHANCED_ENMPC_ROBUST_TRACKING_030_MINUS_M5_ENMPC_ROBUST_TRACKING_030,M6_GP_ENHANCED_ENMPC_ROBUST_TRACKING_030,M5_ENMPC_ROBUST_TRACKING_030,MU_MANHATTAN_NY_02,P_DIST_FIXED,acceleration_max_mps2,lower,1.5892598752756102,1.5726010384606675,0.016658836814942735,1.0593174242876726,0
controller_comparison,M6_GP_ENHANCED_ENMPC_ROBUST_TRACKING_030_MINUS_M5_ENMPC_ROBUST_TRACKING_030,M6_GP_ENHANCED_ENMPC_ROBUST_TRACKING_030,M5_ENMPC_ROBUST_TRACKING_030,MU_MANHATTAN_NY_02,P_DIST_FIXED,jerk_p95_mps3,lower,0.6208785525460682,0.5416158390099876,0.07926271353608061,14.634489582314261,0
controller_comparison,M6_GP_ENHANCED_ENMPC_ROBUST_TRACKING_030_MINUS_M5_ENMPC_ROBUST_TRACKING_030,M6_GP_ENHANCED_ENMPC_ROBUST_TRACKING_030,M5_ENMPC_ROBUST_TRACKING_030,MU_MANHATTAN_NY_02,P_DIST_FIXED,jerk_max_mps3,lower,3.165848171947883,3.837136188498354,-0.6712880165504709,-17.494505891206753,1
controller_comparison,M6_GP_ENHANCED_ENMPC_ROBUST_TRACKING_030_MINUS_M5_ENMPC_ROBUST_TRACKING_030,M6_GP_ENHANCED_ENMPC_ROBUST_TRACKING_030,M5_ENMPC_ROBUST_TRACKING_030,MU_MANHATTAN_NY_02,P_DIST_FIXED,robust_compensation_p95_mps2,lower,0.3930408022169485,0.4025375091279846,-0.009496706911036101,-2.3592104327392445,1
controller_comparison,M6_GP_ENHANCED_ENMPC_ROBUST_TRACKING_030_MINUS_M5_ENMPC_ROBUST_TRACKING_030,M6_GP_ENHANCED_ENMPC_ROBUST_TRACKING_030,M5_ENMPC_ROBUST_TRACKING_030,MU_MANHATTAN_NY_02,P_DIST_FIXED,rotor_command_total_variation_n,lower,3981.5939233443196,2508.073548577549,1473.5203747667706,58.75108310131001,0
controller_comparison,M6_GP_ENHANCED_ENMPC_ROBUST_TRACKING_030_MINUS_M5_ENMPC_ROBUST_TRACKING_030,M6_GP_ENHANCED_ENMPC_ROBUST_TRACKING_030,M5_ENMPC_ROBUST_TRACKING_030,MU_MANHATTAN_NY_02,P_DIST_FIXED,minimum_per_rotor_margin_n,higher,8.317334558066062,8.3369645745355,-0.019630016469438516,-0.23545759723384954,0
controller_comparison,M6_GP_ENHANCED_ENMPC_ROBUST_TRACKING_030_MINUS_M5_ENMPC_ROBUST_TRACKING_030,M6_GP_ENHANCED_ENMPC_ROBUST_TRACKING_030,M5_ENMPC_ROBUST_TRACKING_030,MU_MANHATTAN_NY_02,P_DIST_FIXED,solver_deadline_miss_count,lower,0.0,0.0,0.0,,0
controller_comparison,M6_GP_ENHANCED_ENMPC_ROBUST_TRACKING_030_MINUS_M5_ENMPC_ROBUST_TRACKING_030,M6_GP_ENHANCED_ENMPC_ROBUST_TRACKING_030,M5_ENMPC_ROBUST_TRACKING_030,MU_MANHATTAN_NY_02,P_ENERGY_WIND_PAYLOAD,service_corrected_mission_time_s,lower,685.0879999995883,676.7879999995963,8.299999999991996,1.2263810824064474,0
controller_comparison,M6_GP_ENHANCED_ENMPC_ROBUST_TRACKING_030_MINUS_M5_ENMPC_ROBUST_TRACKING_030,M6_GP_ENHANCED_ENMPC_ROBUST_TRACKING_030,M5_ENMPC_ROBUST_TRACKING_030,MU_MANHATTAN_NY_02,P_ENERGY_WIND_PAYLOAD,service_corrected_modeled_energy_j,lower,807469.870194841,797064.2839450947,10405.586249746266,1.305488962351128,0
controller_comparison,M6_GP_ENHANCED_ENMPC_ROBUST_TRACKING_030_MINUS_M5_ENMPC_ROBUST_TRACKING_030,M6_GP_ENHANCED_ENMPC_ROBUST_TRACKING_030,M5_ENMPC_ROBUST_TRACKING_030,MU_MANHATTAN_NY_02,P_ENERGY_WIND_PAYLOAD,flight_time_s,lower,573.1199999995883,564.8199999995963,8.299999999991996,1.4694947062777395,0
controller_comparison,M6_GP_ENHANCED_ENMPC_ROBUST_TRACKING_030_MINUS_M5_ENMPC_ROBUST_TRACKING_030,M6_GP_ENHANCED_ENMPC_ROBUST_TRACKING_030,M5_ENMPC_ROBUST_TRACKING_030,MU_MANHATTAN_NY_02,P_ENERGY_WIND_PAYLOAD,service_time_s,lower,111.968,111.968,0.0,0.0,0
controller_comparison,M6_GP_ENHANCED_ENMPC_ROBUST_TRACKING_030_MINUS_M5_ENMPC_ROBUST_TRACKING_030,M6_GP_ENHANCED_ENMPC_ROBUST_TRACKING_030,M5_ENMPC_ROBUST_TRACKING_030,MU_MANHATTAN_NY_02,P_ENERGY_WIND_PAYLOAD,flight_controller_sensitive_energy_j,lower,699381.9946686216,688976.4084188753,10405.586249746266,1.5102964517502038,0
controller_comparison,M6_GP_ENHANCED_ENMPC_ROBUST_TRACKING_030_MINUS_M5_ENMPC_ROBUST_TRACKING_030,M6_GP_ENHANCED_ENMPC_ROBUST_TRACKING_030,M5_ENMPC_ROBUST_TRACKING_030,MU_MANHATTAN_NY_02,P_ENERGY_WIND_PAYLOAD,service_energy_j,lower,108087.87552621937,108087.87552621937,0.0,0.0,0
controller_comparison,M6_GP_ENHANCED_ENMPC_ROBUST_TRACKING_030_MINUS_M5_ENMPC_ROBUST_TRACKING_030,M6_GP_ENHANCED_ENMPC_ROBUST_TRACKING_030,M5_ENMPC_ROBUST_TRACKING_030,MU_MANHATTAN_NY_02,P_ENERGY_WIND_PAYLOAD,position_rms_m,lower,0.07748390174738826,0.1176075951107924,-0.04012369336340414,-34.11658347881832,1
controller_comparison,M6_GP_ENHANCED_ENMPC_ROBUST_TRACKING_030_MINUS_M5_ENMPC_ROBUST_TRACKING_030,M6_GP_ENHANCED_ENMPC_ROBUST_TRACKING_030,M5_ENMPC_ROBUST_TRACKING_030,MU_MANHATTAN_NY_02,P_ENERGY_WIND_PAYLOAD,position_p95_m,lower,0.11899040652962763,0.17768064867382813,-0.0586902421442005,-33.0313079011431,1
controller_comparison,M6_GP_ENHANCED_ENMPC_ROBUST_TRACKING_030_MINUS_M5_ENMPC_ROBUST_TRACKING_030,M6_GP_ENHANCED_ENMPC_ROBUST_TRACKING_030,M5_ENMPC_ROBUST_TRACKING_030,MU_MANHATTAN_NY_02,P_ENERGY_WIND_PAYLOAD,position_max_m,lower,0.17327853173216734,0.22263475113723494,-0.0493562194050676,-22.169144373442304,1
controller_comparison,M6_GP_ENHANCED_ENMPC_ROBUST_TRACKING_030_MINUS_M5_ENMPC_ROBUST_TRACKING_030,M6_GP_ENHANCED_ENMPC_ROBUST_TRACKING_030,M5_ENMPC_ROBUST_TRACKING_030,MU_MANHATTAN_NY_02,P_ENERGY_WIND_PAYLOAD,vertical_p95_error_m,lower,0.041236448487453004,0.020261547951143655,0.02097490053630935,103.52072105687971,0
controller_comparison,M6_GP_ENHANCED_ENMPC_ROBUST_TRACKING_030_MINUS_M5_ENMPC_ROBUST_TRACKING_030,M6_GP_ENHANCED_ENMPC_ROBUST_TRACKING_030,M5_ENMPC_ROBUST_TRACKING_030,MU_MANHATTAN_NY_02,P_ENERGY_WIND_PAYLOAD,attitude_p95_rad,lower,0.015391101859985103,0.014249884192944763,0.0011412176670403396,8.00861011632197,0
controller_comparison,M6_GP_ENHANCED_ENMPC_ROBUST_TRACKING_030_MINUS_M5_ENMPC_ROBUST_TRACKING_030,M6_GP_ENHANCED_ENMPC_ROBUST_TRACKING_030,M5_ENMPC_ROBUST_TRACKING_030,MU_MANHATTAN_NY_02,P_ENERGY_WIND_PAYLOAD,acceleration_p95_mps2,lower,0.7956627047057199,0.8128081390792902,-0.0171454343735703,-2.1094073188036506,1
controller_comparison,M6_GP_ENHANCED_ENMPC_ROBUST_TRACKING_030_MINUS_M5_ENMPC_ROBUST_TRACKING_030,M6_GP_ENHANCED_ENMPC_ROBUST_TRACKING_030,M5_ENMPC_ROBUST_TRACKING_030,MU_MANHATTAN_NY_02,P_ENERGY_WIND_PAYLOAD,acceleration_max_mps2,lower,1.3377678639403985,1.4144715069253408,-0.07670364298494237,-5.422777525697516,1
controller_comparison,M6_GP_ENHANCED_ENMPC_ROBUST_TRACKING_030_MINUS_M5_ENMPC_ROBUST_TRACKING_030,M6_GP_ENHANCED_ENMPC_ROBUST_TRACKING_030,M5_ENMPC_ROBUST_TRACKING_030,MU_MANHATTAN_NY_02,P_ENERGY_WIND_PAYLOAD,jerk_p95_mps3,lower,0.5786196317560958,0.4848310531158917,0.09378857864020407,19.344589839583833,0
controller_comparison,M6_GP_ENHANCED_ENMPC_ROBUST_TRACKING_030_MINUS_M5_ENMPC_ROBUST_TRACKING_030,M6_GP_ENHANCED_ENMPC_ROBUST_TRACKING_030,M5_ENMPC_ROBUST_TRACKING_030,MU_MANHATTAN_NY_02,P_ENERGY_WIND_PAYLOAD,jerk_max_mps3,lower,3.59972018429216,3.8105229937490357,-0.2108028094568759,-5.5321227506745645,1
controller_comparison,M6_GP_ENHANCED_ENMPC_ROBUST_TRACKING_030_MINUS_M5_ENMPC_ROBUST_TRACKING_030,M6_GP_ENHANCED_ENMPC_ROBUST_TRACKING_030,M5_ENMPC_ROBUST_TRACKING_030,MU_MANHATTAN_NY_02,P_ENERGY_WIND_PAYLOAD,robust_compensation_p95_mps2,lower,0.38938402308751335,0.39087366535747514,-0.0014896422699617884,-0.3811058155067648,1
controller_comparison,M6_GP_ENHANCED_ENMPC_ROBUST_TRACKING_030_MINUS_M5_ENMPC_ROBUST_TRACKING_030,M6_GP_ENHANCED_ENMPC_ROBUST_TRACKING_030,M5_ENMPC_ROBUST_TRACKING_030,MU_MANHATTAN_NY_02,P_ENERGY_WIND_PAYLOAD,rotor_command_total_variation_n,lower,3540.2159550196534,2279.5364006569266,1260.6795543627268,55.304208083688366,0
controller_comparison,M6_GP_ENHANCED_ENMPC_ROBUST_TRACKING_030_MINUS_M5_ENMPC_ROBUST_TRACKING_030,M6_GP_ENHANCED_ENMPC_ROBUST_TRACKING_030,M5_ENMPC_ROBUST_TRACKING_030,MU_MANHATTAN_NY_02,P_ENERGY_WIND_PAYLOAD,minimum_per_rotor_margin_n,higher,11.077726480437999,11.33103889501291,-0.2533124145749106,-2.2355621309039906,0
controller_comparison,M6_GP_ENHANCED_ENMPC_ROBUST_TRACKING_030_MINUS_M5_ENMPC_ROBUST_TRACKING_030,M6_GP_ENHANCED_ENMPC_ROBUST_TRACKING_030,M5_ENMPC_ROBUST_TRACKING_030,MU_MANHATTAN_NY_02,P_ENERGY_WIND_PAYLOAD,solver_deadline_miss_count,lower,0.0,0.0,0.0,,0
controller_comparison,M6_GP_ENHANCED_ENMPC_ROBUST_TRACKING_030_MINUS_M5_ENMPC_ROBUST_TRACKING_030,M6_GP_ENHANCED_ENMPC_ROBUST_TRACKING_030,M5_ENMPC_ROBUST_TRACKING_030,MU_SEATTLE_WA_01,P_DIST_FIXED,service_corrected_mission_time_s,lower,559.607999999698,552.5179999997044,7.089999999993552,1.2832161124157664,0
controller_comparison,M6_GP_ENHANCED_ENMPC_ROBUST_TRACKING_030_MINUS_M5_ENMPC_ROBUST_TRACKING_030,M6_GP_ENHANCED_ENMPC_ROBUST_TRACKING_030,M5_ENMPC_ROBUST_TRACKING_030,MU_SEATTLE_WA_01,P_DIST_FIXED,service_corrected_modeled_energy_j,lower,661886.7816674354,653346.5754845433,8540.206182892085,1.3071479216920034,0
controller_comparison,M6_GP_ENHANCED_ENMPC_ROBUST_TRACKING_030_MINUS_M5_ENMPC_ROBUST_TRACKING_030,M6_GP_ENHANCED_ENMPC_ROBUST_TRACKING_030,M5_ENMPC_ROBUST_TRACKING_030,MU_SEATTLE_WA_01,P_DIST_FIXED,flight_time_s,lower,447.63999999969803,440.5499999997045,7.089999999993552,1.609351946430214,0
controller_comparison,M6_GP_ENHANCED_ENMPC_ROBUST_TRACKING_030_MINUS_M5_ENMPC_ROBUST_TRACKING_030,M6_GP_ENHANCED_ENMPC_ROBUST_TRACKING_030,M5_ENMPC_ROBUST_TRACKING_030,MU_SEATTLE_WA_01,P_DIST_FIXED,service_time_s,lower,111.968,111.968,0.0,0.0,0
controller_comparison,M6_GP_ENHANCED_ENMPC_ROBUST_TRACKING_030_MINUS_M5_ENMPC_ROBUST_TRACKING_030,M6_GP_ENHANCED_ENMPC_ROBUST_TRACKING_030,M5_ENMPC_ROBUST_TRACKING_030,MU_SEATTLE_WA_01,P_DIST_FIXED,flight_controller_sensitive_energy_j,lower,554129.0644986331,545588.8583157411,8540.206182892085,1.5653190223231668,0
controller_comparison,M6_GP_ENHANCED_ENMPC_ROBUST_TRACKING_030_MINUS_M5_ENMPC_ROBUST_TRACKING_030,M6_GP_ENHANCED_ENMPC_ROBUST_TRACKING_030,M5_ENMPC_ROBUST_TRACKING_030,MU_SEATTLE_WA_01,P_DIST_FIXED,service_energy_j,lower,107757.71716880225,107757.71716880225,0.0,0.0,0
controller_comparison,M6_GP_ENHANCED_ENMPC_ROBUST_TRACKING_030_MINUS_M5_ENMPC_ROBUST_TRACKING_030,M6_GP_ENHANCED_ENMPC_ROBUST_TRACKING_030,M5_ENMPC_ROBUST_TRACKING_030,MU_SEATTLE_WA_01,P_DIST_FIXED,position_rms_m,lower,0.08520259730540276,0.124575301855859,-0.03937270455045623,-31.605546174805006,1
controller_comparison,M6_GP_ENHANCED_ENMPC_ROBUST_TRACKING_030_MINUS_M5_ENMPC_ROBUST_TRACKING_030,M6_GP_ENHANCED_ENMPC_ROBUST_TRACKING_030,M5_ENMPC_ROBUST_TRACKING_030,MU_SEATTLE_WA_01,P_DIST_FIXED,position_p95_m,lower,0.12930932946954393,0.19264281434724986,-0.06333348487770593,-32.876121070129116,1
controller_comparison,M6_GP_ENHANCED_ENMPC_ROBUST_TRACKING_030_MINUS_M5_ENMPC_ROBUST_TRACKING_030,M6_GP_ENHANCED_ENMPC_ROBUST_TRACKING_030,M5_ENMPC_ROBUST_TRACKING_030,MU_SEATTLE_WA_01,P_DIST_FIXED,position_max_m,lower,0.16948571257973372,0.23819695397634255,-0.06871124139660884,-28.84639801205567,1
controller_comparison,M6_GP_ENHANCED_ENMPC_ROBUST_TRACKING_030_MINUS_M5_ENMPC_ROBUST_TRACKING_030,M6_GP_ENHANCED_ENMPC_ROBUST_TRACKING_030,M5_ENMPC_ROBUST_TRACKING_030,MU_SEATTLE_WA_01,P_DIST_FIXED,vertical_p95_error_m,lower,0.04919078430151025,0.030383117167811946,0.018807667133698303,61.90170360012716,0
controller_comparison,M6_GP_ENHANCED_ENMPC_ROBUST_TRACKING_030_MINUS_M5_ENMPC_ROBUST_TRACKING_030,M6_GP_ENHANCED_ENMPC_ROBUST_TRACKING_030,M5_ENMPC_ROBUST_TRACKING_030,MU_SEATTLE_WA_01,P_DIST_FIXED,attitude_p95_rad,lower,0.014827751621772982,0.014201657977113199,0.0006260936446597833,4.408595430679783,0
controller_comparison,M6_GP_ENHANCED_ENMPC_ROBUST_TRACKING_030_MINUS_M5_ENMPC_ROBUST_TRACKING_030,M6_GP_ENHANCED_ENMPC_ROBUST_TRACKING_030,M5_ENMPC_ROBUST_TRACKING_030,MU_SEATTLE_WA_01,P_DIST_FIXED,acceleration_p95_mps2,lower,1.121770694431689,1.1971518232951377,-0.07538112886344872,-6.296705847714753,1
controller_comparison,M6_GP_ENHANCED_ENMPC_ROBUST_TRACKING_030_MINUS_M5_ENMPC_ROBUST_TRACKING_030,M6_GP_ENHANCED_ENMPC_ROBUST_TRACKING_030,M5_ENMPC_ROBUST_TRACKING_030,MU_SEATTLE_WA_01,P_DIST_FIXED,acceleration_max_mps2,lower,1.4796591215397572,1.4487362028350663,0.030922918704690883,2.134475458277158,0
controller_comparison,M6_GP_ENHANCED_ENMPC_ROBUST_TRACKING_030_MINUS_M5_ENMPC_ROBUST_TRACKING_030,M6_GP_ENHANCED_ENMPC_ROBUST_TRACKING_030,M5_ENMPC_ROBUST_TRACKING_030,MU_SEATTLE_WA_01,P_DIST_FIXED,jerk_p95_mps3,lower,0.5511479852900442,0.5150393673282847,0.03610861796175946,7.010846209498375,0
controller_comparison,M6_GP_ENHANCED_ENMPC_ROBUST_TRACKING_030_MINUS_M5_ENMPC_ROBUST_TRACKING_030,M6_GP_ENHANCED_ENMPC_ROBUST_TRACKING_030,M5_ENMPC_ROBUST_TRACKING_030,MU_SEATTLE_WA_01,P_DIST_FIXED,jerk_max_mps3,lower,2.1690935001939082,2.63532016650112,-0.4662266663072119,-17.691462017923037,1
controller_comparison,M6_GP_ENHANCED_ENMPC_ROBUST_TRACKING_030_MINUS_M5_ENMPC_ROBUST_TRACKING_030,M6_GP_ENHANCED_ENMPC_ROBUST_TRACKING_030,M5_ENMPC_ROBUST_TRACKING_030,MU_SEATTLE_WA_01,P_DIST_FIXED,robust_compensation_p95_mps2,lower,0.3009978607866941,0.3203327028375853,-0.0193348420508912,-6.03586267640439,1
controller_comparison,M6_GP_ENHANCED_ENMPC_ROBUST_TRACKING_030_MINUS_M5_ENMPC_ROBUST_TRACKING_030,M6_GP_ENHANCED_ENMPC_ROBUST_TRACKING_030,M5_ENMPC_ROBUST_TRACKING_030,MU_SEATTLE_WA_01,P_DIST_FIXED,rotor_command_total_variation_n,lower,2679.8598205607723,1814.5910320455914,865.2687885151809,47.68395595671836,0
controller_comparison,M6_GP_ENHANCED_ENMPC_ROBUST_TRACKING_030_MINUS_M5_ENMPC_ROBUST_TRACKING_030,M6_GP_ENHANCED_ENMPC_ROBUST_TRACKING_030,M5_ENMPC_ROBUST_TRACKING_030,MU_SEATTLE_WA_01,P_DIST_FIXED,minimum_per_rotor_margin_n,higher,9.678320219772605,10.577449546972964,-0.8991293272003595,-8.500435981353093,0
controller_comparison,M6_GP_ENHANCED_ENMPC_ROBUST_TRACKING_030_MINUS_M5_ENMPC_ROBUST_TRACKING_030,M6_GP_ENHANCED_ENMPC_ROBUST_TRACKING_030,M5_ENMPC_ROBUST_TRACKING_030,MU_SEATTLE_WA_01,P_DIST_FIXED,solver_deadline_miss_count,lower,0.0,0.0,0.0,,0
controller_comparison,M6_GP_ENHANCED_ENMPC_ROBUST_TRACKING_030_MINUS_M5_ENMPC_ROBUST_TRACKING_030,M6_GP_ENHANCED_ENMPC_ROBUST_TRACKING_030,M5_ENMPC_ROBUST_TRACKING_030,MU_SEATTLE_WA_01,P_ENERGY_WIND_PAYLOAD,service_corrected_mission_time_s,lower,553.7879999997033,548.8479999997078,4.939999999995507,0.9000670495288563,0
controller_comparison,M6_GP_ENHANCED_ENMPC_ROBUST_TRACKING_030_MINUS_M5_ENMPC_ROBUST_TRACKING_030,M6_GP_ENHANCED_ENMPC_ROBUST_TRACKING_030,M5_ENMPC_ROBUST_TRACKING_030,MU_SEATTLE_WA_01,P_ENERGY_WIND_PAYLOAD,service_corrected_modeled_energy_j,lower,654445.7500484717,648658.5353533222,5787.214695149567,0.8921820001948005,0
controller_comparison,M6_GP_ENHANCED_ENMPC_ROBUST_TRACKING_030_MINUS_M5_ENMPC_ROBUST_TRACKING_030,M6_GP_ENHANCED_ENMPC_ROBUST_TRACKING_030,M5_ENMPC_ROBUST_TRACKING_030,MU_SEATTLE_WA_01,P_ENERGY_WIND_PAYLOAD,flight_time_s,lower,441.8199999997033,436.8799999997078,4.939999999995507,1.1307452847461112,0
controller_comparison,M6_GP_ENHANCED_ENMPC_ROBUST_TRACKING_030_MINUS_M5_ENMPC_ROBUST_TRACKING_030,M6_GP_ENHANCED_ENMPC_ROBUST_TRACKING_030,M5_ENMPC_ROBUST_TRACKING_030,MU_SEATTLE_WA_01,P_ENERGY_WIND_PAYLOAD,service_time_s,lower,111.968,111.968,0.0,0.0,0
controller_comparison,M6_GP_ENHANCED_ENMPC_ROBUST_TRACKING_030_MINUS_M5_ENMPC_ROBUST_TRACKING_030,M6_GP_ENHANCED_ENMPC_ROBUST_TRACKING_030,M5_ENMPC_ROBUST_TRACKING_030,MU_SEATTLE_WA_01,P_ENERGY_WIND_PAYLOAD,flight_controller_sensitive_energy_j,lower,546688.0328796695,540900.8181845199,5787.214695149567,1.0699216012602424,0
controller_comparison,M6_GP_ENHANCED_ENMPC_ROBUST_TRACKING_030_MINUS_M5_ENMPC_ROBUST_TRACKING_030,M6_GP_ENHANCED_ENMPC_ROBUST_TRACKING_030,M5_ENMPC_ROBUST_TRACKING_030,MU_SEATTLE_WA_01,P_ENERGY_WIND_PAYLOAD,service_energy_j,lower,107757.71716880225,107757.71716880225,0.0,0.0,0
controller_comparison,M6_GP_ENHANCED_ENMPC_ROBUST_TRACKING_030_MINUS_M5_ENMPC_ROBUST_TRACKING_030,M6_GP_ENHANCED_ENMPC_ROBUST_TRACKING_030,M5_ENMPC_ROBUST_TRACKING_030,MU_SEATTLE_WA_01,P_ENERGY_WIND_PAYLOAD,position_rms_m,lower,0.08611098399395539,0.11337560225729822,-0.027264618263342824,-24.048047128753176,1
controller_comparison,M6_GP_ENHANCED_ENMPC_ROBUST_TRACKING_030_MINUS_M5_ENMPC_ROBUST_TRACKING_030,M6_GP_ENHANCED_ENMPC_ROBUST_TRACKING_030,M5_ENMPC_ROBUST_TRACKING_030,MU_SEATTLE_WA_01,P_ENERGY_WIND_PAYLOAD,position_p95_m,lower,0.13505743720936272,0.17568197679582473,-0.040624539586462005,-23.123908512069686,1
controller_comparison,M6_GP_ENHANCED_ENMPC_ROBUST_TRACKING_030_MINUS_M5_ENMPC_ROBUST_TRACKING_030,M6_GP_ENHANCED_ENMPC_ROBUST_TRACKING_030,M5_ENMPC_ROBUST_TRACKING_030,MU_SEATTLE_WA_01,P_ENERGY_WIND_PAYLOAD,position_max_m,lower,0.19804930222833267,0.2236701440673844,-0.025620841839051722,-11.454743745921233,1
controller_comparison,M6_GP_ENHANCED_ENMPC_ROBUST_TRACKING_030_MINUS_M5_ENMPC_ROBUST_TRACKING_030,M6_GP_ENHANCED_ENMPC_ROBUST_TRACKING_030,M5_ENMPC_ROBUST_TRACKING_030,MU_SEATTLE_WA_01,P_ENERGY_WIND_PAYLOAD,vertical_p95_error_m,lower,0.04457216418751209,0.030507601738628765,0.014064562448883322,46.101829207619275,0
controller_comparison,M6_GP_ENHANCED_ENMPC_ROBUST_TRACKING_030_MINUS_M5_ENMPC_ROBUST_TRACKING_030,M6_GP_ENHANCED_ENMPC_ROBUST_TRACKING_030,M5_ENMPC_ROBUST_TRACKING_030,MU_SEATTLE_WA_01,P_ENERGY_WIND_PAYLOAD,attitude_p95_rad,lower,0.014887763520907206,0.014145677782489506,0.0007420857384177002,5.246024614927289,0
controller_comparison,M6_GP_ENHANCED_ENMPC_ROBUST_TRACKING_030_MINUS_M5_ENMPC_ROBUST_TRACKING_030,M6_GP_ENHANCED_ENMPC_ROBUST_TRACKING_030,M5_ENMPC_ROBUST_TRACKING_030,MU_SEATTLE_WA_01,P_ENERGY_WIND_PAYLOAD,acceleration_p95_mps2,lower,1.0606014643276054,1.082991596998436,-0.022390132670830676,-2.0674336470279195,1
controller_comparison,M6_GP_ENHANCED_ENMPC_ROBUST_TRACKING_030_MINUS_M5_ENMPC_ROBUST_TRACKING_030,M6_GP_ENHANCED_ENMPC_ROBUST_TRACKING_030,M5_ENMPC_ROBUST_TRACKING_030,MU_SEATTLE_WA_01,P_ENERGY_WIND_PAYLOAD,acceleration_max_mps2,lower,1.3759799295180404,1.4245197855907161,-0.04853985607267575,-3.407453975976007,1
controller_comparison,M6_GP_ENHANCED_ENMPC_ROBUST_TRACKING_030_MINUS_M5_ENMPC_ROBUST_TRACKING_030,M6_GP_ENHANCED_ENMPC_ROBUST_TRACKING_030,M5_ENMPC_ROBUST_TRACKING_030,MU_SEATTLE_WA_01,P_ENERGY_WIND_PAYLOAD,jerk_p95_mps3,lower,0.5399841069343269,0.4802444575603903,0.059739649373936554,12.439425053942314,0
controller_comparison,M6_GP_ENHANCED_ENMPC_ROBUST_TRACKING_030_MINUS_M5_ENMPC_ROBUST_TRACKING_030,M6_GP_ENHANCED_ENMPC_ROBUST_TRACKING_030,M5_ENMPC_ROBUST_TRACKING_030,MU_SEATTLE_WA_01,P_ENERGY_WIND_PAYLOAD,jerk_max_mps3,lower,2.3783510555898157,2.3492429879245904,0.029108067665225335,1.2390403127664753,0
controller_comparison,M6_GP_ENHANCED_ENMPC_ROBUST_TRACKING_030_MINUS_M5_ENMPC_ROBUST_TRACKING_030,M6_GP_ENHANCED_ENMPC_ROBUST_TRACKING_030,M5_ENMPC_ROBUST_TRACKING_030,MU_SEATTLE_WA_01,P_ENERGY_WIND_PAYLOAD,robust_compensation_p95_mps2,lower,0.2998671471445268,0.3187631775564602,-0.01889603041193344,-5.927921335451778,1
controller_comparison,M6_GP_ENHANCED_ENMPC_ROBUST_TRACKING_030_MINUS_M5_ENMPC_ROBUST_TRACKING_030,M6_GP_ENHANCED_ENMPC_ROBUST_TRACKING_030,M5_ENMPC_ROBUST_TRACKING_030,MU_SEATTLE_WA_01,P_ENERGY_WIND_PAYLOAD,rotor_command_total_variation_n,lower,2570.771626033286,1798.599976720051,772.1716493132349,42.931816930264645,0
controller_comparison,M6_GP_ENHANCED_ENMPC_ROBUST_TRACKING_030_MINUS_M5_ENMPC_ROBUST_TRACKING_030,M6_GP_ENHANCED_ENMPC_ROBUST_TRACKING_030,M5_ENMPC_ROBUST_TRACKING_030,MU_SEATTLE_WA_01,P_ENERGY_WIND_PAYLOAD,minimum_per_rotor_margin_n,higher,11.262569858311466,11.594881977021426,-0.3323121187099609,-2.8660241593535183,0
controller_comparison,M6_GP_ENHANCED_ENMPC_ROBUST_TRACKING_030_MINUS_M5_ENMPC_ROBUST_TRACKING_030,M6_GP_ENHANCED_ENMPC_ROBUST_TRACKING_030,M5_ENMPC_ROBUST_TRACKING_030,MU_SEATTLE_WA_01,P_ENERGY_WIND_PAYLOAD,solver_deadline_miss_count,lower,0.0,0.0,0.0,,0
controller_comparison,M6_GP_ENHANCED_ENMPC_ROBUST_TRACKING_030_MINUS_M5_ENMPC_ROBUST_TRACKING_030,M6_GP_ENHANCED_ENMPC_ROBUST_TRACKING_030,M5_ENMPC_ROBUST_TRACKING_030,MU_SEATTLE_WA_02,P_DIST_FIXED,service_corrected_mission_time_s,lower,729.1879999995534,721.5879999995567,7.599999999996726,1.0532325925599366,0
controller_comparison,M6_GP_ENHANCED_ENMPC_ROBUST_TRACKING_030_MINUS_M5_ENMPC_ROBUST_TRACKING_030,M6_GP_ENHANCED_ENMPC_ROBUST_TRACKING_030,M5_ENMPC_ROBUST_TRACKING_030,MU_SEATTLE_WA_02,P_DIST_FIXED,service_corrected_modeled_energy_j,lower,873842.2440328405,864557.7307911075,9284.513241732959,1.0739032121356695,0
controller_comparison,M6_GP_ENHANCED_ENMPC_ROBUST_TRACKING_030_MINUS_M5_ENMPC_ROBUST_TRACKING_030,M6_GP_ENHANCED_ENMPC_ROBUST_TRACKING_030,M5_ENMPC_ROBUST_TRACKING_030,MU_SEATTLE_WA_02,P_DIST_FIXED,flight_time_s,lower,617.2199999995535,609.6199999995567,7.599999999996726,1.246678258587686,0
controller_comparison,M6_GP_ENHANCED_ENMPC_ROBUST_TRACKING_030_MINUS_M5_ENMPC_ROBUST_TRACKING_030,M6_GP_ENHANCED_ENMPC_ROBUST_TRACKING_030,M5_ENMPC_ROBUST_TRACKING_030,MU_SEATTLE_WA_02,P_DIST_FIXED,service_time_s,lower,111.968,111.968,0.0,0.0,0
controller_comparison,M6_GP_ENHANCED_ENMPC_ROBUST_TRACKING_030_MINUS_M5_ENMPC_ROBUST_TRACKING_030,M6_GP_ENHANCED_ENMPC_ROBUST_TRACKING_030,M5_ENMPC_ROBUST_TRACKING_030,MU_SEATTLE_WA_02,P_DIST_FIXED,flight_controller_sensitive_energy_j,lower,766209.8392717263,756925.3260299934,9284.513241732959,1.2266088770512427,0
controller_comparison,M6_GP_ENHANCED_ENMPC_ROBUST_TRACKING_030_MINUS_M5_ENMPC_ROBUST_TRACKING_030,M6_GP_ENHANCED_ENMPC_ROBUST_TRACKING_030,M5_ENMPC_ROBUST_TRACKING_030,MU_SEATTLE_WA_02,P_DIST_FIXED,service_energy_j,lower,107632.40476111413,107632.40476111413,0.0,0.0,0
controller_comparison,M6_GP_ENHANCED_ENMPC_ROBUST_TRACKING_030_MINUS_M5_ENMPC_ROBUST_TRACKING_030,M6_GP_ENHANCED_ENMPC_ROBUST_TRACKING_030,M5_ENMPC_ROBUST_TRACKING_030,MU_SEATTLE_WA_02,P_DIST_FIXED,position_rms_m,lower,0.14443929398524588,0.1755948829124614,-0.03115558892721551,-17.7428797527929,1
controller_comparison,M6_GP_ENHANCED_ENMPC_ROBUST_TRACKING_030_MINUS_M5_ENMPC_ROBUST_TRACKING_030,M6_GP_ENHANCED_ENMPC_ROBUST_TRACKING_030,M5_ENMPC_ROBUST_TRACKING_030,MU_SEATTLE_WA_02,P_DIST_FIXED,position_p95_m,lower,0.20594752107765418,0.2997005056326996,-0.09375298455504544,-31.282224351648296,1
controller_comparison,M6_GP_ENHANCED_ENMPC_ROBUST_TRACKING_030_MINUS_M5_ENMPC_ROBUST_TRACKING_030,M6_GP_ENHANCED_ENMPC_ROBUST_TRACKING_030,M5_ENMPC_ROBUST_TRACKING_030,MU_SEATTLE_WA_02,P_DIST_FIXED,position_max_m,lower,0.4695109618136482,0.46128866111446665,0.008222300699181562,1.7824632149675224,0
controller_comparison,M6_GP_ENHANCED_ENMPC_ROBUST_TRACKING_030_MINUS_M5_ENMPC_ROBUST_TRACKING_030,M6_GP_ENHANCED_ENMPC_ROBUST_TRACKING_030,M5_ENMPC_ROBUST_TRACKING_030,MU_SEATTLE_WA_02,P_DIST_FIXED,vertical_p95_error_m,lower,0.04007483772733522,0.020863293430899432,0.01921154429643579,92.08298948613103,0
controller_comparison,M6_GP_ENHANCED_ENMPC_ROBUST_TRACKING_030_MINUS_M5_ENMPC_ROBUST_TRACKING_030,M6_GP_ENHANCED_ENMPC_ROBUST_TRACKING_030,M5_ENMPC_ROBUST_TRACKING_030,MU_SEATTLE_WA_02,P_DIST_FIXED,attitude_p95_rad,lower,0.02190515981548231,0.02029055952745295,0.0016146002880293615,7.957396570778747,0
controller_comparison,M6_GP_ENHANCED_ENMPC_ROBUST_TRACKING_030_MINUS_M5_ENMPC_ROBUST_TRACKING_030,M6_GP_ENHANCED_ENMPC_ROBUST_TRACKING_030,M5_ENMPC_ROBUST_TRACKING_030,MU_SEATTLE_WA_02,P_DIST_FIXED,acceleration_p95_mps2,lower,1.2049017548335577,1.2247783942181645,-0.01987663938460682,-1.6228763895933227,1
controller_comparison,M6_GP_ENHANCED_ENMPC_ROBUST_TRACKING_030_MINUS_M5_ENMPC_ROBUST_TRACKING_030,M6_GP_ENHANCED_ENMPC_ROBUST_TRACKING_030,M5_ENMPC_ROBUST_TRACKING_030,MU_SEATTLE_WA_02,P_DIST_FIXED,acceleration_max_mps2,lower,1.817371717195426,1.7112569497732328,0.10611476742219317,6.200983869561784,0
controller_comparison,M6_GP_ENHANCED_ENMPC_ROBUST_TRACKING_030_MINUS_M5_ENMPC_ROBUST_TRACKING_030,M6_GP_ENHANCED_ENMPC_ROBUST_TRACKING_030,M5_ENMPC_ROBUST_TRACKING_030,MU_SEATTLE_WA_02,P_DIST_FIXED,jerk_p95_mps3,lower,0.7568764793380227,0.6281040090287368,0.12877247030928596,20.501774938264152,0
controller_comparison,M6_GP_ENHANCED_ENMPC_ROBUST_TRACKING_030_MINUS_M5_ENMPC_ROBUST_TRACKING_030,M6_GP_ENHANCED_ENMPC_ROBUST_TRACKING_030,M5_ENMPC_ROBUST_TRACKING_030,MU_SEATTLE_WA_02,P_DIST_FIXED,jerk_max_mps3,lower,6.439206475791178,3.4928851833361065,2.946321292455072,84.35207966501197,0
controller_comparison,M6_GP_ENHANCED_ENMPC_ROBUST_TRACKING_030_MINUS_M5_ENMPC_ROBUST_TRACKING_030,M6_GP_ENHANCED_ENMPC_ROBUST_TRACKING_030,M5_ENMPC_ROBUST_TRACKING_030,MU_SEATTLE_WA_02,P_DIST_FIXED,robust_compensation_p95_mps2,lower,0.3550533350750655,0.3877678145419895,-0.03271447946692402,-8.436615479694881,1
controller_comparison,M6_GP_ENHANCED_ENMPC_ROBUST_TRACKING_030_MINUS_M5_ENMPC_ROBUST_TRACKING_030,M6_GP_ENHANCED_ENMPC_ROBUST_TRACKING_030,M5_ENMPC_ROBUST_TRACKING_030,MU_SEATTLE_WA_02,P_DIST_FIXED,rotor_command_total_variation_n,lower,4332.196959172315,2937.956885892801,1394.2400732795136,47.45611074057082,0
controller_comparison,M6_GP_ENHANCED_ENMPC_ROBUST_TRACKING_030_MINUS_M5_ENMPC_ROBUST_TRACKING_030,M6_GP_ENHANCED_ENMPC_ROBUST_TRACKING_030,M5_ENMPC_ROBUST_TRACKING_030,MU_SEATTLE_WA_02,P_DIST_FIXED,minimum_per_rotor_margin_n,higher,5.302170951396313,8.531344844088448,-3.2291738926921347,-37.85070175576947,0
controller_comparison,M6_GP_ENHANCED_ENMPC_ROBUST_TRACKING_030_MINUS_M5_ENMPC_ROBUST_TRACKING_030,M6_GP_ENHANCED_ENMPC_ROBUST_TRACKING_030,M5_ENMPC_ROBUST_TRACKING_030,MU_SEATTLE_WA_02,P_DIST_FIXED,solver_deadline_miss_count,lower,0.0,0.0,0.0,,0
controller_comparison,M6_GP_ENHANCED_ENMPC_ROBUST_TRACKING_030_MINUS_M5_ENMPC_ROBUST_TRACKING_030,M6_GP_ENHANCED_ENMPC_ROBUST_TRACKING_030,M5_ENMPC_ROBUST_TRACKING_030,MU_SEATTLE_WA_02,P_ENERGY_WIND_PAYLOAD,service_corrected_mission_time_s,lower,716.3979999995653,708.6179999995685,7.7799999999967895,1.0979117098354159,0
controller_comparison,M6_GP_ENHANCED_ENMPC_ROBUST_TRACKING_030_MINUS_M5_ENMPC_ROBUST_TRACKING_030,M6_GP_ENHANCED_ENMPC_ROBUST_TRACKING_030,M5_ENMPC_ROBUST_TRACKING_030,MU_SEATTLE_WA_02,P_ENERGY_WIND_PAYLOAD,service_corrected_modeled_energy_j,lower,858139.1922346294,848510.5006017942,9628.691632835194,1.1347757777901604,0
controller_comparison,M6_GP_ENHANCED_ENMPC_ROBUST_TRACKING_030_MINUS_M5_ENMPC_ROBUST_TRACKING_030,M6_GP_ENHANCED_ENMPC_ROBUST_TRACKING_030,M5_ENMPC_ROBUST_TRACKING_030,MU_SEATTLE_WA_02,P_ENERGY_WIND_PAYLOAD,flight_time_s,lower,604.4299999995653,596.6499999995685,7.7799999999967895,1.3039470376271542,0
controller_comparison,M6_GP_ENHANCED_ENMPC_ROBUST_TRACKING_030_MINUS_M5_ENMPC_ROBUST_TRACKING_030,M6_GP_ENHANCED_ENMPC_ROBUST_TRACKING_030,M5_ENMPC_ROBUST_TRACKING_030,MU_SEATTLE_WA_02,P_ENERGY_WIND_PAYLOAD,service_time_s,lower,111.968,111.968,0.0,0.0,0
controller_comparison,M6_GP_ENHANCED_ENMPC_ROBUST_TRACKING_030_MINUS_M5_ENMPC_ROBUST_TRACKING_030,M6_GP_ENHANCED_ENMPC_ROBUST_TRACKING_030,M5_ENMPC_ROBUST_TRACKING_030,MU_SEATTLE_WA_02,P_ENERGY_WIND_PAYLOAD,flight_controller_sensitive_energy_j,lower,750506.7874735153,740878.0958406801,9628.691632835194,1.299632380399834,0
controller_comparison,M6_GP_ENHANCED_ENMPC_ROBUST_TRACKING_030_MINUS_M5_ENMPC_ROBUST_TRACKING_030,M6_GP_ENHANCED_ENMPC_ROBUST_TRACKING_030,M5_ENMPC_ROBUST_TRACKING_030,MU_SEATTLE_WA_02,P_ENERGY_WIND_PAYLOAD,service_energy_j,lower,107632.40476111413,107632.40476111413,0.0,0.0,0
controller_comparison,M6_GP_ENHANCED_ENMPC_ROBUST_TRACKING_030_MINUS_M5_ENMPC_ROBUST_TRACKING_030,M6_GP_ENHANCED_ENMPC_ROBUST_TRACKING_030,M5_ENMPC_ROBUST_TRACKING_030,MU_SEATTLE_WA_02,P_ENERGY_WIND_PAYLOAD,position_rms_m,lower,0.14427695169036833,0.19257219849487817,-0.048295246804509834,-25.07903382834067,1
controller_comparison,M6_GP_ENHANCED_ENMPC_ROBUST_TRACKING_030_MINUS_M5_ENMPC_ROBUST_TRACKING_030,M6_GP_ENHANCED_ENMPC_ROBUST_TRACKING_030,M5_ENMPC_ROBUST_TRACKING_030,MU_SEATTLE_WA_02,P_ENERGY_WIND_PAYLOAD,position_p95_m,lower,0.24900838760057306,0.34196049708780163,-0.09295210948722857,-27.18211906896434,1
controller_comparison,M6_GP_ENHANCED_ENMPC_ROBUST_TRACKING_030_MINUS_M5_ENMPC_ROBUST_TRACKING_030,M6_GP_ENHANCED_ENMPC_ROBUST_TRACKING_030,M5_ENMPC_ROBUST_TRACKING_030,MU_SEATTLE_WA_02,P_ENERGY_WIND_PAYLOAD,position_max_m,lower,0.3590578062798806,0.4802537873824362,-0.12119598110255558,-25.235819953262478,1
controller_comparison,M6_GP_ENHANCED_ENMPC_ROBUST_TRACKING_030_MINUS_M5_ENMPC_ROBUST_TRACKING_030,M6_GP_ENHANCED_ENMPC_ROBUST_TRACKING_030,M5_ENMPC_ROBUST_TRACKING_030,MU_SEATTLE_WA_02,P_ENERGY_WIND_PAYLOAD,vertical_p95_error_m,lower,0.034511983096301435,0.02063100496056336,0.013880978135738076,67.28212300986736,0
controller_comparison,M6_GP_ENHANCED_ENMPC_ROBUST_TRACKING_030_MINUS_M5_ENMPC_ROBUST_TRACKING_030,M6_GP_ENHANCED_ENMPC_ROBUST_TRACKING_030,M5_ENMPC_ROBUST_TRACKING_030,MU_SEATTLE_WA_02,P_ENERGY_WIND_PAYLOAD,attitude_p95_rad,lower,0.020993663061681756,0.020102895550756707,0.0008907675109250494,4.431040835266736,0
controller_comparison,M6_GP_ENHANCED_ENMPC_ROBUST_TRACKING_030_MINUS_M5_ENMPC_ROBUST_TRACKING_030,M6_GP_ENHANCED_ENMPC_ROBUST_TRACKING_030,M5_ENMPC_ROBUST_TRACKING_030,MU_SEATTLE_WA_02,P_ENERGY_WIND_PAYLOAD,acceleration_p95_mps2,lower,1.1232603621486381,1.1502552131071286,-0.026994850958490524,-2.3468575191735614,1
controller_comparison,M6_GP_ENHANCED_ENMPC_ROBUST_TRACKING_030_MINUS_M5_ENMPC_ROBUST_TRACKING_030,M6_GP_ENHANCED_ENMPC_ROBUST_TRACKING_030,M5_ENMPC_ROBUST_TRACKING_030,MU_SEATTLE_WA_02,P_ENERGY_WIND_PAYLOAD,acceleration_max_mps2,lower,1.7972773639740085,1.7112569497732328,0.08602041420077566,5.0267386328029025,0
controller_comparison,M6_GP_ENHANCED_ENMPC_ROBUST_TRACKING_030_MINUS_M5_ENMPC_ROBUST_TRACKING_030,M6_GP_ENHANCED_ENMPC_ROBUST_TRACKING_030,M5_ENMPC_ROBUST_TRACKING_030,MU_SEATTLE_WA_02,P_ENERGY_WIND_PAYLOAD,jerk_p95_mps3,lower,0.6123648108031953,0.5703112336990993,0.04205357710409596,7.373794275685574,0
controller_comparison,M6_GP_ENHANCED_ENMPC_ROBUST_TRACKING_030_MINUS_M5_ENMPC_ROBUST_TRACKING_030,M6_GP_ENHANCED_ENMPC_ROBUST_TRACKING_030,M5_ENMPC_ROBUST_TRACKING_030,MU_SEATTLE_WA_02,P_ENERGY_WIND_PAYLOAD,jerk_max_mps3,lower,4.93423491129846,3.4928851833361065,1.4413497279623533,41.2653051076159,0
controller_comparison,M6_GP_ENHANCED_ENMPC_ROBUST_TRACKING_030_MINUS_M5_ENMPC_ROBUST_TRACKING_030,M6_GP_ENHANCED_ENMPC_ROBUST_TRACKING_030,M5_ENMPC_ROBUST_TRACKING_030,MU_SEATTLE_WA_02,P_ENERGY_WIND_PAYLOAD,robust_compensation_p95_mps2,lower,0.3553057120871946,0.3884766684362677,-0.03317095634907313,-8.538725499936957,1
controller_comparison,M6_GP_ENHANCED_ENMPC_ROBUST_TRACKING_030_MINUS_M5_ENMPC_ROBUST_TRACKING_030,M6_GP_ENHANCED_ENMPC_ROBUST_TRACKING_030,M5_ENMPC_ROBUST_TRACKING_030,MU_SEATTLE_WA_02,P_ENERGY_WIND_PAYLOAD,rotor_command_total_variation_n,lower,3527.439110733483,2634.748577798266,892.6905329352171,33.88143143742376,0
controller_comparison,M6_GP_ENHANCED_ENMPC_ROBUST_TRACKING_030_MINUS_M5_ENMPC_ROBUST_TRACKING_030,M6_GP_ENHANCED_ENMPC_ROBUST_TRACKING_030,M5_ENMPC_ROBUST_TRACKING_030,MU_SEATTLE_WA_02,P_ENERGY_WIND_PAYLOAD,minimum_per_rotor_margin_n,higher,5.302170951396313,8.531344844088448,-3.2291738926921347,-37.85070175576947,0
controller_comparison,M6_GP_ENHANCED_ENMPC_ROBUST_TRACKING_030_MINUS_M5_ENMPC_ROBUST_TRACKING_030,M6_GP_ENHANCED_ENMPC_ROBUST_TRACKING_030,M5_ENMPC_ROBUST_TRACKING_030,MU_SEATTLE_WA_02,P_ENERGY_WIND_PAYLOAD,solver_deadline_miss_count,lower,0.0,0.0,0.0,,0
